5de478fc-c0a2-4520-be03-8c28c380c1fe,CHAUFFEUR,2025-04-08,2027-04-08,Employé,3e2fb31f-1a74-48d0-aa4c-b53bc169c1f5,,CDD,CHAUFFEUR,Institut National de Formation Professionnelle Agricole
c8272020-d026-4b98-a1c1-d0a6904a7ad4,INFORMATICIEN,2025-01-02,2026-01-02,Agent de maitrise,08dc22e0-2091-4b40-86b2-fb990ce7b0aa,,CDD,SPECIALISTE EN BUSINESS INTELLIGENCE,Institut National Polytechnique HOUPHOUET BOIGNY
48e938a3-94fa-4bdb-b7c8-1414a6ec83f2,CHAUFFEUR,2025-07-01,2026-07-01,EMPLOYE,20e920b9-3bd6-4cd4-a958-774d12575d76,,CDD,Inconnu,Inconnu
b266e1da-f864-427b-9154-e9366fc73944,Coordinateur Départemental,2025-04-08,2027-04-08,Employé,3a99845e-d95c-4c2c-a89b-a99d5bc3bd81,,CDD,Coordinateur Départemental,Institut National de Formation Professionnelle Agricole
cee40efa-cc81-45ae-8ef6-3325443c3362,Commissaire enquêteur,2025-04-08,2027-04-08,Employé,c676cdfc-4a40-453b-a579-de91ec569fae,,CDD,Commissaire enquêteur,Institut National de Formation Professionnelle Agricole
7079ead9-67b3-4cd7-a0bd-5cd5b00c0b45,Commissaire enquêteur,2025-04-08,2027-04-08,Employé,881d4899-72fc-43a8-8ed2-1498b9ca4a94,,CDD,Commissaire enquêteur,Institut National de Formation Professionnelle Agricole
172f43e3-0dc0-4749-aa88-75c29426da8a,APVA,2025-05-05,2025-05-31,Employé,3509afcc-4e30-4c5c-8595-da4ae753a273,,CDI Terme Imprécis,Assistant en productions végétales et animales,INCONNU
04c7e827-a080-4f50-a539-09a608f122c5,GESTIONNAIRE RH,2025-05-15,,Cadre,46daf486-7f98-407d-a3c3-10f5913c434c,,CDI,GESTION DES RESSOURCES HUMAINES,HEGES
704e5b37-a7fb-4284-bedb-89e2f0e4c692,CHEF DE PROJET ADJOINT,2025-03-01,,Cadre,ec497bec-925b-4c63-b21c-9f3360e1ae1f,,CDI,GEOMETRE EXPERT STAGIAIRE,ENSEA/ INPHB
e78cb001-dd3c-4fe1-bd50-e9a2fcadd3ee,Responsable Administratif et Financier (RAF),2025-03-21,,Cadre,2198a361-bff8-4e30-863d-466a0b72f1c0,,CDI,GESTION,Institut National Polytechnique HOUPHOUET BOIGNY
3505fcd0-a6ff-4e0b-88cc-e8c834638fee,ADMINISTRATUER SYSTEME D'INFORMATION ET DE DOCUMENTATION FONCIERE,2025-04-01,,Cadre,87e242d4-8f31-41c6-8a35-e0b3b8544765,,CDI,ADMINISTRATEUR DE SYSTEME D'INFORMATION,ESEBAT DAKAR
3a93aa6d-14b1-4c49-9a05-89311c36d245,Responsable régional chargé du SIFOR,2025-07-01,,Cadre,b7243c1a-488f-4ad1-a74d-e6bc8880c1e3,,CDI,GEOGRAPHE,UNIVERSITE FELIX HOUPHOUET BOIGNY
c5af90cd-004f-448f-b37f-035a3a73611a,Responsable Administratif et Financier (RAF),2025-07-01,,Cadre,005440ff-f596-423b-9bca-224f265bb9fd,,CDI,COMPTABLE,Institut National Polytechnique HOUPHOUET BOIGNY
161c2c90-6f89-4992-a898-bab177ddf396,Coordonnateur régional,2025-04-12,2027-04-12,Cadre,b2f5ebe9-d8c5-443f-aa59-94ea896eba60,,CDD Terme Imprécis,SPECIALISTE DES SIG - CARTOGRAPHE -GEOMATICIEN,UNIVERSITE FELIX HOUPHOUET BOIGNY
fe413861-3435-455c-b3c3-2628ae4395dc,SECRETAIRE COMPTABLE,2025-05-12,2027-05-12,Agent de maitrise,ec6fa9bc-938a-4280-9a00-51b11e3b88e5,,CDD Terme Imprécis,COMPTABILITE,ISTCO KOUMASSI
a6f54e93-c7c9-44b5-91f5-64a33fc2b9b2,Coordonnateur régional,2025-04-15,2027-04-15,Cadre,88f9ea3b-07c1-4953-8110-2b1f9f21cee5,,CDD Terme Imprécis,SOCIOLOGIE DU DEVELOPPEMENT RURAL,UNIVERSITE FELIX HOUPHOUET BOIGNY
f29aad17-9766-4d6e-82ba-8a655180e476,SECRETAIRE COMPTABLE,2025-05-05,2027-05-05,Agent de maitrise,d14db348-4c78-4700-9227-79923895ca0c,,CDD Terme Imprécis,COMPTABILITE,GROUPE LOKPO
948845a5-a57c-46c3-b615-457e9b73ddd9,CHEF D'EQUIPE TECHNIQUE DEPARTEMENTALE,2025-05-12,,Agent de maitrise,10c56ffd-84cc-4fe0-8de4-7dcdcfc17fcb,,CDI,GEOMETRE,ESBTP
483adfce-19ac-4218-9762-a96f507addad,CHEF D'EQUIPE TECHNIQUE DEPARTEMENTALE,2025-05-12,,Agent de maitrise,3a9c24fa-6472-416a-8093-bd8255a9b5d2,,CDI,GEOMETRE,ESBTP YAMOUSSOUKRO
a31f4b16-4c3e-43a2-ab4a-898b2fe2df9a,CHEF D'EQUIPE TECHNIQUE DEPARTEMENTALE,2025-04-23,,Agent de maitrise,aecd2a3b-c68a-480c-906f-d89d3c067a19,,CDI,TOPOGRAPHE,ESBTP YAMOUSSOUKRO
0469409b-cbbf-43db-975c-c21813c7ba8a,Coordonnateur régional,2025-05-12,2027-05-12,Cadre,398ef4a1-e639-46aa-aa87-38fe900c57ab,,CDD Terme Imprécis,Expert foncier,Institut National Polytechnique HOUPHOUET BOIGNY
c1e8d24f-02b9-4fd1-bad2-ef7ce9904e81,Coordonnateur régional,2025-05-12,2027-05-12,Cadre,7a47ca80-5c7f-42c6-9488-43068c474a86,,CDD Terme Imprécis,Expert foncier,Université Alassane Ouattara
314f5fb6-eed3-4f6c-b363-c04cfdf39c93,CHEF D'EQUIPE TECHNIQUE DEPARTEMENTALE,2025-04-15,2028-07-15,INGENIEUR,8fe18d44-7daf-4928-a61e-dbc5923187b3,,CDD Terme Imprécis,GEOMETRE TOPOGRAPHE,ESUP JEUNESSE OUAGADOUGOU
61d5623b-d692-413a-8e96-c14707524d49,ASSISTANTE ADMINISTRATIVE ET FINANCIERE,2025-05-12,2027-05-12,Agent de maitrise,81a1e8c2-b457-4312-a89c-c962fb590b0e,,CDD Terme Imprécis,GESTION ADMINITRATIVE ET FINANCIERE,UNIVERSITE FELIX HOUPHOUET BOIGNY DE COCODY
d1225aab-36bc-484e-899a-bb593477b516,CHEF D'EQUIPE TECHNIQUE DEPARTEMENTALE,2025-05-19,2028-08-19,Agent de maitrise,72dd53d6-40f3-4087-afee-ba3e3b8508b1,,CDD Terme Imprécis,GENIE CIVIL OPTION GEOMETRE TOPOGRAPHE,ESBTP ABIDJAN
af537879-2abd-4a4d-bbcb-19ab869f06fa,Responsable ISF (Responsable de l'ingénierie Socio-Foncière),2025-05-12,2025-11-12,Agent de maitrise,1e5e2f27-73a4-4e13-bef4-5137f5095584,,CDD,SOCIOLOGIE,Université Alassane Ouattara
17823634-1acd-4d88-8fa5-a131a03f4d42,CHEF D'EQUIPE TECHNIQUE DEPARTEMENTALE,2025-05-19,2028-08-19,Agent de maitrise,4f76f40f-5c6d-485e-9d84-adf0c80bf42c,,CDD Terme Imprécis,GENIE CIVIL OPTION GEOMETRE TOPOGRAPHE,CEMBTP BONOUA
cf237432-82b8-43d6-b270-cbdfa62d409e,CHEF D'EQUIPE TECHNIQUE DEPARTEMENTALE,2025-05-19,2028-08-19,Agent de maitrise,245ed7ad-c69f-4ba8-9fb3-e7a9bf4c6585,,CDD Terme Imprécis,GENIE CIVIL OPTION GEOMETRE TOPOGRAPHE,ESBTP ABIDJAN
e343ec8b-4760-49fb-a634-8b8e1f07b29e,Chef de Projet,2025-04-01,2028-04-01,Cadre,84050c7f-5316-48eb-a339-c82b3a3ffe15,,CDD,Technicien spécialisé Géomètre Topographe,Institut Spécialisé de Technologie Appliquée Bâtiment et Travaux Publics de Kénitra
ba6f8d42-cfbf-4017-96f4-076198313458,CHAUFFEUR,2025-07-01,2026-07-01,EMPLOYE,eb1834a0-95e0-4172-bb4d-1a9b850a6d7b,,CDD,Inconnu,Inconnu
ae3bea0b-61b7-4d27-898f-f5afb157cc97,CHAUFFEUR,2025-05-19,2028-08-19,Employé,68b4f0ba-f113-4639-bc48-dff61d7b90b5,,CDD Terme Imprécis,CHAUFFEUR,COLLEGE KOFFI AKAN DE DIMBOKRO
47d7ec5b-0cf2-4ffa-8bfb-94d2c320201c,CHAUFFEUR,2025-05-19,2028-08-19,Employé,46847382-e812-4857-a4df-9b0323b52ee9,,CDD Terme Imprécis,CHAUFFEUR,COLLEGE MODERNE TAI
48e3e939-6440-441e-a2d9-d90703e88f3a,Chef de Projet,2025-04-01,2028-04-01,Cadre,bc797db7-b967-4690-ba0e-bd45c733185b,,CDD,Technicien spécialisé Géomètre Topographe,Institut Spécialisé de Technologie Appliquée Bâtiment et Travaux Publics de Kénitra
2af1eab1-4464-4c88-a1e0-c600b53fb91c,Responsable régional chargé du SIFOR,2025-05-01,2028-08-01,Cadre,188f3b39-76dc-4834-80a6-8048dd96a27e,,CDD Terme Imprécis,GEOMETRE TOPOGRAPHE,ESTP
ce52a8ea-d67b-4c35-88ba-bd2324e42e3d,Coordonnateur régional,2025-04-01,2028-04-01,Cadre,b165c661-3d73-4897-9a02-7b98340d08f6,,Consultance/Prestations,Expert foncier,Institut National Polytechnique HOUPHOUET BOIGNY
5ff4d355-355b-4b8f-b0f5-be883a29b9e1,Coordonnateur régional,2020-09-22,,Cadre,81041890-5256-44d5-ac4f-f8e49ce9bbcd,,CDI,Administrateur en foncier rural,Université Alassane Ouattara
a10e1286-1e94-4313-bcf6-fa376d0857f6,RESPONSABLE DEPARTEMENTAL ISF,2025-05-02,2028-08-02,SOUS TRAITANT,b38d89b6-c158-46a7-b310-faf010dce5ce,,Consultance/Prestations,SOCIOLOGUE,UNIVERSITE FELIX HOUPHOUET BOIGNY
bb15827e-a319-404b-af8b-1212340922b9,Responsable régional chargé du SIFOR,2025-05-12,,Cadre,2f7e4757-39fc-4a6d-b041-dc82ef644795,,CDI,Sélectionnez une qualification,Institut National Polytechnique HOUPHOUET BOIGNY
7ec71791-4378-4c08-bb87-c8c5bf72c9bf,CHEF DE PROJET ADJOINT,2025-07-01,,Cadre,042c5821-1c92-42d5-85cb-8aa378090846,,CDI,Expert foncier,ECOLE DE GEOMETRE MAROC
28f61d55-fcfa-4b64-83dd-8250f20c64c0,INGENIERIE SOCIO FONCIERE,2025-07-01,,Agent de maitrise,4cc29626-7923-4465-bc4d-8fa8691a14a8,,CDI,SOCIOLOGUE,Institut National Polytechnique HOUPHOUET BOIGNY
8d0a6c7d-5544-4a0f-8729-b0ca1d036fc4,GEOMETRE TOPOGRAPHE,2025-06-01,,Agent de maitrise,fe642cdc-a235-4151-80bd-6ada2a43b4f3,,CDI,GEOMETRE TOPOGRAPHE,ESBTP YAMOUSSOUKRO
7d234a54-42db-48b6-bdc8-1e20a3dbb206,CHARGE D’ETUDES,2025-03-17,,,3dfd3ca2-57ac-43b2-9ac1-ee6f30d9534b,,CDI Terme Imprécis,Inconnu,Inconnu
5c71b223-6ede-4604-988c-975a64e6f700,CHARGE D’ETUDES,2025-03-17,,,193df321-5011-4bec-93ad-63431f803df7,,CDI Terme Imprécis,Inconnu,Inconnu
8ba6d3a4-de84-424f-b63b-1668948916a7,REPRESENTANT DEPARTEMENTAL,2024-07-01,,Agent de maitrise,e17ff752-1983-4006-9b30-91413fb63a42,,CDI,Inconnu,Inconnu
c27092c4-a6c6-4d77-82ba-3023a5266c92,ASSISTANT  SPM,2025-03-17,,,040bbd53-4ad3-41f8-9396-13b75514a248,,CDI Terme Imprécis,Inconnu,Inconnu
776d8b25-0d75-453c-a917-d22c50ccfaf0,REPRESENTANT REGIONAL AFOR,2024-07-01,,Cadre,24a3b096-1171-4bc6-93b3-ab2f1cc0c2d3,,CDI,Inconnu,Inconnu
710e1de2-274c-4ee9-b575-e7a69e23fb88,Agent Topographe,2024-07-01,,Agent de maitrise,bec158f8-be42-4b73-9d11-938a8de4b8d0,,CDI,Inconnu,Inconnu
e1353fee-44f0-4c1a-9140-e4af51372b64,CHAUFFEUR,2025-07-01,2026-07-01,EMPLOYE,bdb77bc6-94b2-4ce9-a80d-403f1633c033,,CDD,Inconnu,Inconnu
ff78a259-3c74-4401-b73f-e58d05f7fdb0,CHAUFFEUR,2025-07-01,2026-07-01,EMPLOYE,518f7c94-f329-4116-874b-499d3ec74bc1,,CDD,Inconnu,Inconnu
a3b32a55-fcdf-440b-9578-9acc937e2b14,Responsable Regoional,2025-03-03,,Cadre,90ef6542-9885-4983-8d9f-a29eb8dceebc,,CDI Terme Imprécis,Inconnu,Inconnu
bd025cb8-3779-44e8-b86b-02dbe32f5d06,Responsable Departemental,2025-03-17,,,f4e8b9a3-c423-4055-918f-9bbe86c52724,,CDI Terme Imprécis,Inconnu,Inconnu
13d4d6f8-62f7-498d-a33a-b71d2b87d46a,Responsable Departemental,2025-03-17,,,dc7a81a8-6182-4064-815e-2183f82ee86e,,CDI Terme Imprécis,Inconnu,Inconnu
5594e514-f8f4-4e1c-9433-8feea58e7697,RESP SERVICE  PASSATION DE MARCHES - SPM,2024-07-01,,Cadre,954589fe-0d62-4d76-b6a2-7a2a17ef2a82,,CDI,Inconnu,Inconnu
e3a10513-d0d5-4073-b8b3-6831f223c0b0,Responsable Regional,2024-07-01,,Cadre,a5ef377e-f9fa-4cc8-93ce-61f258482ad2,,CDI,Inconnu,Inconnu
be67dd0b-7dcd-494a-b29f-3d061ef5f0b9,CHAUFFEUR,2025-07-01,2026-07-01,EMPLOYE,0fbd9940-f770-4abe-84e0-0dcf7f2d46b9,,CDD,Inconnu,Inconnu
34626ac0-5459-4b33-913b-aee96955cfcd,RESPONSABLE RH,2024-07-01,,Cadre,b6e310ac-9ac5-4f6b-880d-6dc490f17185,,CDI,Inconnu,Inconnu
4be1cf46-d064-4d15-a7b9-4e01ecca4ec4,Responsable Regional,2024-07-01,,Cadre,9100a5de-0440-4dad-8c2f-09e83e6633db,,CDI,Inconnu,Inconnu
61d2383a-c721-4576-b239-cc44a7f0ba7f,Responsable Departemental,2024-07-01,,Cadre,dd0397f5-4ea6-4aa9-9826-194a7bc800a6,,CDI,Inconnu,Inconnu
cd0055f7-6fda-44b5-8d23-546db0706324,Responsable Regional,2024-07-01,,Cadre,4f9cffe0-8ce2-4c9f-b99c-49aea7015857,,CDI,Inconnu,Inconnu
0d7c78a7-71a5-4a45-977f-e0ad764795e0,Assistante du chef de service sécurisation du patrimoine foncier de l' État,2024-07-01,,Cadre,cf826f4a-32c8-4063-a2f2-6dec80fb6036,,CDI,Inconnu,Inconnu
1b8cb25d-5f95-4888-bb08-64facd273d89,Responsable Regional,2024-07-01,,Cadre,294e4409-af63-4eb3-aa37-53200d6cc6c8,,CDI,Inconnu,Inconnu
52f677cb-8b84-408c-b32a-6415db4e0f91,Responsable Departemental,2025-03-17,,,68b5b7c2-4baf-477a-97ea-f13f14706434,,CDI Terme Imprécis,Inconnu,Inconnu
b5931b01-7903-4dd7-b9ba-7715a22cdba8,Gestionnaire du Bureau Foncier Sous-Préfectoral,2024-07-01,2026-07-01,Employé,7cb08909-573d-4389-8b1c-a00c03a03e28,,CDD,Inconnu,Inconnu
8703d5ca-fb3c-40a2-a9e6-0b40abc469f1,Responsable Departemental,2025-03-17,,,71838beb-d0b9-4f98-b580-b252feeab181,,CDI Terme Imprécis,Inconnu,Inconnu
be7252b6-c46d-4e2e-86a2-b8d006f9cab4,CHAUFFEUR,2025-07-01,2026-07-01,EMPLOYE,90eb3546-2221-46ea-8d49-d28dfe46f8a2,,CDD,Inconnu,Inconnu
2b257a2f-dd7c-4997-b659-c2b8e7afbc9d,DIRECTEUR DES OPERATIONS TECHNIQUES,2024-07-01,,Cadre,4cf92fb4-689a-4aed-9cd4-a2dfa05a35ef,,CDI,Inconnu,Inconnu
2c5e106d-041c-4b33-8c7e-5c8cd733e0ce,CHAUFFEUR,2025-07-01,2026-07-01,EMPLOYE,56be9abb-39b0-48b3-b5d9-ff17f58e5c0d,,CDD,Inconnu,Inconnu
2a7bc44d-3c2a-462f-a547-5d8db7731509,CHAUFFEUR,2025-07-01,2026-07-01,EMPLOYE,fbbcfc85-4dc8-4f52-82d2-3a1645800dc8,,CDD,Inconnu,Inconnu
3c8c2386-0c9b-45fc-8425-3047474cfc5b,RESPONSABLE  Audits et Contrôle Interne,2024-07-01,,Cadre,c13494fa-90b4-43e4-a5f3-1a33fbf5e5ed,,CDI,Inconnu,Inconnu
ca175eda-dab9-4945-b0f1-d4a1453764dd,SPECIALISTE SAUVEGARDE SOCIALE,2024-07-01,,Cadre,c820a73a-367d-4c24-b80c-dd135e2f6abd,,CDI,Inconnu,Inconnu
f23bbfe9-866a-455d-ba5f-47b05a8f881d,Responsable Regional,2025-03-03,2026-03-03,Cadre,ecb3440e-63ff-4cfb-8893-bf8b3df36373,,CDD,Inconnu,Inconnu
326c19e2-03cc-4dce-a6d9-a933ed03be72,Responsable Regional,2025-03-03,2026-03-03,Cadre,b29787de-d5b3-4d83-adb0-185ad0621569,,CDD,Inconnu,Inconnu
ecb26ffb-a2e9-4314-9709-ef8de0e22e45,Responsable Regional,2025-03-03,2026-03-03,Cadre,2d6313a0-b28f-46f6-b540-6f2f5b962727,,CDD,Inconnu,Inconnu
f6c021c9-193f-45bb-8b60-74889f0ba8a8,Responsable Regional,2025-03-03,2026-03-03,Cadre,56bcc769-6ba0-4b50-b5f1-84e66ad91d6b,,CDD,Inconnu,Inconnu
fc14fc17-5d13-4e18-9164-92c8638d0169,Responsable Regional,2025-03-03,2026-03-03,Cadre,581649ac-116c-46ab-83c5-4b11992b73f1,,CDD,Inconnu,Inconnu
89cb27ca-e12b-40b0-a546-df3154836b46,Responsable Departemental,2025-03-17,,,f7260b0b-5f11-4775-9006-4f110dad322e,,CDI Terme Imprécis,Inconnu,Inconnu
3c18d4ca-e52e-4eda-85f2-5196c0e65cac,Responsable Departemental,2025-03-17,,,62be58fe-56b3-4181-8223-863f7b1ab8f9,,CDI Terme Imprécis,Inconnu,Inconnu
99b4adf6-3d70-4c9e-aa52-b09047a25e13,CHAUFFEUR,2025-07-01,2026-07-01,EMPLOYE,950ae5ec-fddb-4f30-8902-5d20bd064411,,CDD,Inconnu,Inconnu
70318d68-7a4f-4148-8234-370a2849bfcc,Chef de Projet,2025-04-01,2028-04-01,Cadre,ae89942f-e496-43a0-99e2-c430cdd74d20,,CDD,Technicien Spécialisé Géomètre Topographe,École Mohammed 6 des bâtiments et travaux publics Settat
af1f5c20-5065-4e25-b731-33acec292b66,Responsable ISF (Responsable de l'ingénierie Socio-Foncière),2025-05-02,2028-08-02,SOUS TRAITANT,7a778be9-ca39-4008-a36f-0aea94c8a06a,,Consultance/Prestations,SOCIOLOGUE,UNIVERSITE FELIX HOUPHOUET BOIGNY
95677243-be8a-4b95-acc1-c937bdf08a82,Responsable ISF (Responsable de l'ingénierie Socio-Foncière),2025-05-02,2028-08-02,SOUS TRAITANT,54979cd2-157f-4850-b248-dfd973191a09,,Consultance/Prestations,SOCIOLOGUE,UNIVERSITE FELIX HOUPHOUET BOIGNY
47a03fa0-a461-41ff-add4-dfeacf73bf60,RESPONSABLE DEPARTEMENTAL ISF,2025-05-02,2028-08-02,SOUS TRAITANT,f80b693b-5182-4a37-830d-294a0a4c0c4e,,Consultance/Prestations,SOCIOLOGUE,Université Alassane Ouattara
3d0474c0-6a2f-4797-8a17-4fe339db9ea1,Responsable Departemental,2024-07-01,,Agent de maitrise,46c886f0-daa3-49f4-98f8-57b54e825abc,,CDI,Inconnu,Inconnu
56b7060a-5fc7-462d-b727-bf3b22eab6e2,Responsable Departemental,2025-03-17,,,e1a1c469-cef3-4cb6-bd6c-9c69ea6c008c,,CDI Terme Imprécis,Inconnu,Inconnu
89715ded-af72-4ea9-836b-f3f407d45a0b,"DIRECTEUR DE LA COMMUNICATION, DE LA SENSIBILISATION, DE LA FORMATION",2025-03-17,,,d0db813f-46e2-4754-94f4-af9ad9166215,,CDI Terme Imprécis,Inconnu,Inconnu
899cb3d8-3a4a-4466-9a06-73d551303ec6,RESPONSABLE DE LA PROGRAMMATION ET DE LA SUPERVISION DES SERVICES DECONCENTRES - DOT,2024-07-01,,Cadre,6992c25e-7784-4eac-b0cd-8bf1bb80c67b,,CDI Terme Imprécis,Inconnu,Inconnu
776d20e5-d6a1-491d-9802-a4dff4899629,AGENT SCVAA DOT,2024-07-01,,Cadre,14fe9502-632f-4a62-bb79-a7ef16a5c9dd,,CDI Terme Imprécis,Inconnu,Inconnu
3abc7d99-5da2-4753-9631-013f27bfb745,CHEF DE PROJET,2025-07-01,,Cadre,fbfe1c0c-f963-498a-89ce-2184c8f7936e,,CDI,Expert foncier,Institut National Polytechnique HOUPHOUET BOIGNY
cad94308-f14b-419d-9437-a8c8ca315abe,Chef des équipes techniques départemental,2025-04-08,2027-04-08,Agent de maitrise,ee25f208-b4fc-4f27-ae57-bebf1e1669c0,,CDD Terme Imprécis,Assistant en productions végétales et animales,Institut National de Formation Professionnelle Agricole
21966a5e-4ba8-4f7d-bb84-77aa07f9149f,Chef des équipes techniques départemental,2025-01-01,2027-01-01,Agent de maitrise,5be8156d-4327-4258-b0c8-678f56f087f3,,CDD,Administrateur en foncier rural,Institut National de Formation Professionnelle Agricole
8fd79955-65f5-4443-9e2d-5aed3f582704,Responsable Departemental,2024-07-01,,Cadre,178f4636-d9ce-4b60-a367-b42d18609a8a,,CDI Terme Imprécis,Inconnu,Inconnu
8a6ff005-67f1-4faf-bf20-cb1444ec95da,Gestionnaire du Bureau Foncier Sous-Préfectoral,2024-07-01,2026-01-01,Employé,bb1c50d3-5b86-49f5-a848-870d8b430df1,,CDD,Inconnu,Inconnu
5dcb3438-6bfb-41df-905f-617f4ed91023,REPRESENTANT DEPARTEMENTAL AFOR,2025-03-17,,Agent de maitrise,8a8f9074-1a2f-45cf-b166-154389d7b8a9,,CDI,Inconnu,Inconnu
8997e980-5927-4bad-8b63-816a072400cc,Responsable Departemental,2024-07-01,,Cadre,21e857c4-292e-4f62-b66c-f621f0cc0fce,,CDI Terme Imprécis,Inconnu,Inconnu
0a4e16c4-4a96-40f0-b7bf-25ca6454aa8d,Responsable Departemental,2024-07-01,,Cadre,7df39b38-c1be-4c8b-9bc3-7f575acdd998,,CDI Terme Imprécis,Inconnu,Inconnu
4ed53628-5ba1-43ea-a42a-4e67d09f0369,Responsable Regional,2024-07-01,,Cadre,a33e2893-c404-43d3-b9ab-a27afc00e912,,CDI,Inconnu,Inconnu
6498d11d-8343-443c-9ca3-123c25bffbae,DIRECTEUR ADMINISTRATIF & FIN (DAF),2024-07-01,,Cadre,d100daa7-cfc0-4f58-a8d0-5aa1ef8bb61d,,CDI,Inconnu,Inconnu
e38d26e1-adc5-4704-bfdf-87ec2a5191dd,"RESP, AFFAIRES JURIDIQUES & CONTENTIEUX",2024-07-01,,Cadre,8d2fac09-6a3a-4694-b275-395334ef10fa,,CDI,Inconnu,Inconnu
535b42a0-bc51-4916-8c38-bfb4693086b7,ASSISTANTE SPM,2025-03-03,2026-03-03,Cadre,a55d0f57-7278-47d0-acd4-08d543aa309e,,CDD,Inconnu,Inconnu
f3235985-9d29-4f07-b38a-4c9c9fee8d2e,DIRECTEUR GENERAL,2025-03-17,,,2009b5a7-7fc1-40b9-b865-9e922fa447f0,,CDI Terme Imprécis,Inconnu,Inconnu
7d559fd1-b218-4cfb-b17f-61245716e74b,DIRECTEUR GENERAL ADJOINT,2025-03-17,,,28c940c2-4e32-437d-9384-fe7443a75510,,CDI Terme Imprécis,Inconnu,Inconnu
09c0f2d4-1b60-49ea-b3cc-6b20ba064dde,Chauffeur,2024-07-01,,Employé,b6fd5cb4-8490-48a5-83d2-577fd88801da,,CDI,Inconnu,Inconnu
a4c03aed-460f-46c5-89bd-37018e01da05,INCONNU,2025-05-02,2029-12-02,Employé,27930d00-d2b6-40c6-89ca-fe45ffaa3f28,,CDD Terme Imprécis,Inconnu,Inconnu
3c968e6a-11a1-4e1e-845e-0646d27268e6,Gestionnaire de bureau foncier rural,2024-07-01,,Employé,d513e7df-a056-40ea-bc74-f63840187d27,,CDI,Inconnu,Inconnu
8f1d8a16-87a1-4884-b363-9333f7e760e1,GEOGRAPHE /CARTOGRAPHE,2024-07-01,,Agent de maitrise,1d0e03ef-a29b-487a-8d2f-5c6c4ecc94de,,CDI,Inconnu,Inconnu
88604386-bbd6-4d2b-b0f0-60045e332fa3,GESTIONNAIRE DE BUREAU FONCIER SOUS PREFECTORAL,2024-07-01,,Employé,937df5f7-0361-4f82-a8bf-ee9206d9e26c,,CDI,Inconnu,Inconnu
3ea32e1b-d14d-4190-84ea-cae53ea4de6d,Chauffeur,2024-07-01,,Employé,e8c71da0-b157-4f55-87bf-47752c37d192,,CDI,Inconnu,Inconnu
260fcb8b-68e4-4b4b-aa69-5b9faa6b0db4,CHAUFFEUR,2025-07-01,2026-06-30,Employé,35af1dd1-869d-4c03-9853-d0aec81e41b6,,CDD,CHAUFFEUR,INCONNU
56a35fb7-e283-43f6-859f-ef95fbbdab18,ANIMATEUR SOCIO FONCIER,2025-06-03,2027-06-03,Employé,cf65c44f-3d9f-4813-9dc9-c79fff06c27d,,Consultance/Prestations,SOCIOLOGIE DU DEVELOPPEMENT RURAL,UNIVERSITE JEAN LOROUGNON GUEDE
651e5692-bd77-4df4-84fe-04335bd5f5c0,ANIMATEUR SOCIO FONCIER,2025-06-03,2027-06-03,Employé,620fa989-1a8b-41c2-929f-e72fe6e93489,,Consultance/Prestations,SOCIOLOGUE,Institut National Polytechnique HOUPHOUET BOIGNY
bc1097a9-25e8-468a-9049-601ec73f5681,ANIMATEUR SOCIO FONCIER,2025-06-03,2027-06-03,Employé,1cbd9768-feed-4353-afb0-5b04dae43d89,,Consultance/Prestations,SOCIOLOGUE,Université Alassane Ouattara
8d46e329-ad4d-4a74-aefc-d428308661f5,ANIMATEUR SOCIO FONCIER,2025-06-03,2027-06-03,Employé,52df153c-a5e4-4a93-a17e-b8b92b1d74ac,,Consultance/Prestations,SOCIOLOGUE,UNIVERSITE PELEFORO GBON COULIBALY
8816bc9f-1159-48c5-a096-200d266f18b0,Point Focal,2025-06-01,2025-12-01,Agent de maitrise,9ebeefcf-4275-4b8c-a4c5-a9b33316a40b,,Consultance/Prestations,Point Focal,Collège Pédagogue de Yamoussoukro
513830eb-8994-4401-87f4-cb62f211174b,Point Focal,2025-05-01,2025-11-01,Agent d'Appui,fd58271b-95ba-457a-bbf4-cdcff9f00484,,Consultance/Prestations,Point Focal,Sélectionnez une école
c48b5848-dbcc-4d78-ab95-c05af4c7e317,Point Focal,2025-06-01,2025-12-01,Agent d'Appui,ba5a76bd-8ad2-422d-9e92-dfd9eb4654a3,,Consultance/Prestations,Point Focal,Sélectionnez une école
b21c7d8a-84fb-4024-9118-8e9fff601eea,STAGIAIRE AGENT DE COLLECTE,2025-07-14,2025-09-14,STAGIAIRE,d410817e-2c69-4787-bc67-054c5c1f51b9,,Stage/Apprentissage,COMPTABLE FINANCIER,GOUPR POLYTECHNIQUE CSI
d8543fa8-744b-49f9-80cf-d52d8c41792b,Responsable ISF (Responsable de l'ingénierie Socio-Foncière),2025-05-02,2028-08-02,SOUS TRAITANT,d50f67ee-ec81-43c0-935a-b6e626634768,,Consultance/Prestations,SOCIOLOGUE,UNIVERSITE FELIX HOUPHOUET BOIGNY
cacb1621-e505-4a14-8d56-05915b40a9d7,RESPONSABLE DEPARTEMENTAL ISF,2025-05-02,2028-08-02,SOUS TRAITANT,b6c8f164-d04b-4831-a562-d944c7fd4c5d,,Consultance/Prestations,SOCIOLOGUE,UNIVERSITE FELIX HOUPHOUET BOIGNY
839b9fbb-a7b0-4a1a-ad6e-804b7ee73008,RESPONSABLE DEPARTEMENTAL ISF,2025-05-02,2028-08-02,SOUS TRAITANT,545af832-6565-48eb-bec1-d7c4ed8074dc,,Consultance/Prestations,SOCIOLOGUE,Université Alassane Ouattara
88cd951b-9951-4ea5-a4b3-5297213df648,AGENT SCVAA,2024-07-01,,Cadre,f23e348b-2226-45e4-a688-483dee5da1f3,,CDI,Inconnu,Inconnu
c61a5e42-5b90-45ef-a4fc-44c6200f4f7a,Coordinateur Départemental,2025-04-08,2027-04-08,Employé,c936382e-a049-443d-8c11-5cdc16313a80,,CDD,Coordinateur Départemental,Institut National de Formation Professionnelle Agricole
9e69335f-aafa-4eb3-b751-6acb720defd7,Coordinateur Départemental,2025-04-08,2027-04-08,Employé,cccae628-dbfa-4433-8c72-b47abb49d1ac,,CDD,Coordinateur Départemental,Institut National de Formation Professionnelle Agricole
0e923b08-f96e-4527-a31c-d8e2c3d1e8b9,Commissaire enquêteur,2025-04-08,2027-04-08,Employé,ca5c06f1-15b7-4702-823e-b46744675722,,CDD,Commissaire enquêteur,Institut National de Formation Professionnelle Agricole
eaa36611-d53c-4ab1-84cf-6c11f747a5a1,Commissaire enquêteur,2025-04-08,2027-04-08,Employé,6fd7032d-e5bf-45be-92ce-c802dc4f14e4,,CDD,Commissaire enquêteur,Institut National de Formation Professionnelle Agricole
49237a74-3048-4652-8468-e5254d730288,Commissaire enquêteur,2025-04-08,2027-04-08,Employé,7cfbb346-07bb-4dbd-a1e6-4ead5efea34c,,CDD,Commissaire enquêteur,Institut National de Formation Professionnelle Agricole
cce62fc5-7183-4a77-8c2f-28241bb60613,OPERATEUR GNSS,2025-04-08,2027-04-08,Employé,eb3c146c-cc11-42c6-baba-29a7b6ede787,,CDI Terme Imprécis,OPERATEUR GNSS,Institut National de Formation Professionnelle Agricole
a9d2b7c9-9a15-454d-8a97-93cd817e0fb1,ANIMATEUR SOCIO FONCIER,2025-06-01,2027-06-01,Employé,1e85bc28-648b-4e22-bd3c-5ed9bad1e3bd,,Consultance/Prestations,SOCIOLOGUE,Université Alassane Ouattara
3bbfeaca-cc82-47ce-8c39-b0d46d367585,ANIMATEUR SOCIO FONCIER,2025-06-01,2027-06-01,Employé,a8a7b3ec-6416-4df4-9240-91a103abd42a,,Consultance/Prestations,SOCIOLOGUE,Université Alassane Ouattara
a7e48508-7b65-4733-8eba-be7f8028e1d6,ANIMATEUR SOCIO FONCIER,2025-06-03,2027-06-03,Employé,d96fbe15-a045-4638-9f8b-8afcd4aff237,,Consultance/Prestations,SOCIOLOGUE,Université Alassane Ouattara
0fc14f81-9196-4c39-af94-fd35842e6d93,ANIMATEUR SOCIO FONCIER,2025-06-03,2027-06-03,Employé,163cf088-9825-4433-a91d-8dbbaa47a44e,,Consultance/Prestations,GEOGRAPHE,Université Alassane Ouattara
671287ec-2705-435b-aaf4-6d4730ad1f54,Point Focal,2025-06-01,2025-12-01,Agent de maitrise,a39b9444-62b4-496e-a85b-ca4235787040,,Consultance/Prestations,Point Focal,Sélectionnez une école
96dc5970-b9ca-43fb-bc94-fbcd20a9a795,Point Focal,2025-06-01,2025-12-01,Agent d'Appui,9363adc1-e5a7-47f9-a30a-945983f1f0d2,,Consultance/Prestations,Point Focal,Lycée Moderne Moderne de Danané
be3ed29f-4ccd-4d6a-a1bf-8a437bbcef88,Point Focal,2025-06-01,2025-12-01,Agent d'Appui,20970b14-c121-4ec5-957c-393808941509,,Consultance/Prestations,Point Focal,Aucune
173af767-d52a-4858-b1e9-d66aa98d4c3f,STAGIAIRE AGENT DE COLLECTE,2025-07-14,2025-09-14,STAGIAIRE,2946e9d1-d44c-4d90-8bac-ff78134a4e9e,,Stage/Apprentissage,SOCIOLOGUE,Université Alassane Ouattara
a8d828e4-5a27-49e1-9141-71c766758655,STAGIAIRE AGENT DE COLLECTE,2025-07-14,2025-09-14,STAGIAIRE,b29dc41c-5a48-4549-8092-4186a4871305,,Stage/Apprentissage,SOCIOLOGUE,Université Alassane Ouattara
a26391fb-7fc1-4cb6-b4cd-c965bd3b96c2,Point Focal,2025-06-01,2025-12-01,Agent d'Appui,1f8c5eb7-7d34-4bed-9b31-fc06ae861bac,,Consultance/Prestations,Point Focal,COLLEGE SINGA YOPOUGON
5d1e0c14-1b7c-461e-9ffd-0aa11907226e,Point Focal,2025-06-01,2025-12-01,Agent d'Appui,e7362ab4-343c-48ae-845a-b3e3fb85bb42,,Consultance/Prestations,Point Focal,Aucune
fdaa0aaa-bc2a-4668-a710-2a43c9e0bb10,Point Focal,2025-06-01,2025-12-01,Agent d'Appui,f4b79c0e-4a0d-4643-a39a-aaceea742d09,,Consultance/Prestations,Point Focal,COLLEGE LEON GUEFFIE SOUBRE
fea76af8-cf61-41ad-8f93-2cfc3ed86dcb,Point Focal,2025-06-01,2025-12-01,Agent d'Appui,e6c57c34-1871-47df-bf45-eb466dad2f06,,Consultance/Prestations,Point Focal,aucune
6b9e2e21-55c0-4b73-8b4d-5d99dce05f3c,ANIMATEUR RURAL- COMMISSAIRE ENQUETEUR,2025-06-16,2025-12-16,Employé,83e4419b-8e54-440a-9fe0-f349dd7f6849,,CDD,Commissaire enquêteur,UNIVERSITE PROFESSIONNELLE
72431103-1bf9-4137-8e9d-67ec219a5bc3,ANIMATEUR RURAL- COMMISSAIRE ENQUETEUR,2025-07-01,2026-01-01,Employé,21c50b69-e6a1-410d-89ec-2b8128743013,,CDD,Commissaire enquêteur,UNIVERSITE PROFESSIONNELLE GROUPE LOKO
e3121541-b191-43ee-a68c-82ecac4c6828,ANIMATEUR RURAL- COMMISSAIRE ENQUETEUR,2025-07-01,2026-01-01,Employé,e18fa68b-a51f-431a-89ea-ce9ea89b3b49,,CDD,Commissaire enquêteur,L'EF AP DE BOUAFLE
f7cfa687-7264-45e9-8ed5-29e80cc6e479,CD-AR-CE,2025-05-12,2025-11-12,Employé,a0239f5d-c902-4632-8655-7a5f9dd2429e,,CDD,CD-AR-CE,Institut National de Formation Professionnelle Agricole
5cfe0f4a-e18b-494e-a35c-20bc0c4d684e,ANIMATEUR RURAL- COMMISSAIRE ENQUETEUR,2025-05-12,2025-11-12,Employé,f2dcf484-d00b-4fcc-a28b-a3ee62acc848,,CDD,Commissaire enquêteur,ESSECT-poincaré Bouaké
8c9f7a40-8b59-4cc9-ae23-cfce36d8a175,ANIMATEUR RURAL- CE-SOCIOLOGUE,2025-05-12,2025-11-12,Employé,d6e053e2-bf4d-4bed-9e28-3a1f37ef5570,,CDD,Commissaire enquêteur,Université Alassane Ouattara
b9ab58bd-b366-4c8e-b213-ce02289a49ee,ANIMATEUR RURAL- COMMISSAIRE ENQUETEUR,2025-06-16,2025-12-16,Employé,03750d09-4420-4b0b-b02d-b87b1d7261a0,,CDD,Commissaire enquêteur,GROUPE LOKO D'ABIDJAN
ff29e881-e19d-441c-b16d-583af16e52d7,ANIMATEUR RURAL- COMMISSAIRE ENQUETEUR,2025-06-09,2025-12-09,Employé,6404f240-6605-46c2-8d42-9d6ce3ce80c8,,CDD,Commissaire enquêteur,Institut National de Formation Professionnelle Agricole
8ab2e3db-eb48-4412-9c13-5f7785ae95b0,ANIMATEUR RURAL- COMMISSAIRE ENQUETEUR,2025-06-16,2025-12-16,Employé,bff3c2f8-0fab-41c5-8834-5657a4c66a6d,,CDD,Commissaire enquêteur,COURS SECONDAIRE MILLIA DE MEAGUI
f806a88e-172b-4389-b5b0-1e9d276916b5,ANIMATEUR RURAL- COMMISSAIRE ENQUETEUR,2025-06-18,2025-12-18,Employé,70925688-c517-46ef-b5ea-7945da863f33,,CDD,Commissaire enquêteur,ESCA ABENGOUROU
ee4a5c8e-97cf-4ee4-b8ba-53316e3c8ba2,COMMISSAIRE ENQUETEUR,2025-08-02,2026-02-02,Employé,d97c022f-9ecd-4e5c-9fce-80c0353fc039,,CDD,Commissaire enquêteur,UNIVERSITE FELIX HOUPHOUËT BOIGNY COCODY D'ABIDJAN
827026b4-12b8-4c3f-a961-dfaed96ea8b7,TECHNICIENNE TOPO,2025-09-15,2029-09-15,Agent de maitrise,ccb3d138-ca1c-4423-a074-4a192bc02816,,CDD Terme Imprécis,TECHNICIENNE TOPO,ESBTP ABIDJAN
18fcf33c-abe1-47e1-8259-c88b9c45ad38,Responsable ISF (Responsable de l'ingénierie Socio-Foncière),2025-05-02,2028-08-02,SOUS TRAITANT,d9161541-b4ae-45f4-b5f5-f9d79f770fd6,,Consultance/Prestations,SOCIOLOGUE,Université Alassane Ouattara
1d60f9fc-5834-45d3-b5fc-7f65135f8b33,Responsable ISF (Responsable de l'ingénierie Socio-Foncière),2025-05-02,2028-08-02,SOUS TRAITANT,a6126a16-634e-49fc-91d2-9457cdb96e53,,Consultance/Prestations,SOCIOLOGUE,Université Alassane Ouattara
be059498-9248-47ef-9c6d-150d7b14a2c1,Coordonnateur régional,1991-02-01,,Agent de maitrise,a2a54aea-5765-47c7-96cc-945a57254e6b,,CDI,Technicien topographe,OFPPT
eacfe697-48ab-4d53-9116-3070eb6be34a,COMMISSAIRE ENQUETEUR,2025-06-01,,Agent de maitrise,8de66bb6-f235-42d8-9c15-e4e8fa52f986,,CDI,Commissaire enquêteur,EST LOKO
04e7ea7a-4466-4167-ad16-f627926c4d62,REPRESENTANT REGIONAL,2025-03-03,,Employé,91c9595a-b394-42dd-b46e-355238675a04,,CDI Terme Imprécis,Inconnu,Inconnu
fedbc2e3-17ee-4bb0-a632-0501dadd97b8,COMMISSAIRE ENQUETEUR,2025-06-01,,Agent de maitrise,d537aa16-d0b4-4325-8ad8-0115eafb0163,,CDI,Commissaire enquêteur,Institut National de Formation Professionnelle Agricole
d5929b10-c3fe-4973-8599-b7629d5e8dad,Coordonnateur régional,2025-04-08,,Cadre,9963a093-0ef3-4ca9-ae0c-48c08ef00ba7,,CDI,Administrateur en foncier rural,Université Felix Houphouët Boigny
a6b80d9b-6fcc-40e8-9d68-ceaa3a784223,Responsable ISF (Responsable de l'ingénierie Socio-Foncière),2025-07-01,,Agent de maitrise,ec534059-a342-46da-a25b-33e4f35530f6,,CDI,RESPONSABLE ISF,Université Alassane Ouattara
bfbe5ecd-170b-4070-87b5-c6a4324cbf35,ASSISTANT RAF,2025-07-01,,Agent de maitrise,69e3ca14-7102-4673-ac8d-3cd0848ae312,,CDI,COMPTABLE,GRANDE ECOLE YAMOUSSOUKRO
68b26e00-dfad-468e-897c-4b2f09f5b64f,COMMISSAIRE ENQUETEUR,2025-07-01,,Employé,fecaa3b6-84fa-42e8-ae97-7045546e37f8,,CDI,COMMISSAIRE ENQUETEUR,COLLEGE CHARLES DE GAULLE BOUAKE
a96d4000-bfaf-4436-b874-766eb866e48d,GEOMETRE TOPOGRAPHE,2025-07-01,,Agent de maitrise,5735e8a6-475b-4bc8-a93f-4cf26a06ae66,,CDI,GEOMETRE TOPOGRAPHE,ESBTP YAMOUSSOUKRO
4d3c462b-5eb2-4666-8163-22d0d56e378c,RESPONSABLE SIFOR,2025-06-01,,Agent de maitrise,0ffcf3fa-6733-4f80-bc4a-e9bdef8e9347,,CDI,GEOMETRE TOPOGRAPHE,ESBTP YAMOUSSOUKRO
0a65b497-7a0f-4b1b-8c9c-83ebcd7259ac,GEOMETRE TOPOGRAPHE,2025-06-01,,Agent de maitrise,aab8a876-c240-4b9e-b17d-950a4acbe7cd,,CDI,Commissaire enquêteur,Sélectionnez une école
c893cb77-dae2-4bd5-bd76-670d39d9c49f,COMMISSAIRE ENQUETEUR,2025-06-01,,Agent de maitrise,27b0da41-a7c6-4762-b6f7-0d7827fe0d85,,CDI,GEOMETRE TOPOGRAPHE,Sélectionnez une école
593ed7a5-6ec7-46ee-a806-b763cdda1a2b,COMMISSAIRE ENQUETEUR,2025-07-01,,Agent de maitrise,50fb22c6-60bb-4541-889f-369cebb1b4f6,,CDI,Commissaire enquêteur,Université Alassane Ouattara
d066c300-0c17-43cc-9172-2e742b9e5267,COMMISSAIRE ENQUETEUR,2025-07-01,,Agent de maitrise,39601c6f-47f4-4425-b59a-7259af4a2fbf,,CDI,Commissaire enquêteur,Institut National de Formation Professionnelle Agricole
c2417530-47b9-4bee-bcc7-b56e19d07fa4,CHEF DE PROJET,2025-04-01,,Cadre,01c1007c-bf29-419a-a228-6ea6b9783c5b,,CDI,Expert foncier,ECOLE NATIONALE D'INGENIEURS DE BAMAKO
183f65e3-bcf1-4e3c-bcc1-116743958e16,CHEF DE PROJET,2025-04-01,,Cadre,76264d3c-da07-4e62-9484-8b8e376a1d80,,CDI,Expert foncier,Institut National Polytechnique HOUPHOUET BOIGNY
89e6e4fb-9a0f-4494-b058-12de484ef946,GEOMETRE TOPOGRAPHE,2025-07-01,,Agent de maitrise,4da930ba-5fc6-4e8c-8af7-7bbda72b41f0,,CDI,TOPOGRAPHE,ESBTP YAMOUSSOUKRO
48a80892-c72c-437e-a0fd-09b3fc0d6bad,COMMISSAIRE ENQUETEUR,2025-07-01,,Agent de maitrise,789780de-c271-46ca-a839-a57724d7d286,,CDI,Commissaire enquêteur,Institut National de Formation Professionnelle Agricole
0b47989f-3fb5-4fbf-9025-70477c17f3d9,COMMISSAIRE ENQUETEUR,2025-07-01,,Agent de maitrise,2b95a96e-fd85-4f5e-a438-afc606c7e95c,,CDI,Commissaire enquêteur,EFAP BOUAFLE
225374ee-5d1d-47bb-b956-71e49975d8ca,Chef des équipes techniques départemental,2025-04-08,2027-04-08,Agent de maitrise,8f9f0a71-855c-4ad5-9e10-663eb95eb813,,CDD Terme Imprécis,Administrateur en foncier rural,Institut National de Formation Professionnelle Agricole
d963e5a4-beb9-46a3-bc11-92859e668a49,Chef des équipes techniques départemental,2023-07-01,,Agent de maitrise,5d8ea58b-4c9c-4ae3-89ab-3541f3b5fe5a,,CDI,Administrateur en foncier rural,Institut National de Formation Professionnelle Agricole
68a82e9b-41c6-4651-b9d4-8d587d32ac0c,Chef des équipes techniques départemental,2023-06-26,,Agent de maitrise,51d20484-7d0b-43ee-8894-b62f3825e14d,,CDI,Administrateur en foncier rural,Institut National de Formation Professionnelle Agricole
32a7bf96-9409-40ce-8b82-9f3ce1f3ab87,Cartographe,2025-04-08,2027-04-08,Employé,e1ffa14d-d7a9-47a2-9fa4-3514e72ca8bb,,CDD,Cartographe,Institut National de Formation Professionnelle Agricole
88c3c543-6973-4f6a-ba7b-158c4d162a22,Chef des équipes techniques départemental,2023-08-04,,Agent de maitrise,b2548f2b-88f9-4436-85d6-48c999679201,,CDI,Administrateur en foncier rural,Institut National de Formation Professionnelle Agricole
16781e07-86b8-45a8-825a-4ba990d96bdb,Commissaire Enquêteur,2025-04-08,2027-04-08,Employé,21fe14cb-c2f4-4100-803f-993377bbacfe,,CDD,Commissaire enquêteur,Institut National de Formation Professionnelle Agricole
b930331e-e888-4611-9c30-a3605efd4e25,Chef des équipes techniques départemental,2022-02-16,,Agent de maitrise,57305912-49a3-4f23-a2d1-edfa8306afbf,,CDI,Administrateur en foncier rural,Institut National de Formation Professionnelle Agricole
e0b6aac2-4f90-4d23-a95c-b4c75ccc3bd4,Chef des équipes techniques départemental,2025-01-01,2027-01-01,Agent de maitrise,a32d9f77-4eb2-4f32-80d3-2e65f3830b0c,,CDD,Administrateur en foncier rural,Institut National de Formation Professionnelle Agricole
bd684ba8-2002-4134-8ae6-23024f46ad73,RESPONSABLE IT,2025-04-02,,Cadre,5fb571ca-f998-4b34-b416-c48bf2f00ef6,,CDI,GEOMETRE SENIOR,USM BENI MELLAL MAROC
f4e4a8a1-53b8-4303-b3ee-3bfe27e37de0,Responsable ISF (Responsable de l'ingénierie Socio-Foncière),2025-04-01,2028-04-01,Cadre,3d1e78d0-6a33-43ee-9055-60489f2eb94d,,Consultance/Prestations,Ingénieur en Informatique et Responsable ONG,PIGIER
a8f6a8a3-e458-47b7-8570-4742b921fd33,Chef de Mission,1996-06-18,,Employé,7d645c36-8673-46b6-918e-d21942b854d6,,CDI,Développeur,Technicien supérieur Génie Rural Topographie Meknes
81027a4a-33fd-48a6-a126-a915e5159b0c,ANIMATEUR SOCIO FONCIER,2025-06-03,2027-06-03,Employé,398e62ec-1ab5-43fb-80f8-78511493c57d,,Consultance/Prestations,SOCIOLOGUE,Université Alassane Ouattara
5f0c621b-4aaf-4c2d-bc4c-c4b5706fca7a,ASSISTANT ISF,2025-07-01,,Agent de maitrise,764e5d03-5bea-4d1c-957d-57942d90881e,,CDI,ASSISTANT FONCIER RURAL,Institut National de Formation Professionnelle Agricole
1ef2366b-958c-456e-8e59-98aeb0327208,prestatire,2025-06-01,2026-09-01,Chef de projet (chef de mission),5f792505-b57f-4b4f-9e99-cd94d45ad9d7,,Consultance/Prestations,Chef de projet (chef de mission),Sélectionnez une école
8c549175-8556-4177-996f-808bc23064bc,Responsable Administratif et Financier (RAF),2025-04-01,2028-04-01,Cadre,d8d79331-7d33-4c9f-ac05-0497519e6dd8,,Consultance/Prestations,Comptabilité et Contrôle de gestion,Groupe LOKO
82a9daea-ae11-4f23-bc52-3d11f882eb73,Chef des équipes techniques départemental,2025-04-01,2028-04-01,Cadre,e661e3cb-e5f4-41ef-a4a9-e62cdeee4cb0,,Consultance/Prestations,Sélectionnez une qualification,Université Alassane Ouattara
c4e10149-863b-483e-ae54-1ca33c01c72f,Chef des équipes techniques départemental,2025-04-01,2028-04-01,Cadre,b7bc5223-017f-4abd-90ad-647f9d66d587,,Consultance/Prestations,Commissaire enquêteur,Université de Lomé
e1de88ea-aad9-408b-81f0-6cddb0cb579e,Chef des équipes techniques départemental,2025-04-01,2028-04-01,Cadre,bb801e4f-2509-4646-b7bf-33685f76560f,,Consultance/Prestations,Commissaire enquêteur,Sélectionnez une école
83d79487-e4a6-4ae9-af6a-5e71ba38ead7,GESTIONNAIRE DE BUREAU FONCIER SOUS PREFECTORAL,2024-07-01,,Agent de maitrise,4bd2c8c4-afce-485e-ab4a-93661f6f40c4,,CDD,Inconnu,Inconnu
6dfc1012-d044-42a2-aea7-997a0c24fc27,Coordinatrice des Activités,2025-04-01,2028-04-01,Cadre,c1d7ec28-41a2-4852-82d9-67ff505921a4,,Consultance/Prestations,"Juriste, Spécialiste Foncier Rural",Université Alassane Ouattara
68d47897-9481-48e1-b8ad-69083da2f07e,Coordinatrice des Activités,2025-04-10,2028-04-10,Cadre,3060c621-039c-4292-9e5c-53b709a7d9c9,,Consultance/Prestations,Sélectionnez une qualification,Université Alassane Ouattara
d2c93440-8c6d-4c69-a023-20a7ea972e75,Chef des équipes techniques départemental,2025-01-01,2027-01-01,Agent de maitrise,bd745e45-704d-460d-8cdd-6faa1ba45b8d,,CDI Terme Imprécis,Administrateur en foncier rural,Institut National de Formation Professionnelle Agricole
837a9e63-d241-4f11-828f-31d75d9797b1,Coordinatrice des Activités,2025-04-01,2028-04-01,Cadre,fd85145f-2d22-40e0-bca7-c58d246dc4e3,,Consultance/Prestations,Sélectionnez une qualification,Université Alassane Ouattara
387b279c-9d35-4e9c-b273-67903ac8989e,Coordinatrice des Activités,2025-04-01,2028-04-01,Cadre,0b4baca6-acee-41ab-9a41-b5bab732ad10,,Consultance/Prestations,Sélectionnez une qualification,Université Alassane Ouattara
c07ccc5a-5d43-4a6c-b660-1e24fa1688e5,Chef des équipes techniques départemental,2025-04-01,2028-04-01,Cadre,30189f42-5255-4909-be27-89b249f47e39,,Consultance/Prestations,Commissaire enquêteur,Institut National de Formation Professionnelle Agricole
5ab99a93-61d8-4d89-bd57-34070ada9101,Chef des équipes techniques départemental,2025-04-10,2028-04-10,Cadre,69371853-635a-4402-854a-1cb17dcced52,,Consultance/Prestations,Commissaire enquêteur,Université Félix Houphouët Boigny
48dad8d6-a05a-4372-8e1e-313637e92130,Coordonnateur régional,2025-04-01,2028-04-01,Cadre,f5ce2a12-e6ec-4d8d-bda2-79dc95d63889,,Consultance/Prestations,Commissaire enquêteur,Institut National de Formation Professionnelle Agricole
414633a0-7eb8-4dec-8622-41653ff333b5,Chef des équipes techniques départemental,2025-04-01,2028-04-01,Cadre,868bfa34-3b23-439a-89e1-d1b1e41c05e5,,Consultance/Prestations,"Sociologue, Spécialiste Foncier Rural",Université Félix Houphouët Boigny
4c4b5521-c834-4a30-831d-90f5c4ab5963,Chef des équipes techniques départemental,2025-04-01,2028-04-01,Cadre,4b04878b-6655-4c65-ac40-52aac8662493,,Consultance/Prestations,"Sociologue, Spécialiste Foncier Rural",Université Félix Houphouët Boigny
d82aa5ba-a965-45ad-b349-41894807992c,Responsable régional chargé du SIFOR,2025-04-01,2028-04-01,Cadre,dc308bd7-b5c4-4b6c-9081-ed2ee544f088,,Consultance/Prestations,Ingénieur Géomètre Topographe,Institut National Polytechnique HOUPHOUET BOIGNY
82039954-fbf8-4cba-8118-2d262ce9cba0,CHAUFFEUR,2025-06-03,2027-06-03,Employé,2618e8b6-3c01-4c0c-8a97-4b77210fc7b0,,CDD Terme Imprécis,CHAUFFEUR,COLLEGE DEBARZ YOPOUGON ANDOKOI
9e8e199a-5164-4ce4-9891-b73fa513bc77,CHAUFFEUR,2025-06-03,2027-06-03,Employé,f41f5b78-557b-47c5-b0aa-f1bb6ef3e41a,,CDD Terme Imprécis,CHAUFFEUR,EPP MASSALA
9e79bb1f-9caf-4205-899a-0ec5687f406b,SECRETAIRE COMPTABLE,2025-06-02,2027-06-02,Agent de maitrise,724d9ea2-7c80-443c-8c53-929f02803545,,CDD Terme Imprécis,GESTION COMPTABLE,Université Alassane Ouattara
7914caef-ceea-4d4e-8977-f2b1cc5dfd62,COMMISSAIRE ENQUETEUR,2025-06-16,2027-06-16,Agent de maitrise,4cd0686f-4e84-420b-be67-5458fe0b35d9,,CDD Terme Imprécis,Commissaire enquêteur,Institut National Polytechnique HOUPHOUET BOIGNY
cce14b5f-4a25-43fa-a806-1195b77de0bb,COMISSAIRE ENQUETEUR,2025-06-16,2027-06-16,Agent de maitrise,3990f965-1afb-4acf-8124-110b60b1b77e,,CDD Terme Imprécis,Commissaire enquêteur,UNIVERSITE JEAN LOROUGNON GUEDE
744c5d20-9f61-4758-8546-a494d1bc1683,COMMISSAIRE ENQUETEUR,2025-06-16,2027-06-16,Agent de maitrise,5291fe43-37f1-4900-a570-d6f42fc0b4fb,,CDD Terme Imprécis,Commissaire enquêteur,Université Alassane Ouattara
a347f507-afcf-4534-acad-1fa4c457246b,COMISSAIRE ENQUETEUR,2025-06-16,2027-06-16,Agent de maitrise,5f86c06c-6b15-4817-b4dd-8149914888a7,,CDD Terme Imprécis,Commissaire enquêteur,ISCAE YAMOUSSOUKRO
81c0e926-8aa6-4c4d-b17d-f9f570f803c0,Topographe,2025-04-08,2027-04-08,Employé,65f4d250-10a2-4daf-844c-ddebc15fd4d8,,CDD,Topographe,Institut National de Formation Professionnelle Agricole
c86558d3-542b-4a8a-85b5-e813e527e88d,Coordinateur Départemental,2025-04-08,2027-04-08,Employé,74d38a08-6bca-427f-95be-e70bb0586c06,,CDD,Coordinateur Départemental,Institut National de Formation Professionnelle Agricole
0bf12ba3-c19b-4ce8-b894-fc0319288421,Commissaire enquêteur,2025-04-08,2027-04-08,Employé,9ccd7298-e724-40f3-b360-39bbf732aaf0,,CDD,Commissaire enquêteur,Institut National de Formation Professionnelle Agricole
fa1cce84-811a-4b11-a7e6-d37974a813cb,Commissaire enquêteur,2025-04-08,2027-04-08,Employé,4f2321b4-1cbc-4d19-ab68-af07d7ca8517,,CDD,Commissaire enquêteur,Institut National de Formation Professionnelle Agricole
2c8d0a79-1710-4fe7-9136-4909fb25156d,REPRESENTANT DEPARTEMENTAL AFOR,2025-03-17,,Agent de maitrise,11eedc80-8c39-4d91-abab-89bcbe4f0f13,,CDI,JURISTE EXPERT FONCIER,Institut National Polytechnique HOUPHOUET BOIGNY
5b1d3d69-647d-4bb3-8b60-3cbfca0cb041,Commissaire enquêteur,2025-04-08,2027-04-08,Employé,064b5e9a-53a7-41d8-82ff-94e80239af38,,CDD,Commissaire enquêteur,Institut National de Formation Professionnelle Agricole
46339298-7049-4bb8-8d2c-fcdce6957057,OPERATEUR GNSS,2025-04-08,2027-04-08,Employé,01de9631-4751-4b35-aac2-74896474958d,,CDD Terme Imprécis,OPERATEUR GNSS,Institut National de Formation Professionnelle Agricole
b3452da6-0f0d-48bf-8d9d-d40a145c78a6,ANIMATEUR SOCIO FONCIER,2025-06-03,2027-06-03,Employé,4c2f1b62-0daf-4d10-8186-2d4302788455,,Consultance/Prestations,SOCIOLOGUE,Université Alassane Ouattara
022a217a-6c6e-48f2-8a3a-1ece50535247,Point Focal,2025-06-01,2025-12-01,Agent de maitrise,7b3ad066-eeee-46c1-8fa1-ef142e708eee,,Consultance/Prestations,Point Focal,Sélectionnez une école
0396a34f-6245-4f57-8cc1-7da2352f362d,Point Focal,2025-06-01,2025-12-01,Agent de maitrise,f23ce3a7-1697-4e65-a868-f86bbf23f369,,Consultance/Prestations,Point Focal,Lycée Moderne de Man
0ee69a69-0c5e-461b-93cb-1eaa9ccd7edf,Commissaire enquêteur,2025-04-08,2027-04-08,Employé,3f191e76-6b52-45b6-9ba5-e119271dea61,,CDD,Commissaire enquêteur,Institut National de Formation Professionnelle Agricole
f287d1af-0d4e-4f3f-a6d1-bd1a2c208904,Commissaire enquêteur,2025-04-08,2027-04-08,Employé,8671dc7d-12fd-449b-9b6a-833801221e49,,CDD,Commissaire enquêteur,Institut National de Formation Professionnelle Agricole
e956916d-1b9a-49e8-9a8f-47456745cdac,Topographe,2025-04-27,2028-10-27,Agent de maitrise,1e633895-3beb-42f5-9bb7-05ea64bffcd1,,Consultance/Prestations,Commissaire enquêteur,Institut National de Formation Professionnelle Agricole
8be81d77-17f6-4f9b-867b-7c0d9ec858a7,OPERATEUR GNSS,2025-04-08,2027-04-08,Employé,2afe5b5c-f65d-46d6-96ef-39b1db6127ad,,CDD Terme Imprécis,OPERATEUR GNSS,Institut National de Formation Professionnelle Agricole
471af5c5-18f6-4962-afc3-caacee59950e,OPERATEUR GNSS,2025-04-08,2027-04-08,Employé,c568488f-46fb-452e-b8e4-51278d7902c7,,CDD Terme Imprécis,OPERATEUR GNSS,Institut National de Formation Professionnelle Agricole
8188e038-1c21-4471-b122-069c8c1292a2,AGENT TOPOGRAPHE,2024-07-01,,Agent de maitrise,ec2cc0c3-541f-406c-9f22-fb38b01b545a,,CDI,Inconnu,Inconnu
dca3676b-390d-459e-b8d0-4a470f5a4fbb,OPERATEUR GNSS,2025-04-08,2027-04-08,Employé,cfdf2937-c91d-494d-ad8d-f6978f699d55,,CDD Terme Imprécis,OPERATEUR GNSS,Institut National de Formation Professionnelle Agricole
e4d33eae-ce4c-470d-99a7-7321e490ff4b,OPERATEUR GNSS,2025-04-08,2027-04-08,Employé,8ddc3c5f-a669-4472-9ac4-038bea897cd3,,CDD Terme Imprécis,OPERATEUR GNSS,Institut National de Formation Professionnelle Agricole
9dc40828-621b-4fe1-b1f6-5a0d0e48213f,ANIMATEUR SOCIO FONCIER,2025-06-03,2027-06-03,Employé,ecaf7fe9-a210-42b5-9f84-3d162e447629,,Consultance/Prestations,AGRONOME,ACCADEMIE INTERNATIONALE DES SCIENCES TECHNIQUES
8116432b-0427-4875-b6f8-83dfcb02dd90,ANIMATEUR SOCIO FONCIER,2025-06-03,2027-06-03,Employé,7e8c3c33-0953-438e-b54b-064e20c5a11c,,Consultance/Prestations,SOCIOLOGUE,Université Alassane Ouattara
45578d76-7ef7-4e9a-8b6e-5141b5ce6605,ANIMATEUR SOCIO FONCIER,2025-06-03,2027-06-03,Employé,ddae18b5-74f2-4a4d-8744-de1ef3512607,,Consultance/Prestations,ANIMATION COMMUNNAUTAIRE,Université Alassane Ouattara
44393c85-3060-42a7-93ad-9b177e130e5b,Point Focal,2025-06-01,2025-12-01,Agent de maitrise,541414f5-ae15-4810-91ed-47bcb0a41ac3,,Consultance/Prestations,Point Focal,Collège Moderne de Biankouma
4767725a-9d72-40bc-8d1b-2fa04ec5167c,Point Focal,2025-06-01,2025-12-01,Agent de maitrise,0fda6213-c712-4155-9eca-8165d93e1129,,Consultance/Prestations,Point Focal,Sélectionnez une école
36361bde-8b22-45ba-9d41-123acba15e3c,Point Focal,2025-06-01,2025-12-01,Agent de maitrise,d3b6153f-a0e1-4352-96e2-b7c868bd4f44,,Consultance/Prestations,Point Focal,Sélectionnez une école
6f5cfdb8-2203-45c7-845f-75e6949a3814,Point Focal,2025-06-01,2025-12-01,Agent d'Appui,6d2f0d41-c572-424f-aac2-052c922f8edd,,Consultance/Prestations,Point Focal,Lycée Moderne de Man
1eb32866-b25c-4cb8-a316-a97ef4881e66,Point Focal,2025-06-02,2025-12-02,Agent d'Appui,e153e283-17a0-42d7-901f-e96ad6445df2,,Consultance/Prestations,Point Focal,Lycée Moderne de Man
596d844e-825d-498e-b969-cfdd7baea18a,Point Focal,2025-06-01,2025-12-01,Agent d'Appui,aa8adf83-8ee6-446b-bbf1-db22b4e0f872,,Consultance/Prestations,Point Focal,Aucune
c6acba46-7ed9-4562-9717-a1959823a547,Responsable ISF (Responsable de l'ingénierie Socio-Foncière),2025-04-01,2028-09-30,Cadre,5bcf52a5-1b51-41dd-8890-6fc1f9944cbb,,Consultance/Prestations,Expert foncier,Institut National Polytechnique HOUPHOUET BOIGNY
f4bc460b-3aae-4f0f-8cb9-654f31d00434,STAGIAIRE AGENT DE COLLECTE,2025-07-14,2025-09-14,STAGIAIRE,8d515ded-7e28-4931-b383-9a809e474508,,Stage/Apprentissage,GEOGRAPHE,UNIVERSITE FELIX HOUPHOUET BOIGNY
5b236cc1-85ef-4a19-b6ea-f0b26a0f9e64,STAGIAIRE AGENT DE COLLECTE,2025-07-14,2025-09-14,STAGIAIRE,8e29a22e-2336-4f94-87a9-e31e2e70036c,,Stage/Apprentissage,ENVIRONNEMENTALISTE,UNIVERSITE JEAN LOROUGNON GUEDE DALOA
68370cf3-0843-442f-9ed7-75d5bc82decd,STAGIAIRE AGENT DE COLLECTE,2025-07-14,2025-09-14,STAGIAIRE,1a470165-7788-4b6f-a11b-a1182e14b9bb,,Stage/Apprentissage,GEOGRAPHE,UNIVERSITE VIRTUELLE DE COTE D'IVOIRE
1cc4ea15-053d-43d7-a375-c7da9bd0a50a,Point Focal,2025-06-01,2025-12-01,Agent d'Appui,bb2df723-4b7a-421a-80fc-f823decb18b7,,Consultance/Prestations,Point Focal,Sélectionnez une école
5cfaa479-09c5-4dcf-8514-94cdbe1ae919,Point Focal,2025-06-01,2025-12-01,Agent d'Appui,83de393b-bfe2-48b7-899e-a0e1e2a698ce,,Consultance/Prestations,Point Focal,Sélectionnez une école
297d3891-083c-4f8b-b0d0-0d28501fd1bd,Point Focal,2025-06-01,2025-12-01,Agent d'Appui,1b02fa64-13fc-43db-b8f0-23cdad65878d,,Consultance/Prestations,Point Focal,COLLEGE GBAO SAN PEDRO
ad86f329-5b5d-46f3-9726-f4d9209779ba,Point Focal,2025-06-01,2025-12-01,Agent d'Appui,bd59c612-008f-48e2-b275-5e319961ec50,,Consultance/Prestations,Point Focal,COLLEGE PASCAL KOUMASSI
64baa3ae-46b7-4b5e-a0d3-fdec9bf97f9c,Point Focal,2025-06-01,2025-12-01,Agent d'Appui,825f591a-7bf5-48c7-b8e2-b703c369c32a,,Consultance/Prestations,Point Focal,COLLEGE ST JACQUES
bef1d12b-77d6-453d-9236-2176fe1cbfde,Point Focal,2025-06-01,2025-12-01,Agent d'Appui,ac089776-d9ce-47a0-9e3c-a0e8feec02b8,,Consultance/Prestations,Point Focal,Collège Nawa
fd3a3ee7-ef0f-462f-9c94-f60c0fd7c74c,Point Focal,2025-06-01,2025-12-01,Agent d'Appui,4b9ccd24-6f4a-4986-ade5-67eaf6d3d7ca,,Consultance/Prestations,Point Focal,EPP TONONDOUGOU
0c8add33-a7c2-4138-b819-987a9efa9fcc,TECHNICIEN GEOMETRE TOPOGRAHE,2025-07-10,2026-01-10,Employé,8c9d7d4f-a282-4a3f-bfad-aab579ad3a99,,CDD,TECHNICIEN,CENTRE DE FORMATION EN ADMINISTRATIONET MECANIQUE D'ABIDJAN
b60fe657-f045-4530-bc0b-8775c8ec6891,ANIMATEUR RURAL- CE-SOCIOLOGUE,2025-05-12,2025-11-12,Employé,eaa0511f-7da7-4c24-b3d4-95f7220a2693,,CDD,Commissaire enquêteur,UNIVERSITE FELIX HOUPHOUËT BOIGNY
15e2818c-5b0d-4f72-83f3-7f3aca1ee578,ANIMATEUR RURAL- COMMISSAIRE ENQUETEUR,2025-06-16,2025-12-16,Employé,507823f7-f1c5-4cd9-a585-bfad0a62de62,,CDD,Commissaire enquêteur,Institut National de Formation Professionnelle Agricole
f6312109-9cb3-4f00-b72a-b0aeb863f62f,TECHNICIEN GEOMETRE TOPOGRAHE,2025-08-13,2026-02-13,Employé,3efb4cf0-f691-4e93-b4f7-b8b27ed06b56,,CDD,Commissaire enquêteur,ECOLE CEM BT DE BONOUA
344e3c96-fc75-4dbd-a7f7-3014b57a386c,ANIMATEUR RURAL- COMMISSAIRE ENQUETEUR,2025-06-16,2025-12-16,Employé,e308e144-3499-4a8f-8ece-224c01c1a999,,CDD,Commissaire enquêteur,Université Alassane Ouattara
ea9545d6-498b-4e1c-86aa-a89dd66b93d8,COMMISSAIRE ENQUETEUR,2025-09-15,2029-09-15,Agent de maitrise,1fad0e58-23f4-4ed0-a7ca-185dc2dc10ea,,CDD Terme Imprécis,FONCIER RURAL,EFAP BOUAFLE
72a15247-26f5-4a7a-abf7-9b4da76ffa16,TECHNICIEN TOPO,2025-09-15,2029-09-15,Agent de maitrise,17a6e7a1-9bd2-4b40-bdf3-3f2fdf8d91c4,,CDD Terme Imprécis,TECHNICIEN GEOMETRE,LYCEE PROFESSIONELLE SAN PEDRO
a7c0895d-a402-4a0e-b60c-397d517ab3fc,Point Focal,2025-09-23,2026-03-23,Agent d'appui,cab2e2bb-cc3e-452a-b99e-9b25fe30d77f,,Consultance/Prestations,Point Focal,Collège Saint François de Yopougon
e900de5b-75fe-45e6-b95c-7264b12487b5,REPRESENTANT DEPARTEMENTAL,2024-07-01,,Agent de maitrise,0eafb940-ec9b-4025-bde3-83999a2fcba7,,CDI,Inconnu,Inconnu
20a4974b-8aa1-465a-a862-434b856d13a5,OPERATEUR GNSS,2025-04-08,2027-04-08,Employé,5c608be6-d72a-49f1-8258-bab0b7c948ca,,CDD Terme Imprécis,OPERATEUR GNSS,Institut National de Formation Professionnelle Agricole
1f70c85e-10e7-4f30-86e8-3e4e8cb024ef,OPERATEUR GNSS,2025-04-08,2027-04-08,Employé,fb8c7773-bc2b-464e-a178-be65ab95d292,,CDD Terme Imprécis,OPERATEUR GNSS,Institut National de Formation Professionnelle Agricole
8dded61a-4e57-402c-9b55-73000f89df51,COORDONNATEUR DEPARTEMENTAL / RESPONSABLE DEPARTEMENTAL ISF ET FFA,2025-04-08,2027-04-08,Employé,d27bab2f-66cf-4542-8883-74280e5d147c,,CDD Terme Imprécis,COORDONNATEUR DEPARTEMENTAL / RESPONSABLE DEPARTEMENTAL ISF ET FFA,Institut National de Formation Professionnelle Agricole
6e693657-d07c-4fa7-8584-3eecbb771608,REPRESENTANT DEPRATEMENTAL,2025-03-17,,Agent de maitrise,c82dd7e8-cdf9-4b54-b624-2b97bccc9063,,CDD,Inconnu,Inconnu
5a054c0f-90d0-4073-ad79-f6cd76708dfe,CHAUFFEUR,2024-07-01,,Employé,6fd0b9fb-2143-46b6-942e-e70d0470ed22,,CDI,Inconnu,Inconnu
bc589e7c-e27d-43a1-990d-5b710dc14a3a,CHAUFFEUR,2024-07-01,,Employé,76460972-cd43-4d13-9d1f-6c997596cb33,,CDI Terme Imprécis,Inconnu,Inconnu
03885745-d803-4090-8225-a218ccfe1204,GESTIONNAIRE DE BUREAU FONCIER SOUS PREFECTORAL,2024-07-01,,Agent de maitrise,791c8d6a-cd23-4ee8-9df1-60567581e3e5,,CDI Terme Imprécis,Inconnu,Inconnu
f9623399-0469-4849-a742-0cc761c8d6ae,Point Focal,2025-06-01,2025-12-01,Agent de maitrise,72042aa9-7f30-462e-9c0e-c35a75e35b2f,,Consultance/Prestations,Point Focal,Sélectionnez une école
e8df4005-5291-4af3-8926-6b3937f78a4d,Point Focal,2025-06-01,2025-12-01,Agent d'Appui,32ee3c64-d0be-42a0-bb42-e2d609423512,,Consultance/Prestations,Point Focal,Centre de formation professionnel de Man (CFP)
a9991f13-a4a1-4402-b4c3-db93cccccf26,Point Focal,2025-06-01,2025-12-01,Agent d'Appui,8b51839e-752a-47b8-ba81-4dc9247c7984,,Consultance/Prestations,Point Focal,Lycée Moderne de Zouan-Hounien
8e384a67-a20b-4852-8eee-85066bbe08d1,STAGIAIRE AGENT DE COLLECTE,2025-07-14,2025-09-14,STAGIAIRE,8c5a31fc-4177-48c2-84fd-543259a3ee52,,Stage/Apprentissage,SOCIOLOGUE,Université Alassane Ouattara
e2d5faf5-1d3e-462f-975c-265e8a08bd11,STAGIAIRE AGENT DE COLLECTE,2025-07-14,2025-09-14,STAGIAIRE,51ff0c7d-f775-4687-a49d-0b8fc05dd3c6,,Stage/Apprentissage,SOCIOLOGUE,Université Alassane Ouattara
0f8cedac-93bc-4a87-abaf-08069a9ae586,STAGIAIRE AGENT DE COLLECTE,2025-07-14,2025-09-14,STAGIAIRE,5e118957-4aba-4d60-b4b0-47ea75715986,,Stage/Apprentissage,ENVIRONNEMENTALISTE,Université Alassane Ouattara
e67724f5-6bdf-4e23-b45d-0c0e18fd38a5,STAGIAIRE AGENT DE COLLECTE,2025-07-14,2025-09-14,STAGIAIRE,3cf3b14e-a1b0-42e3-adc0-fdf857513ae7,,Stage/Apprentissage,SOCIOLOGUE,Université Alassane Ouattara
e3511c48-84da-4168-b1ad-82dcb22c49cc,STAGIAIRE AGENT DE COLLECTE,2025-07-14,2025-09-14,STAGIAIRE,02834529-4d8c-4ca6-ac91-7c3aae5f43ca,,Stage/Apprentissage,GEOGRAPHE,UNIVERSITE FELIX HOUPHOUET BOIGNY
365abed0-de72-4df4-8557-01ef4b7d378a,Point Focal,2025-06-01,2025-12-01,Agent d'Appui,489e2b2e-dffb-4711-b3e1-66728a1044bf,,Consultance/Prestations,Point Focal,COLLEGE OFFOUMOU YAPO
d6f395a8-ac6c-4dc9-8daf-c6c45cb9dcff,Point Focal,2025-06-01,2025-12-01,Agent d'Appui,40222b22-c487-4b72-b8c8-41cefbc99d9d,,Consultance/Prestations,Point Focal,COLLEGE LEON GUEFFIE SOUBRE
fcdf3534-d1e5-41e1-87fd-a7a33fb6c967,CHAUFFEUR,2024-07-01,,Employé,da8b20f7-c317-4aec-8c13-ae3c089f958b,,CDI,CHAUFFEUR,Inconnu
fff3d18e-72a4-499a-af9c-6b07af672902,Point Focal,2025-06-01,2025-12-01,Agent d'Appui,ba4a8227-afea-4460-bc84-2cb5802f809f,,Consultance/Prestations,Point Focal,LYCEE MODERNE DALOA
e3d9d447-9bb4-4ad7-843d-cba63658eaaf,APVA,2025-05-05,,Employé,a62568b4-abd3-4326-b4c1-bfbec2ada1c5,,CDI Terme Imprécis,Assistant en productions végétales et animales,Institut National de Formation Professionnelle Agricole
de262676-c41d-49d8-86ff-7ad886384a13,APVA,2025-05-05,,Employé,cf8a823d-c35e-41d2-9cf4-5e10bb09c96c,,CDI Terme Imprécis,Assistant en productions végétales et animales,INCONNU
822d3d6c-f932-476c-9400-e33506804b1b,APVA,2025-05-05,,Employé,6aba3f8b-283c-4b39-ae27-7a1c9cc0e56f,,CDI Terme Imprécis,Assistant en productions végétales et animales,INCONNU
a43016a1-92bb-4227-9500-e4f9ce877507,APVA,2025-05-05,,Employé,63a201c1-52ef-4006-842e-9a69ffe92e7c,,CDI Terme Imprécis,Assistant en productions végétales et animales,Institut National de Formation Professionnelle Agricole
fc140e2e-3e87-4b7b-8136-e22c81072e0d,APVA,2025-05-05,,Employé,359bf097-a469-41a0-9684-915fa1d171cc,,CDI Terme Imprécis,Assistant en productions végétales et animales,Institut National de Formation Professionnelle Agricole
347a05d6-8c18-4fce-a573-48cd394b3d6a,APVA,2025-05-05,,Employé,70e8272b-2217-4003-8feb-2803aabb0352,,CDI Terme Imprécis,Assistant en productions végétales et animales,Institut National de Formation Professionnelle Agricole
eba884a0-963f-4f4c-a766-405c2e7051b2,APVA,2025-05-05,,Employé,0254050e-bda6-4bc9-b5d3-1a375ec9be00,,CDI Terme Imprécis,Assistant en productions végétales et animales,Institut National de Formation Professionnelle Agricole
1cca65c7-644d-4d5e-8bd1-3d22221165d2,APVA,2025-05-05,,Employé,eb732bd4-1062-4f16-84f7-f9d351ecc73b,,CDI Terme Imprécis,Assistant en productions végétales et animales,INCONNU
a6b574ef-d31f-4610-8567-326bac1f6bfa,APVA,2025-05-05,,Employé,2ca9c3fa-fa7e-41f3-be66-9968644e279a,,CDI Terme Imprécis,Assistant en productions végétales et animales,INCONNU
7b12a15d-238a-4758-a968-7996006e3fb8,APVA,2025-05-05,,Employé,3eef9611-9c75-4b66-8676-45f416b19f04,,Sélectionner une nature,Assistant en productions végétales et animales,Institut National de Formation Professionnelle Agricole
1f90d3ee-a315-4f01-9987-bfbf0e361d2b,APVA,2025-05-05,,Employé,d6f4c3ca-e6b2-42ff-b178-86b49a711e77,,CDI Terme Imprécis,Assistant en productions végétales et animales,INCONNU
225b27a0-03cc-4a10-bedf-2c1ecbef0877,TECHNICIEN GEOMETRE TOPOGRAHE,2025-07-10,2026-01-10,Employé,c262ebf2-578a-4261-9013-38d1dd29d072,,CDD,TECHNICIEN,ECOLE SPECIEL DU BATIMENT ET DES TRAVEAUX PUBLICS
0261626b-b25e-4642-b542-8a3a0d4e6096,ANIMATEUR RURAL- COMMISSAIRE ENQUETEUR,2025-06-16,2025-12-16,Employé,7dcb7cca-4b73-4a00-bfd8-46e61200c41b,,CDD,Commissaire enquêteur,UNIVERSITE JEAN LOROUGNON GUEDE DE DALOA
a4463078-0b28-4314-ae74-a4472290e7f9,REPRESENTANT DEPARTEMENTAL AFOR,2025-03-17,2026-03-17,Agent de maitrise,c27286fb-b027-4ae6-880a-20471fd8ab29,,CDD,Inconnu,Inconnu
f0bb15ca-ecdf-4c87-a315-a6a5922c2b0e,Topographe,2025-05-02,2028-11-02,Agent de maitrise,f34310e0-8c7d-40ef-a9ae-ac03cf9f900b,,Consultance/Prestations,Technicien Supérieur Génie Civil option Bâtiment,Ecole Supérieur de Bâtiment de Treichville
810eb402-1aff-4843-9282-4ddfe14e157c,Commissaire enquêteur,2025-04-08,2027-04-08,Employé,deddd37b-857b-4358-87b5-43167249f2dd,,CDD,Commissaire enquêteur,Institut National de Formation Professionnelle Agricole
32e1679f-842b-4467-984f-0743df5e178f,STAGIAIRE AGENT DE COLLECTE,2025-07-14,2025-09-14,STAGIAIRE,25974539-0c00-461b-b6ec-e94499124404,,Stage/Apprentissage,SOCIOLOGUE,UNIVERSITE FELIX HOUPHOUET BOIGNY
0a0b5d02-bddc-4313-80ba-b76b05761481,Commissaire enquêteur,2025-04-08,2027-04-08,Employé,b5959660-22f6-439e-8f61-b3fdebcb2370,,CDD,Commissaire enquêteur,Institut National de Formation Professionnelle Agricole
7276db20-3da3-4457-bc2a-8b8f390528db,Opérateur Topographe,2025-05-02,2028-11-02,Agent de maitrise,b6cbc03f-6bc3-4148-97e7-52a38845e16d,,Consultance/Prestations,Commissaire enquêteur,Université Félix Houphouët Boigny
d8fb8e6e-3214-40a3-af05-b946fa141bd3,Opérateur Topographe,2025-05-02,2028-11-02,Agent de maitrise,27224fbb-3c94-499b-ab00-9ec8fd5e1f75,,Consultance/Prestations,Commissaire enquêteur,Institut National de Formation Professionnelle Agricole
1aca186e-46f5-40f4-9b0c-24c1269a014b,Chauffeur Tricycle,2025-05-16,2028-11-16,Agent de maitrise,2fb68eb1-0a07-4334-b072-055e529137f4,,Consultance/Prestations,Chauffeur,Sélectionnez une école
8bb1909c-b74f-4425-bb47-4e971fc49f30,Opérateur Topographe,2025-05-15,2028-11-15,Agent de maitrise,08ca2b2e-fb4a-4743-8003-58787948f52b,,Consultance/Prestations,Commissaire enquêteur,Institut National de Formation Professionnelle Agricole
94ab5824-83b2-47ea-b495-882073065430,Commissaire enquêteur,2025-01-08,2027-01-08,Employé,a916850d-70e2-4898-b594-fbcf93aaf0a7,,CDD,Commissaire enquêteur,Institut National de Formation Professionnelle Agricole
ed7b004d-95fb-48b9-9d54-fe7a4b873e9a,COMMISSAIRE ENQUETEUR,2025-05-01,2028-11-01,Agent de maitrise,f7c3b71a-7d42-49c0-81b4-15773e94e2a5,,Consultance/Prestations,Commissaire enquêteur,Université Félix Houphouët Boigny
72a6da06-bbd7-4a15-8e8c-ef4a20f19192,Opérateur Topographe,2025-05-15,2028-11-15,Agent de maitrise,52d20d3c-b6f1-4b2d-b922-f748807390c7,,Consultance/Prestations,Commissaire enquêteur,Ecole Supérieur de Bâtiment
fa3b886e-864d-43b4-b3c5-2bc18645d575,Opérateur Topographe,2025-05-15,2028-11-15,Agent de maitrise,a5347096-f12d-4e6b-b9ee-6ccf3ea61e7a,,Consultance/Prestations,Commissaire enquêteur,Institut National de Formation Professionnelle Agricole
073beda6-5bc1-4028-a3a7-418e3f579f5d,Femme de Ménage,2025-04-11,2028-10-11,Agent d'Appui,ecb5b05b-fde8-45fe-b6f3-67f4721206eb,,Consultance/Prestations,Agent d'Entretien,Sélectionnez une école
eb8bb6be-5742-45f3-944a-9f2a3b07c435,Agent Sensibilisateur,2025-06-01,2028-12-01,Agent de maitrise,8b2ce8f9-c8f7-4cc4-b4aa-f89b7331ee9b,,Consultance/Prestations,Animateur rural,Collège Moderne de Biankouma
832599d0-e7b8-496e-a765-56d148c452e6,COMMISSAIRE ENQUETEUR,2025-07-01,,Cadre,db9e87ad-d2c8-4f85-9880-e6b3d43907a3,,CDI,Commissaire enquêteur,Institut National Polytechnique HOUPHOUET BOIGNY
1bb316f2-6d05-469c-9ba2-299e8df77b10,COMMISSAIRE ENQUETEUR,2025-07-01,,Cadre,3bc3d5c1-228f-4a67-b929-d828cebdbb12,,CDI,Commissaire enquêteur,Université Alassane Ouattara
ec735bf8-49df-436b-b82b-3734006024ec,COMMISSAIRE ENQUETEUR,2025-07-01,,Agent de maitrise,31437744-1f86-4d6f-8ddf-7d996f27fb5e,,CDI,Commissaire enquêteur,Institut National de Formation Professionnelle Agricole
1702df9e-56ec-4181-9390-1c89ac55b671,COMMISSAIRE ENQUETEUR,2025-07-01,,Cadre,36818c49-317f-4c4d-a183-002ebae7252a,,CDI,Commissaire enquêteur,Université Alassane Ouattara
028dbcc8-2938-46e0-a12b-015083ce9471,COMMISSAIRE ENQUETEUR,2025-07-01,,Cadre,0db6a45b-b38f-4262-b784-1a9e9f84089b,,CDI,Commissaire enquêteur,Université Alassane Ouattara
0875749e-24b8-4f6a-9f90-7b85f3abb8d5,Opérateur Topographe,2025-06-01,2028-12-01,Agent de maitrise,de9690cd-aa8d-4cb4-bee7-44e97163dd35,,Consultance/Prestations,Topographe,Lycée Moderne de Soubré
72b01c2d-4045-47a2-8a90-bad523ad8b7d,Opérateur Topographe,2025-05-15,2028-11-15,Agent de maitrise,ac991064-6577-4b1a-a959-884514809ff3,,Consultance/Prestations,Topographe,Lycée Moderne 2 Daloa
ded1656d-c309-4318-8f90-3b769bff1233,STAGIAIRE AGENT DE COLLECTE,2025-07-14,2025-09-14,STAGIAIRE,d8edf785-263b-4c41-b4c9-600011a72708,,Stage/Apprentissage,JURISTE,UNIVERSITE METHODISTE DE COTE D'IVOIRE
6e4fb9a3-9eca-4c35-b758-fd2af4b9fa6b,STAGIAIRE AGENT DE COLLECTE,2025-07-14,2025-09-14,STAGIAIRE,53ac4961-fd16-4713-bea5-76f92c486803,,Stage/Apprentissage,SOCIOLOGUE,Université Alassane Ouattara
43e36aa5-6985-47c8-ab45-fe43633cb582,STAGIAIRE AGENT DE COLLECTE,2025-07-14,2025-09-14,STAGIAIRE,b7a1ca3f-a5e2-4bf6-b612-7642897f75fc,,Stage/Apprentissage,COMMUNICATION,INTELLECT AFRIQUE ABIDJAN
ede0eefe-8571-45b3-8b80-c3b4d05277cd,Point Focal,2025-06-01,2025-12-01,Agent d'Appui,de25a0bc-7dd5-4a44-9b46-a9c8261eebb2,,Consultance/Prestations,Point Focal,Lycée Moderne de Soubré
a7a76bcf-011b-4c8e-bcf6-7aa28e0d3100,Point Focal,2025-06-01,2025-12-01,Agent d'Appui,791368f8-c31d-4d1d-9b3c-bf68c7efa16c,,Consultance/Prestations,Point Focal,LYCEE PROFESSIONNEL KOUMASSI
245e85e9-9c21-433e-8dfa-dc65cd5f1e9e,Point Focal,2025-06-01,2025-12-01,Agent d'Appui,b914a355-dabf-4f98-97b9-48a45451d677,,Consultance/Prestations,Point Focal,COLLEGE GRACE DIVINE SOUBRE
69194eea-c432-470e-b860-7fe885ee8fe7,Point Focal,2025-06-01,2025-12-01,Agent d'Appui,32b64189-9555-4947-bedd-47f25839846d,,Consultance/Prestations,Point Focal,LYCEE MODERNE DE SOUBRE
1bd1e123-01f7-4049-8e5f-4b1f86211e9c,ANIMATEUR RURAL- COMMISSAIRE ENQUETEUR,2025-05-16,2025-11-16,Employé,1b11094c-6a9a-4903-a5f9-4f4a04672b32,,CDD,Commissaire enquêteur,UNIVERSITE FELIX HOUPHOUËT BOIGNY DE COCODY D'ABIDJAN
7582fdd0-d6ad-4e89-a91a-04d8cdc251e2,ANIMATEUR RURAL- COMMISSAIRE ENQUETEUR,2025-06-16,2025-12-16,Employé,2713ac6d-1bb9-4f3a-a4c5-7c58a0ed6987,,CDD,Commissaire enquêteur,Institut National de Formation Professionnelle Agricole
e8eb983c-d772-4fd8-9028-3aaae5f3967f,ANIMATEUR RURAL- COMMISSAIRE ENQUETEUR,2025-06-16,2025-12-16,Employé,ac399371-732c-4573-bd53-d93dbe9e952d,,CDD,Commissaire enquêteur,Institut National de Formation Professionnelle Agricole
a6edbff0-a461-4384-a875-a846925e50f7,ANIMATEUR RURAL- COMMISSAIRE ENQUETEUR,2025-06-16,2025-12-16,Employé,636bb267-7d87-4c68-af63-5086eda33f61,,CDD,Commissaire enquêteur,Institut National de Formation Professionnelle Agricole
1942e8cb-4d47-4aec-9302-fa4eb50ae21e,ANIMATEUR RURAL- COMMISSAIRE ENQUETEUR,2025-07-10,2026-01-10,Employé,78e2001e-458f-43ec-9ef7-85dce50719c7,,CDD,Commissaire enquêteur,LYCEE PROFESSIONNEL DE JACQUEVILLE
867f1143-a108-4849-9a45-19a8b746838f,ANIMATEUR RURAL- COMMISSAIRE ENQUETEUR,2025-08-01,2026-02-01,Employé,bc1200aa-dd39-4d06-86dd-2de1479e83dc,,CDD,Commissaire enquêteur,UNIVERSITE NORD SUD D'ABIDJAN
09165cd5-a4d9-4c56-a7e1-f714b51d9ea4,Point Focal,2025-06-01,2025-12-01,Agent d'Appui,36ce6da1-7b39-42aa-b42d-21d533df0508,,Consultance/Prestations,Point Focal,LYCEE MODERNE BUYO
0e9ebbff-991c-48ea-b862-805f5adcde31,Commissaire enquêteur,2025-04-08,2027-04-08,Employé,84b05e82-21c2-4dff-bc54-8f16f8dc96a1,,CDD,Commissaire enquêteur,Institut National de Formation Professionnelle Agricole
db45b646-d32e-4eec-8ca7-0550a48847e4,Commissaire enquêteur,2025-04-08,2027-04-08,Employé,bd68b4af-158b-4b24-bff9-97bf91a8dea3,,CDD,Commissaire enquêteur,Institut National de Formation Professionnelle Agricole
984006a7-2a5a-426c-adfc-e9756da8fd4f,Opérateur Topographe,2025-04-02,2028-10-02,Agent de maitrise,ba85fbdb-3ac6-4044-81aa-ae362063fe77,,Consultance/Prestations,Commissaire enquêteur,Institut National de Formation Professionnelle Agricole
cee2130d-a780-4698-9c37-3a4bcf27f8d0,Commissaire Enquêteur,2025-04-08,2027-04-08,Employé,61eb0e1e-a4e1-4873-93af-b4daf9b02ade,,CDD,Commissaire enquêteur,Institut National de Formation Professionnelle Agricole
ae666761-1bbd-4aa2-a9fd-8b3f5bbd7fa6,REPRESENTANT DEPARTEMENTAL AFOR,2025-03-17,2026-03-17,Agent de maitrise,2527577b-cb7f-451d-bcf8-bfb5de3aa509,,CDD,SOCIOLOGIE DE DEVELOPPEMENT LOCAL,UNIVERSITE FELIX HOUPHOUET BOIGNY D'ABIDJAN
7a468670-d747-4d48-b638-27631359a93a,Commissaire enquêteur,2025-04-08,2027-04-08,Employé,c691917b-7192-45ee-b878-2b4ea730d53d,,CDD,Commissaire enquêteur,Institut National de Formation Professionnelle Agricole
b162480f-5ccd-42ea-94aa-8f9558de3192,0749106369,2025-04-08,2027-04-08,Employé,bd3522b0-67c5-4aaa-adb3-6265eb14402f,,CDD,Commissaire enquêteur,Institut National de Formation Professionnelle Agricole
be1f181d-0fd6-4a37-a47f-851673e1cf83,COMMISSAIRE ENQUETEUR,2025-05-02,2028-11-02,Agent de maitrise,2d4c0621-8903-4034-8910-8f6421ae696a,,Consultance/Prestations,Commissaire enquêteur,Institut National Polytechnique HOUPHOUET BOIGNY
017bf06a-7d9b-4e36-9e96-27cf0addee41,Opérateur Topographe,2025-05-15,2028-11-15,Agent de maitrise,2618472c-582f-46d3-b296-cf8645edc1ee,,Consultance/Prestations,Topographe,Lycée Kato  Luc Vincent Méagui
995fa534-3697-47ee-afa6-801b320f0d86,Point Focal,2025-06-01,2025-12-01,Agent d'Appui,23f6072b-6f88-4cb2-be2c-be85b87421d4,,Consultance/Prestations,Point Focal,EPP GNAGBOYA
4577e48e-b670-4557-8f77-2521c1fc554d,Point Focal,2025-06-01,2025-12-01,Agent d'Appui,75871bd2-2374-48cc-95f1-6240fee8af23,,Consultance/Prestations,Point Focal,EPP GRIBOUO
f50aa21f-2e6f-4158-a28d-cd567b97b6f6,COORDONNATEUR DEPARTEMENTAL,2025-05-12,2025-11-12,Agent de maitrise,a526ac59-d09c-431b-a065-f6149ff3cfee,,CDD,Sélectionnez une qualification,Université Alassane Ouattara
11d4af2c-f398-4e79-86a7-7f9079813200,COMMISSAIRE ENQUETEUR,2025-06-16,2025-12-16,Employé,b67176bb-a3d3-4a8d-ac11-7c6860dbbd1d,,CDD,Commissaire enquêteur,Institut National de Formation Professionnelle Agricole
d7e0e932-95ad-4141-9687-ca47b01807bd,COMMISSAIRE ENQUETEUR,2025-06-16,2025-12-16,Employé,9ee3661e-b909-488b-ab08-807847732c6c,,CDD,Commissaire enquêteur,Institut National de Formation Professionnelle Agricole
76c9702d-26f9-42d3-bd5d-bc67ab22558c,Chauffeur Tricycle,2025-05-10,2028-11-10,Agent de maitrise,6044f333-a161-4ee7-bd84-f03872e9c877,,Consultance/Prestations,Chauffeur,Ecole Primaire de PKANGUOIN 1
c2381988-07e7-41a8-900b-c57ea2461e24,REPRESENTANT DEPARTEMENTAL AFOR,2025-03-17,2026-03-17,Agent de maitrise,203295b3-e0d0-46a4-b2d4-89e6b17c91d4,,CDD,GEOGRAPHE/ CARTOGRAPHE,UNIVERSITE FELIX HOUPHOUET BOIGNY D'ABIDJAN
39a36f3f-895a-45c3-81c9-1a9f27617923,REPRESENTANT DEPARTEMENTAL AFOR,2025-03-17,2026-03-17,Agent de maitrise,3d4ed93a-aaaa-4584-a34a-47e36467f0ba,,CDD,Commissaire enquêteur,Institut National de Formation Professionnelle Agricole
189d1d7e-5a55-4e9f-8271-4b266e143103,REPRESENTANT DEPARTEMENTAL AFOR,2025-03-17,2026-03-17,Agent de maitrise,f8e3d692-ed2c-456f-91a2-f515edb1d25c,,CDD,GEOGRAPHE,UNIVERSITE FELIX HOUPHOUET BOIGNY D'ABIDJAN
071a0200-2e3f-47f2-9f48-ef6551462e0a,REPRESENTANT DEPARTEMENTAL AFOR,2025-03-17,2026-03-17,Agent de maitrise,bc56c64b-ab08-40bd-8dc7-59cbb0d71053,,CDD,GEOGRAPHE/ CARTOGRAPHE,UNIVERSITE FELIX HOUPHOUET BOIGNY D'ABIDJAN
1fd3e165-57e7-432a-adf9-2c4b9d790b83,REPRESENTANT DEPARTEMENTAL AFOR,2025-03-17,2026-03-17,Agent de maitrise,5920f410-0542-4621-a827-3d33e2e5404a,,CDD,Sélectionnez une qualification,Sélectionnez une école
10b21436-ba42-443c-88e3-2f0a7193cca5,REPRESENTANT DEPARTEMENTAL AFOR,2025-03-17,2026-03-17,Agent de maitrise,6adce168-490d-45fd-a2b2-e4a8d66515f0,,CDD,TECHNICIEN AGRICOLE,Institut National de Formation Professionnelle Agricole
59ade540-3021-4f03-b2cf-dd5be9aac819,REPRESENTANT DEPARTEMENTAL AFOR,2025-03-17,2026-03-17,Agent de maitrise,b62f0cc0-8d34-440b-b488-a8239696c793,,CDD,Sélectionnez une qualification,UNIVERSITE FELIX HOUPHOUET BOIGNY D'ABIDJAN
6a303176-ac6d-489c-8b6e-a050e1625851,Commissaire Enquêteur,2025-04-08,2027-04-08,Employé,a12b524c-72b4-4149-9fd7-4aad4bf0e9e5,,CDD,Commissaire enquêteur,Institut National de Formation Professionnelle Agricole
42bb7ff5-ac70-4f12-9dd3-3aec9a82dd68,Commissaire Enquêteur,2025-04-08,2027-04-08,Employé,e204fb9c-01bf-4d60-9a6c-0e20bdbb09a6,,CDD,Commissaire enquêteur,Institut National de Formation Professionnelle Agricole
c4ef65b2-9a5e-4686-8e3a-7a046316c871,Commissaire Enquêteur,2025-04-08,2027-04-08,Employé,f3c35ec6-db75-42f2-97b7-202788fc8039,,CDD,Commissaire enquêteur,Institut National de Formation Professionnelle Agricole
ee5e600a-013f-4581-afed-01450e728a2d,REPRESENTANT DEPARTEMENTAL AFOR,2025-03-17,2026-03-17,Agent de maitrise,03b6aec6-0caf-4572-81bc-c93bc795c387,,CDD,MASTERE PROFESSIONNEL FONCIER RURAL,Institut National Polytechnique HOUPHOUET BOIGNY
87115ef7-b108-40be-8b2b-45b202aff39c,REPRESENTANT DEPARTEMENTAL AFOR,2025-03-17,2026-03-17,Agent de maitrise,9141fc04-9328-45c4-9997-69890af3d90e,,CDD,Sélectionnez une qualification,Institut National Polytechnique HOUPHOUET BOIGNY
f874c680-25fe-45fd-bacc-6db28d6e645f,Commissaire Enquêteur,2025-04-08,2027-04-08,Employé,6393994a-d370-4fbd-bfe8-4cf3d6f23790,,CDD,Commissaire enquêteur,Institut National de Formation Professionnelle Agricole
c01a2f27-ec17-41df-9659-2f6142812104,Commissaire Enquêteur,2025-04-08,2027-04-08,Employé,9e72ad0c-1e40-4890-9c66-8e71ee2dbaff,,CDD,Commissaire enquêteur,Institut National de Formation Professionnelle Agricole
ef2cbff0-2920-4623-8167-cec7e545de56,Commissaire Enquêteur,2025-04-08,2027-04-08,Employé,3dc4bc8e-e40e-4eda-96fc-c8a5ca9950e6,,CDD,Commissaire enquêteur,Institut National de Formation Professionnelle Agricole
f3d470d0-a189-47e7-946d-8c70c58b5262,Commissaire Enquêteur,2025-04-08,2027-04-08,Employé,20a80379-4aea-4f90-9f9f-2a55f9184491,,CDD,Commissaire enquêteur,Institut National de Formation Professionnelle Agricole
f3ea9754-829f-4387-b628-6efc92f725a2,Commissaire Enquêteur,2025-04-08,2027-04-08,Employé,b38514f1-b879-469f-9573-d5491d57acfe,,CDD,Commissaire enquêteur,Institut National de Formation Professionnelle Agricole
291cce9f-254b-47c0-befe-21a34c1a5f08,Commissaire Enquêteur,2025-04-08,2027-04-08,Employé,4bd3544f-3edf-4663-a46d-4c40c2634c65,,CDD,Commissaire enquêteur,Institut National de Formation Professionnelle Agricole
8884f0b1-94fb-4e66-bd8d-4bfaf23db387,Opérateur Topographe,2025-05-15,2028-11-15,Agent de maitrise,e75b2daf-0fa7-4ceb-a3dc-89afb266d738,,Consultance/Prestations,Topographe,Collège Privé Laha
c3f9be01-cadb-4d29-98ac-54b70634b6df,REPRESENTANT DEPARTEMENTAL AFOR,2025-05-17,2026-05-17,Agent de maitrise,47bf2d26-6f25-412e-bcba-136245ebc732,,CDD,GEOGRAPHE/ CARTOGRAPHE,UNIVERSITE FELIX HOUPHOUET BOIGNY D'ABIDJAN
08f6db94-8099-4e54-9d8c-6ccda8d957e7,REPRESENTANT DEPARTEMENTAL AFOR,2025-03-17,2026-03-17,Agent de maitrise,04b63e72-c56b-42fc-b02f-f33f6de0de75,,CDD,Sélectionnez une qualification,UNIVERSITE FELIX HOUPHOUET BOIGNY D'ABIDJAN
a99b0802-9c31-41c9-94f3-575ca73c1f2b,Commissaire Enquêteur,2025-04-08,2027-04-08,Employé,a9913f36-4ec9-46de-a237-da877d47c3d1,,CDD,Commissaire enquêteur,Institut National de Formation Professionnelle Agricole
44bbdd1b-794b-4ecc-83e3-c0712992859d,Commissaire Enquêteur,2025-04-08,2027-04-08,Employé,3ad4ff07-17be-4de9-8c0f-9ecdd972e725,,CDD,Commissaire enquêteur,Institut National de Formation Professionnelle Agricole
0aae79b9-716b-43e5-a3b8-a1f12236bc80,Commissaire enquêteur,2025-04-08,2027-04-08,Employé,879a8a51-6ada-4d89-958f-713ce0ca50ef,,CDD,Commissaire enquêteur,Institut National de Formation Professionnelle Agricole
8ef8a448-cfa4-45e1-838e-df6c568cb6ff,Commissaire enquêteur,2025-04-08,2027-04-08,Employé,56c3c8e0-c8ed-4d88-ad34-f539bdc5e314,,CDD,Commissaire enquêteur,Institut National de Formation Professionnelle Agricole
9ec3a496-2ea6-4387-b964-8fa51c2e5c27,Commissaire Enquêteur,2025-04-08,2027-04-08,Employé,ab950edd-6556-4714-a513-163897e1a501,,CDD,Commissaire enquêteur,Institut National de Formation Professionnelle Agricole
47d294bc-7887-43ca-8059-de7c7b70b616,REPRESENTANT DEPARTEMENTAL AFOR,2025-03-17,2026-03-17,Agent de maitrise,393b1072-2b55-49bb-9852-a1d3ee1d8035,,CDD,Sélectionnez une qualification,UNIVERSITE FELIX HOUPHOUET BOIGNY D'ABIDJAN
da0da45f-3bc7-4cd0-a07d-56d44b6351fc,Commissaire Enquêteur,2025-04-08,2027-04-08,Employé,fe84f8e6-de0a-4ed8-b3eb-31460aa5b923,,CDD,Commissaire enquêteur,Institut National de Formation Professionnelle Agricole
1f516ad5-d20f-43aa-9971-67d5b96139de,Commissaire enquêteur,2025-04-08,2027-04-08,Employé,eae234ef-c359-4b15-9096-8d70dafa82bc,,CDD,Commissaire enquêteur,Institut National de Formation Professionnelle Agricole
97d69387-def4-43d5-a909-09d64d43fd6a,Point Focal,2025-06-01,2025-12-01,Agent d'Appui,3c5b31b1-e045-4e2a-88ce-5aef34312528,,Consultance/Prestations,Point Focal,LYCEE MUNICIPAL BUYO
43729d69-5319-4273-8bf5-06699e09a44e,Opérateur Topographe,2025-05-15,2028-11-15,Agent de maitrise,5daeeb1e-e90b-4b25-9e8f-4c2ccbb26680,,Consultance/Prestations,Commissaire enquêteur,Université Alassane Ouattara
d4738101-ad0d-415a-a510-e6ac85d6d9fd,Point Focal,2025-06-01,2025-12-01,Agent d'Appui,fed6a6e6-7700-43b1-a013-da66b651869d,,Consultance/Prestations,Point Focal,COLLEGE BLA FONTAINE MEAGU
d1e528de-06c2-4025-8853-2a50d120869a,Commissaire enquêteur,2025-04-08,2027-04-08,Employé,89b435b3-a56a-4c72-b0d9-be5e7f937489,,CDD,Commissaire enquêteur,Institut National de Formation Professionnelle Agricole
073bcfc8-8e03-41be-859d-1ca5cea2fb4b,Commissaire enquêteur,2025-01-08,2027-01-08,Employé,be4e32c4-0860-40e1-88d9-079e969e104a,,CDD,Commissaire enquêteur,Institut National de Formation Professionnelle Agricole
19029350-a17a-4ac1-9183-5387f9a739b3,Chauffeur,2025-06-11,2028-12-11,Agent d'Appui,69471d11-3149-4fa6-a108-2f102dbd13a0,,Consultance/Prestations,Chauffeur,Collège Bonne Etoile de Méagui
764032bb-c074-41ac-aec8-2874e515d2aa,Agent formalité foncière,2025-04-08,2027-04-08,Employé,45543b40-22c8-4e88-a05a-93e2e87f3601,,Stage/Apprentissage,Agent formalité foncière,Institut National de Formation Professionnelle Agricole
655d41ae-bd63-43c0-8a23-4dd1e23aa6b5,Agent formalité foncière,2025-04-08,2027-04-08,Employé,6f3ffdbc-1f7b-416e-ad7f-38dc80ac2aea,,Stage/Apprentissage,Agent formalité foncière,Institut National de Formation Professionnelle Agricole
f2c3b99d-60b2-4f68-a72e-aca5143a5689,Agent formalité foncière,2025-04-08,2027-04-08,Employé,cc8b30b4-6e26-4029-b470-6d21d4ca0769,,Stage/Apprentissage,Agent formalité foncière,Institut National de Formation Professionnelle Agricole
feac3e95-3c6a-487c-8692-14953a4b7852,COMMISSAIRE ENQUETEUR,2025-06-16,2025-12-16,Employé,44635c61-44fb-41e3-bbc8-eae76918305c,,CDD,Commissaire enquêteur,Institut National de Formation Professionnelle Agricole
81f577dc-7d4d-4d34-b573-f74e19670ded,DEVELOPPEUR BACKEND,2025-01-02,2026-01-02,Agent de maitrise,cfe5ad99-a7f8-46a5-91c0-5aed7034b7a0,,CDD,DEVELOPPEUR BACKEND,Sélectionnez une école
f06e6fcd-ea0f-491d-8159-22ebec126181,chef de brigade topographe,2025-04-08,,Agent de maitrise,e2efb87a-631a-4276-87ef-5376ee01f7e5,,CDI,chef de brigade topographe,Université Alassane Ouattara
a7ef4cc3-4377-4b8a-a25a-1523d72ca0c2,Chauffeur Tricycle,2025-06-01,2028-12-01,Agent d'Appui,602296fb-d46b-4de8-8888-5e3d581b397b,,Consultance/Prestations,Sélectionnez une qualification,Sélectionnez une école
955e58b3-6943-487c-a5a4-dd79798d4226,COMMISSAIRE ENQUETEUR,2025-06-16,2025-12-16,Employé,845fb5c6-d5c2-497e-aee0-eb75120a904b,,CDD,Commissaire enquêteur,LYCEE
c3407ff6-7c48-42a4-8044-12bbb9cf3027,Sécrétaire,2025-05-19,2028-11-19,Agent d'Appui,20777f21-3198-400f-9810-b21bbc62cbf5,,Consultance/Prestations,Sécrétaire,Sélectionnez une école
2a2d204e-343f-4c9c-b499-d70dd5266b9f,COMMISSAIRE ENQUETEUR,2025-06-16,2025-12-16,Employé,74e0cfc6-e012-4cf4-8c89-54b9d17231a0,,CDD,Commissaire enquêteur,Institut National de Formation Professionnelle Agricole
1cc4caef-ac60-485f-8a8d-8cb3c1d656c5,Commissaire enquêteur,2025-04-08,2027-04-08,Employé,0456de6d-e08c-4bfb-b21c-28809098f0b9,,CDD,Commissaire enquêteur,Institut National de Formation Professionnelle Agricole
5a3dbafb-5f20-46c8-8bc0-361379d22d2b,Commissaire enquêteur,2025-04-08,2027-04-08,Employé,0fc7b29e-da88-4af5-af85-5763d87385a3,,CDD,Commissaire enquêteur,Institut National de Formation Professionnelle Agricole
aa469b55-fc96-41d2-a534-88a3827bf762,Opérateur Topographe,2025-05-02,2028-11-02,Agent de maitrise,ef059ab8-f872-4e6a-a392-dfc70be4e265,,Consultance/Prestations,Commissaire enquêteur,Institut National de Formation Professionnelle Agricole
93f33f87-5190-4707-9c75-b596fd0b5a28,Mécanicien,2025-05-10,2028-11-10,Agent de maitrise,0117d314-b9be-42ff-8d78-1d6d09db3d50,,Consultance/Prestations,Maintenancier Engins,Collège Moderne de Man
ce28fb34-3580-403f-ba54-6a9448158e83,COORDINATRICE DES ACTIVITES,2025-05-15,2028-11-15,Cadre,db9d04c7-e947-4dd6-a025-dd7efac33957,,Consultance/Prestations,Juriste Spécialiste Foncier et Politique Agricole,Université Alassane Ouattara
4b8affbe-e91b-48e9-811b-a29aacb95742,SCVAA,2025-09-05,,Agent de maitrise,7310f4d7-dcc2-4dae-acd3-b034c3643a4c,,CDI,Géomètre/Topographe,Université Alassane Ouattara
61802015-e343-4269-8687-64bbb47cdbc9,Point Focal,2025-06-20,2025-12-20,Agent d'Appui,f7f033a9-bdac-4605-be49-29c9e9e49578,,Consultance/Prestations,Sélectionnez une qualification,Lycée Professionnel de Man
0f043aab-6b2a-4bf6-bf9b-5436f416927c,Commissaire Enquêteur,2025-04-08,2027-04-08,Employé,6948767c-a9ce-415b-aa69-cf64b0fe5fe9,,CDD,Commissaire enquêteur,Institut National de Formation Professionnelle Agricole
b506ac72-98bd-4796-a412-ca2ae1556a83,Commissaire Enquêteur,2025-04-08,2027-04-08,Employé,e9306fb1-8361-41be-bdaf-dea5c29c6f6a,,CDD,Commissaire enquêteur,Institut National de Formation Professionnelle Agricole
6a57fca9-5e35-40dc-82a3-6ee89ea61dba,COMISSAIRE ENQUETEUR,2025-06-16,2027-06-16,Employé,2e46aefd-eea9-4c77-9225-6378de6fd3ce,,Stage/Apprentissage,GEOMETRE,ECOLE SPECIALE DU BATIMENT ET DES TRAVAUX PUBLICS ESATP
9f9d7731-1d69-4d70-80a0-ed7aeec40cb8,Commissaire enquêteur,2025-04-08,2027-04-08,Employé,adb11022-5a4a-47f7-8919-56dd29b8871e,,CDD,Commissaire enquêteur,Collège Victor Hugo Bouaké
c8b28d5a-b4ed-4f7a-a947-928336f24cf4,Agent formalité foncière,2025-04-08,2027-04-08,Employé,1508b741-429d-4653-bb08-5461d668bf60,,Stage/Apprentissage,Agent formalité foncière,Institut National de Formation Professionnelle Agricole
76fbfbb2-c70f-4c9c-9a29-bc2213d94684,Point Focal,2025-06-01,2025-12-01,Agent d'Appui,9b64218c-1d77-4ff6-9d68-15c9450b1e54,,Consultance/Prestations,Point Focal,COLLEGE GILBERT INABO ISSIA
3c5b23de-4170-4d90-8a05-d6970667c34b,Agent formalité foncière,2025-04-08,2027-04-08,Employé,24a52fed-fd7f-4038-9967-0fdfef1a9ce9,,Stage/Apprentissage,Agent formalité foncière,Institut National de Formation Professionnelle Agricole
56b968f9-1cb7-41c3-9e69-190658790d02,ASSISTANT SPM,2025-02-04,2026-02-04,Cadre,e8c36d75-143a-43a5-87d3-1ea34a1fadc7,,CDD,ASSISTANT SPM,Sélectionnez une école
6a2ef5c1-deda-489d-85ca-6a6ad03da16e,Agent formalité foncière,2025-04-08,2027-04-08,Employé,3e3e6162-60b8-43ac-abe9-00e879d78397,,Stage/Apprentissage,Agent formalité foncière,Institut National de Formation Professionnelle Agricole
317a5342-e0a4-4a59-a0e2-a9ae7374a4ff,Agent formalité foncière,2025-04-08,2027-04-08,Employé,699c0f67-3ea9-4d1a-b611-4ea8e4234ada,,Stage/Apprentissage,Agent formalité foncière,Institut National de Formation Professionnelle Agricole
8f8e769b-044c-4a49-b92b-656cb375be74,Agent formalité foncière,2025-04-08,2027-04-08,Employé,57e18220-41c2-4910-86f8-1a8bfdb8ff85,,Stage/Apprentissage,Agent formalité foncière,Institut National de Formation Professionnelle Agricole
d3d2c7c2-849b-4b03-a1fd-6a9f165f2481,Chef de brigade topographe,2025-04-08,,Employé,6ca8bd7a-fd02-41ad-bc62-43ac67f333a4,,CDI,chef de brigade topographe,Université Alassane Ouattara
f40dca15-db7b-4bf8-a6ad-e34b93715af8,DEVELOPPEUR FRONTEND,2025-01-02,2026-01-02,Agent de maitrise,91d3c82f-7b14-420f-96d2-194d51121a5c,,CDD,DEVELOPPEUR FRONTEND,Sélectionnez une école
8acdc7d3-8d96-4e0f-a664-3a2cc3b695de,COMMISSAIRE ENQUETEUR,2025-06-16,2025-12-16,Employé,9f00b40a-0a1b-411b-aed5-097c303df365,,CDD,Commissaire enquêteur,Institut National de Formation Professionnelle Agricole
4d1b7db7-4547-476c-b737-30ce50c21126,COORDONNATEUR DEPARTEMENTAL,2025-05-12,2025-11-12,Agent de maitrise,0bfd3e95-ae80-481f-b539-b0b31537c56d,,CDD,Administrateur en foncier rural,Université Alassane Ouattara
477afcf8-3352-48c4-93f9-d14012d8aa99,CHARGE D'ETUDES,2021-08-16,,Agent de maitrise,0b2bf28b-79c0-4370-9a08-ec478c7accd9,,CDI,CHARGE D' ETUDES,Sélectionnez une école
f211abc0-53cd-46da-b4d3-1d600caae116,Topographe,2025-05-02,2028-11-02,Agent de maitrise,9f37095f-cb7f-4966-9e57-5b40c5e21c94,,Consultance/Prestations,Commissaire enquêteur,Institut National de Formation Professionnelle Agricole
1ce1b1f0-3377-45fb-8a0b-98784f275d2e,Opérateur Topographe,2025-05-02,2028-11-02,Agent de maitrise,c2cc19eb-f8d0-48ba-b5df-cf0cd2711308,,Consultance/Prestations,Commissaire enquêteur,Université Alassane Ouattara
104c79b9-11e7-400e-9122-327a26952d65,Commissaire enquêteur,2025-04-08,2027-04-08,Employé,3a36daff-a09e-413f-b6a3-c5332f49e474,,CDD,Commissaire enquêteur,Institut National de Formation Professionnelle Agricole
2d828c91-d9ca-4df2-8c8d-a8f6a8f27885,Opérateur Topographe,2025-04-02,2028-10-02,Agent de maitrise,e44febe0-5e25-4ef6-8c23-98b4e17add55,,Consultance/Prestations,Commissaire enquêteur,Université Alassane Ouattara
06a6804b-5004-4708-9275-a8c2492a013c,ASSISTANT SPM,2025-03-03,2026-03-03,Cadre,d0ce0eaf-221d-48d4-8813-f5cfeff68e97,,CDD,Inconnu,Inconnu
f65764c7-a475-4061-bc11-b43f97eca30c,RESPONSABLE DE  LA SENSIBILISATION DE LA FORMATION INITIALE ET  CONTINUE - DIRCOM,2025-03-04,2026-03-04,Cadre,09bec379-d484-4aaa-b99f-1223971a97a4,,CDD,Inconnu,Inconnu
b2be2c37-8a75-464d-9d89-2ac0a4c62165,DIRECTEUR DSIG,2024-07-01,,Cadre,ef335efe-a32f-496a-bd95-be5a33222793,,CDI Terme Imprécis,Inconnu,Inconnu
f7746510-ada5-4a1c-96be-735bb8503385,Responsable Departemental,2024-07-01,,Cadre,35a6f54e-e338-489b-8a21-a907e4e69d56,,CDI Terme Imprécis,Inconnu,Inconnu
56c8aca6-57de-4141-bdb7-46c40f85e62d,APVA,2025-05-05,,Employé,b3ab9ee5-2bb6-442b-8e1d-dea8e493e6b7,,CDI Terme Imprécis,Assistant en productions végétales et animales,Institut National de Formation Professionnelle Agricole
192f5ff7-f575-4fec-bf24-62f59e2a0fa2,Commissaire enquêteur,2025-04-08,2027-04-08,Employé,5a360f32-49a9-4fa9-9987-69662f7040cd,,CDD,Commissaire enquêteur,Institut National de Formation Professionnelle Agricole
8bed8e2b-3047-4ca2-ae7c-4459f9dc10e4,REPRESENTANT DEPARTEMENTAL AFOR,2025-03-17,2026-03-17,Agent de maitrise,0a3fc2af-361f-4d57-9d08-83299ec4efb3,,CDD,AGENT FONCIER,Inconnu
45eef8d0-1085-4071-8758-51aa34936186,GESTIONNAIRE DE BUREAU FONCIER SOUS PREFECTORAL,2025-04-16,,Employé,49166e3c-dadb-4438-8412-c838972316b2,,CDI Terme Imprécis,Assistant en productions végétales et animales,Inconnu
e3738252-9126-4ed9-bd86-1fcb2cffbc45,Chauffeur Tricycle,2025-05-12,2028-11-12,Agent de maitrise,2639f9d8-1bcd-4c30-8475-b22d8b33c31b,,Consultance/Prestations,Chauffeur,Ecole Primaire Man
0993e761-47a4-428b-82dc-3de4c5a6165d,Opérateur Topographe,2025-05-15,2028-11-15,Agent de maitrise,dabc6185-e74a-4877-af38-66582667d755,,Consultance/Prestations,Commissaire enquêteur,Institut National de Formation Professionnelle Agricole
45322377-841e-42df-be9a-e4c4293c6110,COMMISSAIRE ENQUETEUR,2025-05-15,2028-11-15,Agent de maitrise,34f746b3-fed2-40e1-af37-ad1118745566,,Consultance/Prestations,Commissaire enquêteur,Institut National de Formation Professionnelle Agricole
2a08a3e6-2680-4c38-9d79-085a55f8aa6b,RESPONSABLE DEPARTEMENTAL,2025-03-17,,Agent de maitrise,51b6a056-e112-44bf-8da3-c51fe49a38da,,CDI,Inconnu,Inconnu
0be7f3fb-7907-410c-bcbd-13e9a3d4e86f,Commissaire enquêteur,2025-04-08,2027-04-08,Employé,50a82784-f455-4eea-acc7-dbc5ba0290b4,,CDD,Commissaire enquêteur,Institut National de Formation Professionnelle Agricole
0a619042-668c-43ba-b125-42d6917ef940,Opérateur Topographe,2025-05-15,2028-11-15,Agent de maitrise,5d983bfb-7c6c-4bab-be22-d940b76cb333,,Consultance/Prestations,Technicien Supérieur Topographe,Ecole Spéciale du Bâtiment et des Travaux Publics de  YAMOUSSOUKRO
2c94a461-0f9c-4bfd-8b2e-b0ae5828f473,COMISSAIRE ENQUETEUR,2025-06-16,2027-06-16,Employé,dc563f6f-a5bf-40b0-8d1b-65906107185d,,Stage/Apprentissage,GEOMETRE,ECOLE SPECIALE DU BATIMENT ET DES TRAVAUX PUBLICS ESATP
a9a873fb-b2fb-47dc-a91f-951983baaba0,COMISSAIRE ENQUETEUR,2025-06-16,2027-06-16,Employé,98183184-f217-4a40-bbc2-6325063ec838,,Stage/Apprentissage,GEOMETRE,2IFTP
b167229e-01fe-4894-ab3c-dbcb0a7ddbdf,Commissaire enquêteur,2025-04-08,2027-04-08,Employé,a9a92963-9d66-4ed7-971d-6ed7e4fd4761,,CDD,Commissaire enquêteur,Institut National de Formation Professionnelle Agricole
c062d411-05d2-4c47-8a26-9440a9d391c0,Point Focal,2025-06-01,2025-12-01,Agent d'Appui,887bd683-3841-4352-9b5e-6e48deda8837,,Consultance/Prestations,Point Focal,Collège Municipal de Man
17126f0c-59cb-4b2c-b5de-61c9fedba209,Agent formalité foncière,2025-04-08,2027-04-08,Employé,5a59c6ba-fd1b-474a-9e64-3fdde479edd5,,Stage/Apprentissage,Agent formalité foncière,Institut National de Formation Professionnelle Agricole
3c8f6089-a964-4105-9cec-7da8b4dc9e5b,Agent formalité foncière,2025-04-08,2027-04-08,Employé,a8978a28-d642-42d6-af76-89616cb9eea9,,Stage/Apprentissage,Agent formalité foncière,Institut National de Formation Professionnelle Agricole
1c99be87-3ea5-42c3-a085-0e559d7c8c77,Agent formalité foncière,2025-04-08,2027-04-08,Employé,27522047-e781-4d6d-8292-383c0160edc1,,Stage/Apprentissage,Agent formalité foncière,Institut National de Formation Professionnelle Agricole
e988e1f9-6edb-4436-8de4-cfe0a378528f,Opérateur Topographe,2025-05-18,2028-11-18,Agent de maitrise,0f08a077-bef9-4262-b204-05d943bc24e5,,Consultance/Prestations,Topographe,Lycée 1 de Soubré
b902875c-c4fc-4e11-aecd-1ab2afe590fa,SPECIALISTE EN BUSINESS INTELLIGENCE,2025-01-02,2026-01-02,Agent de maitrise,f565baf7-3cd1-4dc9-b9fa-4353b07bc974,,CDD,SPECIALISTE EN BUSINESS INTELLIGENCE,Sélectionnez une école
4f0989b8-eba0-423b-a712-d7eb41308c09,Chef de brigade topographique intérim régional,2025-04-08,,Agent de maitrise,b2fbd8fc-f128-4f32-9ff0-dea06e2d1bdf,,CDI,Chef de brigade topographique intérim régional,Institut National de Formation Professionnelle Agricole
a635b628-892f-4a18-b501-3cc841f5c9d5,Chef de brigade topographe,2025-04-08,,Agent de maitrise,8c50599b-5cf3-4e37-86f4-68f5e5793e19,,CDI,chef de brigade topographe,Université Alassane Ouattara
985ad024-997f-4752-a724-e102a35f1ae6,GEOMATICIEN,2025-02-03,2026-02-03,Agent de maitrise,00935b26-b8e3-44d3-9826-78cd209c9586,,CDD,GEOMATICIEN,Sélectionnez une école
fe0b22ea-9968-41d0-a528-c7a39ff392a9,GEOMATICIEN,2024-07-01,2025-09-01,Agent de maitrise,0c3e7148-faab-4c99-9f09-43e8c3ef87ef,,CDD,GEOMATICIEN,Sélectionnez une école
f34ceed8-7f05-46cb-a243-768634e1bf62,OPERATEUR GNSS / CHAUFFEUR,2025-04-08,2027-04-08,Employé,a57d583f-830e-41a9-8d81-3ba6cd49ce27,,CDD Terme Imprécis,OPERATEUR GNSS / CHAUFFEUR,Institut National de Formation Professionnelle Agricole
8c493fda-e30a-4c96-9963-826718865c73,COMMISSAIRE ENQUETEUR,2025-02-07,2031-02-07,Agent de maitrise,2fcbc5fb-f9c8-4e1d-bb52-6309ba16b0ad,,CDD Terme Imprécis,GEOGRAPHE,Université Alassane Ouattara
3e5c8a7f-8d45-4c89-99c1-951ed5d20c69,COMMISSAIRE ENQUETEUR,2025-06-16,2025-12-16,Employé,3c8012fd-6bd5-40e4-9a81-2843dd3b00d8,,CDD,Commissaire enquêteur,Institut National de Formation Professionnelle Agricole
30e57f17-53a0-4175-9eec-0697c29be8d9,COMMISSAIRE ENQUETEUR,2025-06-16,2025-12-16,Employé,15d5fd5a-dc05-49d9-aa5f-2efa182f72fc,,CDD,Commissaire enquêteur,ECOLE PROFESSIONNELLE
00201b02-98cf-49e9-bc91-11cfa507d3c0,REPRESENTANT REGIONAL,2020-11-11,,Cadre,a7833e5e-97ae-4f45-a040-b7ec461394bb,,CDI,MAITRISE EN GEOGRAPHIE,Sélectionnez une école
3a168ff0-dffe-4e0f-8f46-6453ca4b9d22,Commissaire enquêteur,2025-04-08,2027-04-08,Employé,883e6c10-95da-4a9a-b7b4-0c0a368c68d9,,CDD,Commissaire enquêteur,Institut National de Formation Professionnelle Agricole
5c3944a0-4dda-4907-a13e-d02601d290c3,Opérateur Topographe,2025-05-15,2028-11-15,Agent de maitrise,de503cdb-bd25-46ad-9780-a4c3a590b9a5,,Consultance/Prestations,Commissaire enquêteur,Institut National de Formation Professionnelle Agricole
81948f09-d7b7-4d63-87a8-b98cdbb0f104,Chauffeur,2025-04-11,2028-10-11,Agent d'Appui,9748208c-e1ad-4944-a6bb-a39cd51985be,,Consultance/Prestations,Chauffeur,Collège Moderne de Man
95f04917-1ed7-44a1-8daa-f174bc5a9b07,COMMISSAIRE ENQUETEUR,2025-07-01,,Cadre,abe66381-f6cb-4cee-b902-45922ff79c03,,CDI,Commissaire enquêteur,Université Alassane Ouattara
68a70c50-b020-4e1e-88cf-bb0f078997af,COMMISSAIRE ENQUETEUR,2025-07-01,,Agent de maitrise,7d34fa2b-4776-4516-b650-839b5d465514,,CDI,Commissaire enquêteur,Institut National de Formation Professionnelle Agricole
d16d75a0-8597-415b-82b6-1853c72687de,COMMISSAIRE ENQUETEUR,2025-07-01,,Agent de maitrise,9204df56-3862-49f0-8db3-7237fd7b209e,,CDI,Commissaire enquêteur,UNIVERSITE MEHODISTE
c50dbb65-b18c-4768-bb9f-3a54a2869682,COMMISSAIRE ENQUETEUR,2025-07-01,,Cadre,57a8c33d-4efb-41e4-aa23-18911f28c27f,,CDI,Commissaire enquêteur,UNIVERSITE L GUEDE DALOA
aeac6ec1-5417-483f-a80d-044753118aea,COMMISSAIRE ENQUETEUR,2025-07-01,,Agent de maitrise,e99f0670-1f65-4aa6-ae19-13fa8721e2a0,,CDI,Commissaire enquêteur,EFAP BOUAFLE
18e0a1ca-916d-42be-b869-cebcbb156b62,COMMISSAIRE ENQUETEUR,2025-05-12,2025-11-12,Agent de maitrise,09789b7c-f157-4497-9887-2692f16e671e,,CDD,Commissaire enquêteur,Université Alassane Ouattara
a34576a8-0db7-44ac-8cbb-500a27a66207,COMMISSAIRE ENQUETEUR,2025-07-01,,Agent de maitrise,8a310ac9-933a-4bc5-b772-704cf22a0c62,,CDI,Commissaire enquêteur,Institut National de Formation Professionnelle Agricole
96b397b8-c328-4222-930f-31fe75c34539,COMMISSAIRE ENQUETEUR,2025-06-16,2025-12-16,Employé,17803c3c-a7dc-4701-a05c-ed98a2e6c42a,,CDD,Commissaire enquêteur,Institut National de Formation Professionnelle Agricole
be99deab-86e8-403d-83b9-f14a86addd8a,COMMISSAIRE ENQUETEUR,2025-06-16,2025-12-16,Employé,97e81836-dc87-40cb-8774-b17e99299613,,CDD,Commissaire enquêteur,Institut National de Formation Professionnelle Agricole
126c5dfc-e03b-447b-a50d-9e60a9d615d9,ANIMATEUR RURAL- COMMISSAIRE ENQUETEUR,2025-05-12,2025-11-12,Employé,35426c78-a64b-4c04-ac93-319f36fc2ded,,CDD,Commissaire enquêteur,Université Alassane Ouattara
36d4d2ef-1bb1-49e6-97d7-896b7ec94fe2,SCVAA,2025-09-05,,Agent de maitrise,161c0c3a-eeab-4d84-94ae-edd63a390a92,,CDI,Géomaticien,Université Alassane Ouattara
4bbb1735-2b47-44a7-943d-cec99dbf93cb,Commissaire Enquêteur,2025-04-08,2027-04-08,Employé,2ce6fe20-d867-4653-ab46-b58f3faec3ee,,CDD,Commissaire enquêteur,Institut National de Formation Professionnelle Agricole
5025845d-19b9-423a-a5ec-c2d858a2bfbd,Commissaire enquêteur,2025-04-08,2027-04-08,Employé,a9a6e9e7-7037-42ec-bfda-8d617dc6f3a5,,CDD,Commissaire enquêteur,Institut National de Formation Professionnelle Agricole
718d984f-8801-42df-af8e-e1cb33f31359,REPRESENTANT DEPARTEMENTAL AFOR,2025-05-17,2026-05-17,Agent de maitrise,24ee4aed-6694-447e-8257-902c203d40b8,,CDD,AGENT FONCIER,Sélectionnez une école
f52ce83f-5fdd-4de2-ad4f-aca2731367c4,COMMISSAIRE ENQUETEUR,2025-06-16,2027-06-16,Employé,5855ac9b-13cb-47c4-9dce-8cbbfdf1103b,,Stage/Apprentissage,GEOMETRE,ECOLE SPECIALE DU BATIMENT ET DES TRAVAUX PUBLICS ESATP
ef70f3d0-41bb-4d42-9ae2-aa293ac688f4,Commissaire enquêteur,2025-04-08,2027-04-08,Employé,f6acd755-4e0a-4241-a18b-546d0ae6d902,,CDD,Commissaire enquêteur,Institut National de Formation Professionnelle Agricole
00e81e83-c41b-4e9f-b909-7533d33d65e4,COMISSAIRE ENQUETEUR,2025-06-16,2027-06-16,Employé,2b70f27f-e3fc-4325-b033-1a1cba520e89,,Stage/Apprentissage,GEOMETRE,ESBTP
dc836d99-10d0-4c0a-b9cd-ec2499d89d9a,Agent de Sécurité,2025-05-01,2028-11-01,Agent d'Appui,b6b4f9ae-3c59-4d77-8f5a-7be3f0df430c,,Consultance/Prestations,Agent Sécurité,Ecole Franco Arabe
55182631-a790-4698-b8a9-363e226c35ef,COMMISSAIRE ENQUETEUR,2025-06-17,2027-06-17,Employé,d69c634f-ca04-4e5f-90e3-034dcb543e82,,Stage/Apprentissage,GEOMETRE,ESBTP
80181d89-354b-421a-aabe-f9e2e07a9676,COMMISSAIRE ENQUETEUR,2025-06-17,2027-06-17,Employé,99a36635-cdeb-4ea1-ac76-baa9c94f9760,,Stage/Apprentissage,GEOMETRE,ESBTP
09b99e98-2f69-485e-b06d-022be96ae3a0,COMISSAIRE ENQUETEUR,2025-06-17,2027-06-17,Employé,6bbed201-c3b0-4bee-b409-f8e66eaee55e,,Stage/Apprentissage,GEOMETRE,2IFTP
dc9610c0-1562-4816-8eae-c6f21baf0d86,ANIMATEUR RURAL,2025-06-16,2025-12-16,Employé,f50b3e6b-57bb-4b40-bb02-818823298bf4,,CDD,ANIMATEURE RURAL,LYCEE
03cfdfd4-9c57-4237-9bce-fc1bf20a8c27,REPRESENTANT DEPARTEMENTAL AFOR,2025-03-17,,Agent de maitrise,63b3b0cf-3dc9-462f-a14f-94d8aa62d70f,,CDI,Sélectionnez une qualification,UNIVERSITE FELIX HOUPHOUET BOIGNY D'ABIDJAN
17ffb592-feba-4eb6-bb96-e9748161df2f,Commissaire enquêteur,2025-04-08,2027-04-08,Employé,93738bac-bffb-4983-a647-df7b028275fe,,CDD,Commissaire enquêteur,Institut National de Formation Professionnelle Agricole
3d0596c9-77cd-4697-aadf-71fbd402b0a5,INCONNU,2024-01-01,2026-12-01,Employé,30aa012a-acba-48f8-8d67-9bb5a16e91f7,,CDD Terme Imprécis,Assistant en productions végétales et animales,Institut National de Formation Professionnelle Agricole
22ba2004-b923-428f-a4a7-41863a91034e,INFORMATICIEN DEVELOPPEUR FULLSTACK,2025-01-02,2026-01-02,Agent de maitrise,0b485e7f-83f1-4094-8d87-3eaf0b8bcf7f,,CDD,INFORMATICIEN DEVELOPPEUR FULLSTACK,Sélectionnez une école
c9fd5c21-dfc1-452c-9846-a8fa33c9ee15,COMMISSAIRE ENQUETEUR,2025-05-15,2028-11-15,Agent de maitrise,87c34186-3af5-41a9-aec0-8f869bbb9cd0,,Consultance/Prestations,Commissaire enquêteur,Institut Supérieur de Formation Professionnelle ISFOP
7bf8b908-f075-43c7-b1c7-70d1e798c1d7,Agent Sensibilisateur,2025-05-01,2028-11-01,Agent de maitrise,8c5756c3-5f26-406b-8b4d-47cf47f56c52,,Consultance/Prestations,Technicien Supérieur en Communication,Sélectionnez une école
05442fd4-f291-4bd0-b3ed-0be7b5ec036f,Opérateur Topographe,2025-05-15,2028-11-15,Agent de maitrise,145e391f-46ea-4a18-8b56-c642604c2ec9,,Consultance/Prestations,Commissaire enquêteur,Institut National de Formation Professionnelle Agricole
a47dc0ee-ed66-4143-88c5-2ddef9bea998,Opérateur Topographe,2025-05-15,2028-11-15,Agent de maitrise,d430b9a3-2ea9-4b57-aa4f-41feaa520699,,Consultance/Prestations,Commissaire enquêteur,Institut National de Formation Professionnelle Agricole
54a12ba7-8e15-4ffa-8f18-c68a5bad27d0,INCONNU,2025-05-02,2029-12-02,Employé,0394d95f-8715-4024-9623-0c7dfb6ceadc,,CDD Terme Imprécis,Assistant en productions végétales et animales,Institut National de Formation Professionnelle Agricole
9b4026cd-9ac2-4aac-9076-200dff5e8a72,Agent Sensibilisateur,2025-05-15,2028-11-15,Agent de maitrise,19c1c6a5-f79a-44f4-985d-2a3641af2aad,,Consultance/Prestations,Commissaire enquêteur,Université Félix Houphouët Boigny
05890a4d-9e9f-450b-8c37-0a2254946744,Agent Sensibilisateur,2025-06-01,2028-12-01,Agent de maitrise,ef890361-c9f3-4157-a8fe-ee16e2ad2327,,Consultance/Prestations,Commissaire enquêteur,Université Félix Houphouët Boigny
6bb9679a-90c5-4dc1-bcf9-37ec8712cfcd,COMMISSAIRE ENQUETEUR,2025-06-16,2025-12-16,Employé,cf6f6ec5-bc61-4728-ad24-c78229a1367e,,CDD,Commissaire enquêteur,Institut National de Formation Professionnelle Agricole
b0a55ca2-ffe9-4797-b576-fb415a50a19b,INGENIERIE SOCIO FONCIERE,2025-07-01,,Agent de maitrise,7a3232de-73ef-4ac8-89a3-2839ced94737,,CDI,Sélectionnez une qualification,Institut National de Formation Professionnelle Agricole
14f7c8b3-40a6-44c5-805b-dcc4ef07fff8,COMMISSAIRE ENQUETEUR,2025-07-01,,Agent de maitrise,e44a7ff0-7c9e-49ec-bad3-46cd4596dc9d,,CDI,Commissaire enquêteur,Institut National de Formation Professionnelle Agricole
0aedb88f-77f5-4216-b44a-02fd4a6a4407,APVA,2025-05-05,,Employé,dc84f5b5-eb98-47f6-9595-a964d0cd06a8,,CDI Terme Imprécis,Assistant en productions végétales et animales,INCONNU
6ddca762-d5fd-49eb-9835-ef453d3afe54,COMMISSAIRE ENQUETEUR,2025-07-01,,Cadre,98b380dd-71ef-4087-9593-1adb75aac6a3,,CDI,Commissaire enquêteur,Université Alassane Ouattara
ba1c62be-6eb8-4cb4-9778-59c43306d6b1,INCONNU,2025-05-02,2029-12-02,Employé,8690c3cc-25bd-4c90-8369-fc8be175d3a8,,CDD Terme Imprécis,Assistant en productions végétales et animales,Sélectionnez une école
d2602fa1-eb1d-4b72-9d3e-22b1b904c781,COMMISSAIRE ENQUETEUR,2025-07-01,,Agent de maitrise,504cdeca-c05f-4879-8567-554a92c965be,,CDI,Commissaire enquêteur,Université Alassane Ouattara
110f7378-2f2e-4fdf-90c9-359f729b5076,APVA,2025-05-05,,Employé,9d3e24ea-ba65-4fca-9464-7f6f7caf8a46,,CDI Terme Imprécis,Assistant en productions végétales et animales,Institut National de Formation Professionnelle Agricole
0a7fbad0-4663-4b94-9584-68e68c79ec72,APVA,2025-05-05,,Employé,310b8e9c-1395-470c-a7ff-876559108d9a,,CDI Terme Imprécis,Assistant en productions végétales et animales,INCONNU
6038e906-39e6-45b1-b204-64b9819fc6df,APVA,2025-05-05,,Employé,be80a3df-ddf7-4787-879a-ca4872c10d6c,,CDI Terme Imprécis,Assistant en productions végétales et animales,Institut National de Formation Professionnelle Agricole
fcf43c42-d14b-4f46-8263-e79a742b4149,APVA,2025-05-05,,Employé,5d8286b2-0d48-46b7-b550-a8db7c517df8,,CDI Terme Imprécis,Assistant en productions végétales et animales,Institut National de Formation Professionnelle Agricole
20cf0308-01ce-4c08-b611-71445e5119a0,Opérateur Topographe,2025-05-01,2028-11-01,Agent de maitrise,205988a1-ad83-479d-b347-57efde6c1125,,Consultance/Prestations,Topographe,Lycée Moderne de Dabou
fd4294cc-c7ef-4954-bc65-7ed24cf3fd68,Commissaire enquêteur,2025-04-08,2027-04-08,Employé,49b9e908-7b46-40ca-b73d-67e344e5b75e,,CDD,Commissaire enquêteur,Institut National de Formation Professionnelle Agricole
94fa30c1-5d2f-4378-8f7e-9ba6c5cb40d8,Commissaire enquêteur,2025-04-08,2027-04-08,Employé,45c62c76-69be-4201-8c2b-daa19dd10d83,,CDD,Commissaire enquêteur,Institut National de Formation Professionnelle Agricole
f0f4d3c2-830b-4d92-9ffe-7741701b55e8,Commissaire enquêteur,2025-04-08,2027-04-08,Employé,5eee17b3-e303-4dfa-8ae4-ab7b523aa178,,CDD,Commissaire enquêteur,Institut National de Formation Professionnelle Agricole
b79a84a9-42df-41b7-abff-9059a2c4114c,Commissaire enquêteur,2025-04-08,2027-04-08,Employé,b33d751a-c56d-43e9-8932-b308d3910579,,CDD,Commissaire enquêteur,Institut National de Formation Professionnelle Agricole
d9d912cf-9eae-4b45-894d-e679b3a4ee35,Commissaire enquêteur,2025-04-08,2027-04-08,Employé,bb94ccab-411d-4b6f-84b1-a7415100518c,,CDD,Commissaire enquêteur,Institut National de Formation Professionnelle Agricole
73b88df5-8b28-47af-a53b-94c0886a5c86,Opérateur Topographe,2025-05-15,2028-11-15,Agent de maitrise,a6ee1dc5-3f55-4b7d-a660-c27357a17e57,,Consultance/Prestations,Commissaire enquêteur,Institut National de Formation Professionnelle Agricole
eab207ba-013d-4b6e-8764-5027db977c14,Femme de Ménage,2025-05-01,2028-11-01,Agent d'Appui,13612d56-d654-4b66-8738-1bd8a4780ab3,,Consultance/Prestations,Agent d'Entretien,Aucun
853fa7a3-0388-47f9-a1cc-b4bb9214e220,Chef de bureau sous - prefectotal,2025-04-08,2027-04-08,Agent de maitrise,a7dbc697-294c-462f-a7bf-945e0c07ac90,,CDD Terme Imprécis,Administrateur en foncier rural,Institut National de Formation Professionnelle Agricole
e60d97fb-6994-40f1-ac33-e0daea9d077f,ASSISTANTE ADMINISTRATIVE ET FINANCIERE,2025-06-23,2025-12-23,Employé,a5e5bf8c-e1c2-4bb7-a24d-853220b1af80,,CDD,Sélectionnez une qualification,ECOLE PROFESSIONNELLE
5a8e140f-8546-419b-89fc-dd562a243cd9,Agent formalité foncière,2025-04-08,2027-04-08,Employé,80a949dd-f500-4a3c-888a-7843018bf960,,Stage/Apprentissage,Agent formalité foncière,Institut National de Formation Professionnelle Agricole
ded64688-a985-4a6a-8edc-8145dd1605d1,COMMISSAIRE ENQUETEUR,2025-06-16,2025-12-16,Employé,bb449224-bfc5-43bd-a074-b97ed95e2dbf,,CDD,Commissaire enquêteur,Institut National de Formation Professionnelle Agricole
46f8e18b-b1ad-4774-ae8d-aa4379c8366f,Agent formalité foncière,2025-05-08,2027-05-08,Employé,f19c7e13-b70d-4ecf-8b67-6aa96ad81ed0,,Stage/Apprentissage,Agent formalité foncière,Institut National de Formation Professionnelle Agricole
bc9ea231-fe3c-48de-941a-33aa0460dd79,COMMISSAIRE ENQUETEUR,2025-07-01,2027-07-01,Agent de maitrise,cc59616f-12bd-438e-aa38-683697522580,,CDD Terme Imprécis,Administrateur en foncier rural,Institut National Polytechnique HOUPHOUET BOIGNY
1153d37b-8257-452c-939e-25cc0415821b,OPERATEUR GNSS,2025-04-08,2027-04-08,Employé,44af693e-8cb8-43f9-b74f-f58958ed933d,,CDD Terme Imprécis,OPERATEUR GNSS,Institut National de Formation Professionnelle Agricole
8472ef70-072e-4e1c-8367-8e6128280a8f,"CHEF DE BUREAU SOUS-PREFECTORL, AGENT ISF",2025-04-08,2027-04-08,Employé,5cc97545-debc-48c3-9b74-cc0e7eacd317,,CDD Terme Imprécis,"CHEF DE BUREAU SOUS-PREFECTORL, AGENT ISF",Institut National de Formation Professionnelle Agricole
4cd64097-7988-4899-a6e7-516e5c3d2430,"CHEF DE BUREAU SOUS-PREFECTORAL, AGENT FFA",2025-04-08,2027-04-08,Employé,2130b180-5d6c-4027-bf75-438e381b0021,,CDD Terme Imprécis,"CHEF DE BUREAU SOUS-PREFECTORAL, AGENT FFA",Institut National de Formation Professionnelle Agricole
04b4ab40-ccd9-4be4-9dcc-bea8727497bf,CHEF DE BRIGADE TOPOGRAPHIQUE,2025-04-08,,Agent de maitrise,de7006d4-c761-4299-84ff-538b53cc0179,,CDI,CHEF DE BRIGADE TOPOGRAPHIQUE,Institut National de Formation Professionnelle Agricole
0c94520b-575f-4b64-9efc-8d4fd1202c75,OPERATEUR GNSS,2025-04-08,2027-04-08,Employé,c5684441-04d0-43e9-80b2-8c1d2d67fd62,,CDD Terme Imprécis,OPERATEUR GNSS,Institut National de Formation Professionnelle Agricole
f2a0b3e5-b734-4fc8-93b7-4e5315578ae4,OPERATEUR GNSS,2025-04-08,2027-04-08,Employé,5746a541-046e-43ed-85d6-6abde2290d52,,CDD Terme Imprécis,OPERATEUR GNSS,Institut National de Formation Professionnelle Agricole
5a960d13-07d1-464d-812d-11ce2c24ed27,COMMISSAIRE ENQUETEUR,2025-07-01,,Agent de maitrise,f46b2cbb-3d9e-4fb4-b4a3-11b166bd8bfe,,CDI,Sélectionnez une qualification,Sélectionnez une école
4e302eb2-48b1-4ac0-8864-d5de4a2871e8,INGENIERIE SOCIO FONCIERE,2025-07-01,,Agent de maitrise,58b85e98-afed-4ae3-8e43-1154519f4c41,,CDI,ISF,Institut National de Formation Professionnelle Agricole
64c00916-e398-4d06-96a3-ab9d5013d4d7,GEOMETRE TOPOGRAPHE,2025-07-01,,Agent de maitrise,f8473864-ebb7-41d4-ba1b-3d87f3b5765d,,CDI,GEOMETRE TOPOGRAPHE,LYCEE PROFESSIONEL SAN PEDRO
80aab699-aca8-4140-a089-558fa2032e59,Chef de projet Mé / N’Zi,2025-04-08,,Agent de maitrise,473e00f7-2ad6-4619-96db-77908b25c214,,CDI,Chef de projet Mé / N’Zi,Université Alassane Ouattara
e4a5fc46-e851-481a-a7ac-e4575693a230,Responsable ISF Me,2025-04-08,,Agent de maitrise,fdb18c90-8609-48eb-bae2-db25aebd01be,,CDI,Responsable ISF Me,Institut National de Formation Professionnelle Agricole
212d97bb-a8d4-492d-8a8f-86d9c20af1e5,Responsable administratif et financier Me,2025-04-08,,Agent de maitrise,5ff18dd5-e628-4c90-9a86-170383841a9f,,CDI,Responsable administratif et financier Me,Université Alassane Ouattara
a82782e6-4bb5-4cae-802a-e573e9385514,Responsable SIFOR Me,2025-04-08,,Agent de maitrise,80b4188f-d773-4034-b951-a13bd1d81a7f,,CDI,Responsable SIFOR Me,Université Alassane Ouattara
c0f25d1b-f650-4b02-afc3-aea037881b16,INGENIERIE SOCIO FONCIERE,2025-07-01,,Cadre,5f003087-8063-4ba8-986d-48534257acfe,,CDI,ISF,Université Alassane Ouattara
9a69b8e0-f8ad-4d79-ab7c-a613973cb85c,APVA,2025-05-05,,Employé,3a467b09-743c-4cbc-a8a1-7c5d128bf436,,CDI Terme Imprécis,SECRETAIRE ADMINISTRATIF,INCONNU
5dc70bef-cf52-470e-a76b-21b633c89779,INGENIERIE SOCIO FONCIERE,2025-07-01,,Agent de maitrise,98518467-aa83-453a-af5b-ab009d38db9c,,CDI,ISF,CAD
317cf575-6d00-477f-88e2-f3ebde58f3ba,GEOMETRE TOPOGRAPHE,2025-07-01,,Agent de maitrise,40a6b708-3cb2-46be-b9c0-8159c1f0c27f,,CDI,GEOMETRE TOPOGRAPHE,ESBTP YAMOUSSOUKRO
156a1638-6bc2-4107-bfcc-c07afe884f56,commissaire enquêteur,2025-06-23,2025-09-23,prestataire,9c01c670-73f4-4ab6-a7d0-623699d3413e,,Consultance/Prestations,Commissaire enquêteur,Sélectionnez une école
8d6184f2-9387-4e22-a8bc-93dbe74e99e0,commissaire enquêtrice,2025-06-23,2025-09-23,prestataire,30be10a1-8673-4dd0-8841-cba8d146b06f,,Consultance/Prestations,Commissaire enquêteur,Sélectionnez une école
0aa1a579-d33a-4600-970e-98b4eb855c2d,INCONNU,2025-05-02,2029-12-02,Employé,35d59c76-721a-4fcb-8dc4-eee32cd6b33f,,CDD Terme Imprécis,Assistant en productions végétales et animales,Sélectionnez une école
9dfab328-c25a-4294-b577-1fb81790f2b1,COMISSAIRE ENQUETEUR,2025-06-23,2027-06-23,Agent de maitrise,d38d940c-92ab-44e4-83cf-b304469a4512,,CDD Terme Imprécis,Commissaire enquêteur,UNIVERSITE FELIX HOUPHOUET BOIGNY
271b84e8-04e3-4394-be29-8ac917786394,REPRESENTANT DEPARTEMENTAL AFOR,2025-03-17,2026-03-17,Agent de maitrise,36ae21e7-bf70-4a22-993f-af2f375a8d9c,,CDD,Inconnu,Sélectionnez une école
2cbd3c1d-bc51-4dd6-8c52-2c4b720a794b,INGENIERIE SOCIO FONCIERE,2025-07-01,,Cadre,29cb3f6c-7349-4ec7-b9de-febdcc953fe6,,CDI,ISF,Université Alassane Ouattara
d223ee03-daf8-4ad4-8847-bc6f94bf870d,COMMISSAIRE ENQUETEUR,2025-06-23,2027-06-23,Agent de maitrise,995832d6-dcc2-4bb3-a5a6-2d48fe954442,,CDD Terme Imprécis,Commissaire enquêteur,Université Alassane Ouattara
c30c211a-8696-4c68-b883-7013aa4794ff,REPRESENTANT REGIONAL,2020-11-16,,Cadre,044315ba-d8ff-476b-838a-e35cc821fefc,,CDI,REPRESENTANT REGIONAL,Sélectionnez une école
20ccfdd5-2d71-4ca7-9f37-c3a7482df550,COMISSAIRE ENQUETEUR,2025-06-23,2027-06-23,Agent de maitrise,b4e77d49-9a21-459a-8efb-a5f8fb34bc71,,CDD Terme Imprécis,FONCIER RURAL,INFPA
c4c3fb01-07c1-4ba6-a83e-1fe001bade69,COMISSAIRE ENQUETEUR,2025-07-01,2027-07-01,Agent de maitrise,02a477ea-8eb7-465a-b9cf-bdc5efce2a9b,,CDD Terme Imprécis,Commissaire enquêteur,Université Alassane Ouattara
82c0a9b5-a2d7-483f-922d-8599289e4e63,Chauffeur,2025-04-08,2027-04-08,Employé,91d5a0a3-5c5d-4800-8f4c-fc503f4d219c,,CDD Terme Imprécis,Chauffeur,Autre
3ce97f98-bdc1-46a1-beb1-8dc91da20f10,AGENT ISF,2025-04-08,2026-04-08,Employé,5a1aa346-9531-4262-9786-daf0fa916822,,Stage/Apprentissage,AGENT ISF,Institut National de Formation Professionnelle Agricole
a0a41075-efbd-4b72-a467-d6dbe81bd157,OPERATEUR GNSS,2025-04-08,2027-04-08,Employé,635127dc-7f6f-4b19-a684-e4242cef5d0c,,CDD Terme Imprécis,OPERATEUR GNSS,Institut National de Formation Professionnelle Agricole
c2e17410-aa25-41ac-afe4-2f360d1d3f5f,OPERATEUR GNSS,2025-04-08,2027-04-08,Employé,716cd112-4c03-4bf9-99a2-0c7d62bdd4f0,,CDD Terme Imprécis,OPERATEUR GNSS,Institut National de Formation Professionnelle Agricole
03d43411-b93f-4583-8a2c-88ed27eb02ae,Moyens généraux,2025-04-08,,Employé,28266ac9-4803-4a2e-845e-b0488eba1b51,,CDI,Moyens généraux,Institut National de Formation Professionnelle Agricole
a03429b8-dbb9-4350-8c01-b31dcaabef9b,Coordonnateur départemental Yakasse-Attobrou,2025-04-08,2027-04-08,Employé,d954b1f7-ae74-4b24-953b-0d96e512f87c,,CDD,Coordonnateur départemental Yakasse-Attobrou,Institut National de Formation Professionnelle Agricole
de35e575-63f3-4825-9771-635ee58ed3fb,CHAUFFEUR,2025-04-08,2027-04-08,Employé,4655990f-3500-4d1c-9e12-e745907f6a20,,CDD,CHAUFFEUR,Institut National de Formation Professionnelle Agricole
7d20866c-510e-4b8a-b078-f4a5a592f768,INGENIERIE SOCIO FONCIERE,2025-07-01,,Agent de maitrise,f50aaa65-e94c-4d23-a75d-4ab680ea1a5c,,CDI,ISF,Institut National de Formation Professionnelle Agricole
6b71e9de-9623-4210-80c7-2257dfc68a2c,Animateur rural (point focal),2025-04-08,2026-04-08,Employé,a5c6ff4f-d9ce-497c-b7e3-e89101e88110,,Stage/Apprentissage,Animateur rural (point focal),Autre
63ffff8b-d5ed-4257-ba72-8bb251cb79e0,commissaire enquêteur,2025-06-23,2025-09-23,prestataire,516181ed-7dad-43cd-8faa-01a51960fdd7,,Consultance/Prestations,Commissaire enquêteur,Sélectionnez une école
a85f1855-0f2f-4f1d-b045-5388014790e2,Opérateur Topographe,2025-05-04,2028-11-04,Agent de maitrise,23d29a25-24c4-4128-b345-620a9d880a88,,Consultance/Prestations,Commissaire enquêteur,Institut National de Formation Professionnelle Agricole
88312533-cdb2-407d-b0a0-5699b1a1851c,Animateur rural (point focal),2025-04-08,2026-04-08,Employé,77849f6b-8e3d-4626-9a1e-09c3bdb23878,,Stage/Apprentissage,Animateur rural (point focal),Autre
903f4668-ee22-4607-886d-48b2c38cf213,Animateur rural (point focal),2025-04-08,2026-04-08,Employé,6d92a067-5d9b-4168-a2ff-32f34fc5b690,,Stage/Apprentissage,Animateur rural (point focal),Autre
2f2a4eda-9dad-41c7-a5ff-06ba13e16767,Animateur rural (point focal),2025-04-08,2026-04-08,Employé,6c64ded8-48da-418e-a78d-bbf0a1d29472,,Stage/Apprentissage,Animateur rural (point focal),Autre
b54a9383-d23b-4403-973a-207dbd277bc9,Animateur rural ( point focal),2025-04-08,2026-04-08,Employé,c592438c-1b35-4268-8018-193b5ca4fea8,,Stage/Apprentissage,Animateur rural ( point focal),Autre
de6264bd-281c-4907-a09d-65fd5f222168,Animateur rural (point focal),2025-04-08,2026-04-08,Employé,130c8e4c-fd63-4d52-9eaa-7ad58d937468,,Stage/Apprentissage,Animateur rural (point focal),Autre
719b9b19-fe90-40e6-9e02-46256b40646f,Animateur rural (point focal),2025-04-08,2026-04-08,Employé,c0668bef-9768-496a-bf41-0167ca325873,,Stage/Apprentissage,Animateur rural (point focal),Autre
7793f5d9-c167-43cd-ad34-4f3c025be67f,Animateur rural (point focal),2025-04-08,2026-04-08,Employé,c8504113-21ef-47dc-bbbf-9fb63822e60e,,Stage/Apprentissage,Animateur rural (point focal),Autre
78267c66-de92-44d6-96bf-f12aa8f00a77,Animateur rural (plan focal),2025-04-08,2026-04-08,Employé,f629e969-20a8-49f0-a252-9f70d80b15d3,,Stage/Apprentissage,Animateur rural (plan focal),Autre
8eaaa708-7f06-40a2-90ea-8fb74ea4ae6c,Animateur rural (plan focal),2025-04-08,2026-04-08,Employé,92037206-9187-4d4a-a50f-d72bd13a1066,,Stage/Apprentissage,Animateur rural (plan focal),Autre
5ed478c7-d195-473c-bc32-76b279289fb3,Animateur rural (plan focal),2025-04-08,2026-04-08,Employé,fc7b2de7-df1f-4fa0-8191-e4381a27c3f3,,Stage/Apprentissage,Animateur rural (plan focal),Autre
a2532d3f-72a3-48bd-8abc-e25f6f3f7dd0,Animateur rural (plan focal),2025-04-08,2026-04-08,Employé,f9ed59f1-e989-4b9f-910c-b76ae3fa5ecf,,Stage/Apprentissage,Animateur rural (plan focal),Autre
32062ac4-a2b1-463c-ab28-b30de8a830a3,INGENIERIE SOCIO FONCIERE,2025-07-01,,Cadre,9f21cba6-4131-4aca-887b-1a914754512c,,CDI,ISF,Université Alassane Ouattara
ccfc8d32-e307-4044-9b01-aefe80bf307a,COMMISSAIRE ENQUETEUR,2025-07-01,,Cadre,3f564cf3-d886-4344-92f9-ddb18ec5a7b2,,CDI,Commissaire enquêteur,UNIVERSITE L GUEDE DALOA
b37e1546-c2e0-4d48-a850-fa50c943506b,INGENIERIE SOCIO FONCIERE,2025-07-01,,Agent de maitrise,42a8e8ae-a8b0-4edd-a641-77d14616e287,,CDI,ISF,Institut National de Formation Professionnelle Agricole
edac7814-db9b-40a1-b138-3e9242d2ba9c,COMMISSAIRE ENQUETEUR,2025-07-01,,Agent de maitrise,14efb590-e361-4139-a2eb-3ee50a8e2ba2,,CDI,Commissaire enquêteur,COLLEGE MODERNE ANNUANDOH TANDA
9a4981d6-4db6-4897-be7f-6011e8f37713,INGENIERIE SOCIO FONCIERE,2025-07-01,,Agent de maitrise,8e66c630-b4da-496c-8707-a33563f27d68,,CDI,ISF,COLLEGE ABOBLA DIVO
1e4a8e80-6df9-44d5-a140-b33feab8b2be,INCONNU,2025-05-02,2029-12-02,Employé,66c28696-3a5e-4a01-ac75-15b8ec28fd59,,CDD Terme Imprécis,Assistant en productions végétales et animales,Inconnu
685bceec-28b4-401b-9105-a9e33873ea5f,Chef des équipes techniques départemental,2025-05-28,2025-11-28,Employé,31481cf7-a2ea-465d-944d-7f2fc0e0a0e7,,CDD,GEOMETRE TOPOGRAPHE,ECOLE PROFESSIONNELLE
d66d5bf2-91ad-4af5-bee1-91cd9062b98c,COMISSAIRE ENQUETEUR,2025-07-01,2027-07-01,Agent de maitrise,ded59826-de17-40c9-81ce-3b0a6686a597,,CDD Terme Imprécis,Commissaire enquêteur,CHAIRE UNESCO
87079d34-b226-4187-80a7-60e0716c62f8,"CHEF DE BUREAU SOUS-PREFECTORL, AGENT ISF",2025-04-08,2026-04-08,Employé,e63daf98-c9cf-4011-8db3-e6d7a9a183b2,,Stage/Apprentissage,"CHEF DE BUREAU SOUS-PREFECTORL, AGENT ISF",Institut National de Formation Professionnelle Agricole
9f9e33bf-4f60-4894-acb7-f907c33df9cd,AGENT ISF,2025-04-08,2026-04-08,Employé,c5dda55c-8b33-446b-8959-94f54154c581,,Stage/Apprentissage,AGENT ISF,Institut National de Formation Professionnelle Agricole
82a7260a-c35a-4364-8226-22e92a0733f9,AGENT ISF,2025-04-08,2026-04-08,Employé,ef025ac3-bd74-44d1-a8c8-9a51b55c6f03,,Stage/Apprentissage,AGENT ISF,Institut National de Formation Professionnelle Agricole
20ca635a-a94b-45f5-9fb2-a88ef07d1422,"CHEF DE BUREAU SOUS-PREFECTORAL, AGENT FFA",2025-04-08,2026-04-08,Employé,8e1cb231-17d3-4a1d-997b-df3b86cdd2f6,,Stage/Apprentissage,"CHEF DE BUREAU SOUS-PREFECTORAL, AGENT FFA",Institut National de Formation Professionnelle Agricole
a3c4bfc0-032c-429d-8bbf-35d7aee7d4ef,"CHEF DE BUREAU SOUS-PREFECTORL, AGENT ISF",2025-04-08,2026-04-08,Employé,60633f19-b90b-472f-94da-141fd3063f49,,Stage/Apprentissage,"CHEF DE BUREAU SOUS-PREFECTORL, AGENT ISF",Institut National de Formation Professionnelle Agricole
abb50a59-4d9d-484f-b358-36254800c95d,"CHEF DE BUREAU SOUS-PREFECTORL, AGENT ISF",2025-04-08,2027-04-08,Employé,b660a20d-6b7e-4ded-aa04-b19bb1dcec4c,,CDD Terme Imprécis,"CHEF DE BUREAU SOUS-PREFECTORL, AGENT ISF",Institut National de Formation Professionnelle Agricole
fef6a964-201f-4210-a484-aad48b44e13f,"CHEF DE BUREAU SOUS-PREFECTORL, AGENT ISF",2025-04-08,2026-04-08,Employé,5c73362e-8b66-4b78-998b-7f3bb6f51211,,CDD Terme Imprécis,"CHEF DE BUREAU SOUS-PREFECTORL, AGENT ISF",Institut National de Formation Professionnelle Agricole
a4732ea7-62c8-42ff-8936-579653922a80,Chargée genre et inclusion sociale,2025-04-08,2027-04-08,Employé,ede8fa9d-8ba0-465a-abe9-aafc332c4aee,,Stage/Apprentissage,Commissaire enquêteur,Institut National de Formation Professionnelle Agricole
7a7ca2c1-c172-4f04-83fe-5ee933f26f67,Chargée hygiène santé et environnement,2025-04-08,2027-04-08,Agent de maitrise,018953e8-6a9a-4de3-8d11-c5b75d8f6205,,Stage/Apprentissage,Assistant en productions végétales et animales,Institut National de Formation Professionnelle Agricole
a090fc18-1d3a-42c1-b20c-d91a0f35cb30,OPERATEUR GNSS STAGIAIRE,2025-04-08,2026-04-08,Employé,90bd1449-424d-4c81-8e4d-f6c9c928349c,,CDD Terme Imprécis,OPERATEUR GNSS STAGIAIRE,Institut National de Formation Professionnelle Agricole
41d26058-1c7a-4d09-a013-ac309e0065aa,COMMISSAIRE ENQUETEUR,2025-07-01,,Cadre,196756e5-0a13-4361-a167-1131f925ee83,,CDI,Commissaire enquêteur,Université Alassane Ouattara
d16af779-7c9a-481e-9a3c-63c4c52670ee,Chef des équipes techniques départemental,2025-04-08,2027-04-08,Agent de maitrise,9931cbb7-5c2d-40d4-9bbd-5f1250be4e46,,CDD Terme Imprécis,Sélectionnez une qualification,Institut National de Formation Professionnelle Agricole
85b70791-9055-41e8-ba11-d018d22201b6,APVA,2025-05-05,,Employé,96cde972-b625-4cd1-8efc-5c22b8d2d332,,CDI Terme Imprécis,Assistant en productions végétales et animales,INCONNU
a69c3758-092b-440d-b0a2-477c1801e3ca,REPRESENTANTE DEPARTEMENTALE,2021-08-16,,Agent de maitrise,b41c5383-2702-4f97-9b56-98fb97172ee0,,CDI,REPRESENTANTE DEPARTEMENTALE,Sélectionnez une école
bf632ce0-6450-4da6-af4d-aaa51355695d,commissaire enquêteur,2025-06-23,2025-09-23,prestataire,6295a245-239c-47a1-80d9-8d7adc4e4a43,,Consultance/Prestations,Commissaire enquêteur,Sélectionnez une école
f78c7f05-1939-4fb2-bca6-a5f25d7a9285,commissaire enquêtrice,2025-06-23,2025-09-23,prestataire,46c98eed-8ee5-4cc1-84ee-4854a075f895,,Consultance/Prestations,Commissaire enquêteur,Sélectionnez une école
c3b62ecc-3c5b-4865-bebb-79789bdeeb7e,Coordonnateur régional,2025-04-08,2027-04-08,Agent de maitrise,c707311c-588b-4ec5-9f3f-90c7be3c5819,,CDD,Administrateur en foncier rural,Institut National de Formation Professionnelle Agricole
c014b419-e4f5-4630-942a-c22e046bdff8,Chef projet Indénié et Sud-Comoé,2025-04-08,,Agent de maitrise,f5c81477-8603-4f03-87c2-35379b7c8db5,,CDI,Chef projet Indénié et Sud-Comoé,Institut National de Formation Professionnelle Agricole
5a8d98e6-7197-400e-9c1c-6a8e30e0ffd3,Aministrateur du groupement,2025-04-08,2027-04-08,Agent de maitrise,b84363e6-eae8-4c99-a13a-cd4cf6ea2640,,CDD,Aministrateur du groupement,Institut National de Formation Professionnelle Agricole
dd227fdb-f984-4835-9eea-600388686960,INFORMATICIEN,2025-04-08,,Cadre,c00b4919-a9db-4894-8c2e-5eb4a7661382,,CDI,INFORMATICIEN,Université Alassane Ouattara
7bd52ad8-7c71-4d39-bde0-cf3a4af472c0,Responsable Géodésie et Topographie Me,2025-04-08,,Cadre,fa507f2e-8ce2-4462-a660-6ba2b04df620,,CDI,Responsable Géodésie et Topographie Me,Université Alassane Ouattara
1787eb38-07bd-4c0e-868c-b9aa468dd56b,Coordonnatrice départemental Akoupe-Adzope,2025-04-08,2027-04-08,Employé,ff1535e0-15f5-4e7c-b9cc-c40ff0560da7,,CDD,Coordonnatrice départemental Akoupe-Adzope,Institut National de Formation Professionnelle Agricole
d7c52bb2-7d16-473f-8920-cef7297ce802,Coordonnateur départemental Alepe,2025-04-08,2027-04-08,Employé,271f931d-fe71-473b-8ff6-58ff678da613,,CDD,Coordonnateur départemental Alepe,Institut National de Formation Professionnelle Agricole
da02e0e3-fe8a-4287-a3cd-97b96517608f,commissaire enquêteur,2025-06-23,2025-09-23,prestataire,e5e6f26a-1072-4e70-81bf-10ff4a12c3a2,,Consultance/Prestations,Commissaire enquêteur,Sélectionnez une école
3bc88fc8-aa4e-4a39-9df8-45e85210a8f9,commissaire enquêteur,2025-06-23,2025-09-23,prestataire,2d1ec428-e169-422b-9eea-f66911071535,,Consultance/Prestations,Commissaire enquêteur,Sélectionnez une école
93deffe4-8827-4862-84a1-a2669d8ae27c,APVA,2025-05-05,,Employé,6514be50-da0a-47d5-bcbf-55c2c0d17505,,CDI Terme Imprécis,Assistant en productions végétales et animales,INCONNU
0c943a41-0fcc-4876-91fd-e107ece608da,APVA,2025-05-05,,Employé,c6ef1b70-36fd-4204-bf94-fd5fa0d5ce53,,CDI Terme Imprécis,Assistant en productions végétales et animales,INCONNU
6fa87a7a-8836-4487-8146-c437dbc15eda,ANIMATEUR RURAL- COMMISSAIRE ENQUETEUR,2025-06-16,2025-12-16,Employé,bd846882-cd66-4c90-a322-9ada55d01474,,CDD,Commissaire enquêteur,UNIVERSITE FELIX HOUPHOUËT BOIGNY COCODY D'ABIDJAN
f77a5fa7-746d-4dd0-b476-5f883d96c26e,COMMISSAIRE ENQUETEUR,2025-08-03,2026-02-03,Employé,aab67990-f2c5-44c6-88d1-1ed7df8a6865,,CDD,COMMISSAIRE ENQUETEUR,GROUPE ESAM ABIDJAN
ebef72a4-7054-4430-8ca6-1562c5f51d23,Point Focal,2025-09-23,2026-03-23,Agent d'appui,3eb794a0-4da8-42d9-914f-8455824a3c24,,Consultance/Prestations,Point Focal,Collège Municipal de Danané
6d51fafd-2e02-45b6-96a5-c002e5d083f4,"CHEF DE BUREAU SOUS-PREFECTORL, AGENT ISF",2025-04-08,2027-04-08,Employé,bf4a71c4-7de6-44e9-9f2a-c3b30c3ac200,,CDD Terme Imprécis,"CHEF DE BUREAU SOUS-PREFECTORL, AGENT ISF",Université Alassane Ouattara
d99f7afb-e86b-4a55-b8a5-52926d75d3df,AGENT ISF,2025-04-08,2026-04-08,Employé,589c2532-9fa3-415e-8c66-d93561b02aa7,,Stage/Apprentissage,AGENT ISF,Institut National de Formation Professionnelle Agricole
25a236e2-1d29-4105-9fd4-1c299475aab9,CHEF DE BRIGADE TOPOGRAPHIQUE              INTERIM REGIONAL,2025-04-08,,Cadre,a1beee5b-95ce-4560-ae60-02add3229b0c,,CDI,CHEF DE BRIGADE TOPOGRAPHIQUE              INTERIM REGIONAL,Université Alassane Ouattara
31037e49-63d6-4c3a-8c2b-502e1a84601c,OPERATEUR GNSS,2025-04-08,,Employé,b08729da-0edc-4238-8cb5-bb8285aee1c0,,CDI,OPERATEUR GNSS,Institut National de Formation Professionnelle Agricole
add1df6b-3003-44d8-a77b-93ec3aa3f50c,OPERATEUR GNSS,2025-04-08,2027-04-08,Employé,804dd8cd-fcfb-4a2b-a971-25cd4326eb4c,,CDD Terme Imprécis,OPERATEUR GNSS,Institut National de Formation Professionnelle Agricole
15a34db6-17f1-43a0-9630-71ae1e8822d6,OPERATEUR GNSS,2025-04-08,2027-04-08,Employé,99df1c55-673b-4785-8eb9-12d4449e32cc,,CDD Terme Imprécis,OPERATEUR GNSS,Institut National de Formation Professionnelle Agricole
5981c150-8552-486d-9e84-f20f8d0fd83c,OPERATEUR GNSS,2025-04-08,2027-04-08,Employé,e5c45832-c680-4046-9cd0-7fa87817d093,,CDD Terme Imprécis,OPERATEUR GNSS,Institut National de Formation Professionnelle Agricole
5e68a3c7-3d31-44ca-95ab-945295878733,INGENIERIE SOCIO FONCIERE,2025-07-01,,Agent de maitrise,21308659-f4dd-4da9-985b-ba7f00da67e6,,CDI,ISF,Sélectionnez une école
ad441161-6452-447d-8185-79b163564ea8,Chef des équipes techniques départemental,2025-04-08,2027-04-08,Agent de maitrise,42667e68-0560-4f80-9918-88a0f58432a6,,CDD Terme Imprécis,Administrateur en foncier rural,Institut National de Formation Professionnelle Agricole
de2ee0e4-a1a9-497d-910d-136615a325d8,Chef des équipes techniques départemental,2025-04-08,2027-04-08,Agent de maitrise,36e6e048-bfcc-4250-8abf-8061e170e897,,CDD Terme Imprécis,Administrateur en foncier rural,Institut National de Formation Professionnelle Agricole
3ee26f8b-0aa7-4fc6-8972-48232e2d6f2c,INGENIERIE SOCIO FONCIERE,2025-07-01,,Agent de maitrise,9d57d3db-0aa9-44a2-b87c-3a80d696eb1b,,CDI,ISF,INSTITUT SUPERIEUR POLYTECHNIQUE D AFRIQUE
62479e17-b4e7-40ed-a9a5-cb90800f1707,Agent ISF,2025-04-08,2027-04-08,Employé,7e375240-71a2-4100-9095-a35a0196dd81,,Stage/Apprentissage,Agent ISF,Institut National de Formation Professionnelle Agricole
d311b3a9-e8ab-4e80-8eaf-ab6e3f040038,Agent ISF,2025-04-08,2027-04-08,Employé,f5fdfb49-8bb7-4835-adf2-9926a55d5579,,Stage/Apprentissage,Agent ISF,Institut National de Formation Professionnelle Agricole
8a0191d5-7425-4044-a9f3-726228a8bbc0,Agent ISF,2025-04-08,2027-04-08,Employé,0c435784-4347-44c7-82fd-d56e4d4c0857,,Stage/Apprentissage,Agent ISF,Institut National de Formation Professionnelle Agricole
e8e38243-1e21-406c-a2ed-0bbdc78f7e35,Agent ISF,2025-04-08,2027-04-08,Employé,e70ddd18-04f3-4073-a114-3fb98547bc0a,,Stage/Apprentissage,Agent ISF,Institut National de Formation Professionnelle Agricole
fb1e6838-1479-422b-9d30-2269d0dfac63,Agent ISF,2025-04-08,2027-04-08,Employé,adb647d9-e394-431b-81fb-09221bc6634d,,Stage/Apprentissage,Agent ISF,Institut National de Formation Professionnelle Agricole
99e5b166-dd72-4223-bd73-06aa775994bb,COMMISSAIRE ENQUETEUR,2025-07-01,,Cadre,5e6a4e61-25df-49c7-b4b8-9523244535ba,,CDI,Commissaire enquêteur,Université Alassane Ouattara
149fbc78-54a4-4136-a78a-0174df22a7c5,Agent Formalité Foncière,2025-04-08,2027-04-08,Employé,6f415d4c-be36-42e2-b70b-682dbc4c089e,,Stage/Apprentissage,Agent Formalité Foncière,Institut National de Formation Professionnelle Agricole
4aa78537-04f0-43f9-bdd3-968a3fe673cd,Agent Formalité Foncière,2025-04-08,2027-04-08,Employé,142287fa-4976-442d-81ad-6874a15dd112,,Stage/Apprentissage,Agent Formalité Foncière,Institut National de Formation Professionnelle Agricole
ff2d56f2-924b-4317-a529-aacc46ac0b20,Agent Formalité Foncière,2025-04-08,2027-04-08,Employé,690e214b-7258-4937-8245-2f3fc393b0d0,,Stage/Apprentissage,Sélectionnez une qualification,Institut National de Formation Professionnelle Agricole
28c8e3d7-3080-403c-b178-b01c318b00c1,Agent formalité foncière,2025-04-08,2027-04-08,Employé,fa2650ac-0af0-40e6-baf7-decc8084d14d,,Stage/Apprentissage,Agent formalité foncière,Institut National de Formation Professionnelle Agricole
d2c8d202-85f1-4918-b90f-be4c1d0d3e56,Agent formalité foncière,2025-04-08,2027-04-08,Employé,eab16c9e-649e-4121-b19c-34192abde181,,Stage/Apprentissage,Agent formalité foncière,Institut National de Formation Professionnelle Agricole
00295bed-8ff5-4138-862d-2f87e1596645,Agent formalité foncière,2025-04-08,2027-04-08,Employé,e0969f72-e437-4801-830d-8c60f24a3216,,Stage/Apprentissage,Agent formalité foncière,Institut National de Formation Professionnelle Agricole
68dd58ba-5389-4d26-8879-22c3fa5f5a54,Agent formalité foncière,2025-04-08,2027-04-08,Employé,1a4588a3-1d12-402c-9d53-a847a61f982d,,Stage/Apprentissage,Agent formalité foncière,Institut National de Formation Professionnelle Agricole
47cce727-26f5-4cdb-b99c-bede81c8a44e,Agent formalité foncière,2025-04-08,2027-04-08,Employé,288cb357-1793-478d-9d93-1f4c3416246d,,Stage/Apprentissage,Agent formalité foncière,Institut National de Formation Professionnelle Agricole
e98e4f2b-685d-4ab8-9bcd-0dbe0cf312bf,GEOMETRE TOPOGRAPHE,2025-07-01,,Agent de maitrise,ffe0b636-0602-40da-b238-9019a987ca74,,CDI,GEOMETRE TOPOGRAPHE,TFAM BONOUMIN
2f75ba45-9d07-4d68-ad6a-acce93a16df0,Agent formalité foncière,2025-04-08,2027-04-08,Employé,ac5cfcc8-6e5e-4695-bdf6-d51cc7efb698,,Stage/Apprentissage,Agent formalité foncière,Institut National de Formation Professionnelle Agricole
46f70e68-b8af-4884-ad99-c69c1cf5c3eb,GEOMETRE TOPOGRAPHE,2025-07-01,,Agent de maitrise,ae92fbd5-8b1e-4e1a-84b9-b2e393b79c91,,CDI,GEOMETRE TOPOGRAPHE,ESBTP YAMOUSSOUKRO
c0ce816a-6537-4c1b-a0fa-393b51104bf1,GEOMETRE TOPOGRAPHE,2025-07-01,,Agent de maitrise,295b1632-34c6-47f1-84d5-dea0653ca49e,,CDI,GEOMETRE TOPOGRAPHE,ESBTP PLATEAU
5b265474-feb0-417b-83e4-06cbecfb66be,COMMISSAIRE ENQUETEUR,2025-07-01,,Cadre,0b895ec8-00dc-4d7b-80ae-9c87b342307f,,CDI,Commissaire enquêteur,Université Alassane Ouattara
dd639334-b43a-4a2a-859d-eb81bf8c66ed,commissaire enquêteur,2025-06-23,2025-09-23,prestataire,ba0554f1-37f0-4f5a-9f9b-671c83fc5420,,Consultance/Prestations,Commissaire enquêteur,Sélectionnez une école
a3aa441e-4007-4af5-b4e9-7390158f17f0,commissaire enquêteur,2025-06-23,2025-09-23,prestataire,db1e168d-b640-437a-915d-4993376b1e21,,Consultance/Prestations,Commissaire enquêteur,Sélectionnez une école
5171fa06-ca3f-4c28-a128-fb7396881987,REPRESENTANT DEPARTEMENTAL,2023-09-04,,Agent de maitrise,400bc4c2-b6e1-4ecf-96e4-15cd1ce81ce8,,CDI,REPRESENTANT DEPARTEMENTAL,Sélectionnez une école
2e47dd5b-c166-4148-803c-fa0439ee6920,Moyens généraux,2025-04-08,2027-04-08,Employé,4c54bd97-0296-4989-bd66-dd011dee3476,,CDD,Moyens généraux,Institut National de Formation Professionnelle Agricole
003f6306-034f-4eaa-ac63-3e1f20825a5c,Animateur rural ( point focal),2025-04-08,2026-04-08,Employé,21cd48b5-71c0-4897-838a-a8591f9f9482,,Stage/Apprentissage,Animateur rural ( point focal),Autre
d0bae02c-24fd-48cb-9f9a-259d66cb5a96,Animateur rural ( point focal),2025-04-08,2026-04-08,Employé,8dfdfcd6-9fca-4977-895b-356ddf9ee93d,,Stage/Apprentissage,Animateur rural ( point focal),Autre
c5a5e553-9d8d-4624-89ed-1178857302c6,Responsable Regional,2024-07-01,,Cadre,12417d49-d783-4fb8-b0ea-a95dde17073a,,CDI,Inconnu,Inconnu
a4c7fc4a-a1f7-475a-807e-47c9c57c7279,Animateur rural (plan focal),2025-04-08,2026-04-08,Employé,f2f19d26-d5bd-48f0-a5f8-ea83491e2a98,,Stage/Apprentissage,Animateur rural (plan focal),Autre
808bf90d-a7ec-4553-a4ad-a2cfbf22f780,INGENIERIE SOCIO FONCIERE,2025-07-01,,Agent de maitrise,ac5a6663-b604-4c13-bb10-bf5a77cfdc33,,CDI,ISF,CS ERUDI ALEPE
0d78790e-76cc-4597-b182-8caafe91ce40,Animateur rural (point focal),2025-04-08,2026-04-08,Employé,154633e3-611e-4976-aeb5-000dd60b55be,,Stage/Apprentissage,Animateur rural (point focal),aucun
f8fa2b4c-7e74-4bbe-8637-04affd48bb8f,TOPOGRAPHE,2025-07-01,2026-01-01,Employé,79f01ed2-8c57-4d54-837c-c9125831efad,,CDD,GEOMETRE TOPOGRAPHE,ECOLE PROFESSIONNELLE
eaa08fc4-36a0-4223-9b38-9bdf421e5f24,Animateur rural (point focal),2025-04-08,2026-04-08,Employé,b571b0e1-c96a-4326-90d0-b6280422a015,,Stage/Apprentissage,Animateur rural (point focal),Autre
8c0b6e70-b282-4b7f-94d4-9f17e4248fea,Animateur rural (point focal),2025-04-08,2026-04-08,Employé,71ed9aff-2da0-4b07-9b42-0c2bed6b1b3d,,Stage/Apprentissage,Animateur rural (point focal),Autre
a04cf48f-f4f9-4d70-a3b9-9a9e31b74251,Animateur rural (point focal),2025-04-08,2026-04-08,Employé,e68b92ba-e494-469a-98c5-aad58a8bad3d,,Stage/Apprentissage,Animateur rural (point focal),Autre
fd7d502d-9e8d-48a4-91d1-2bc0fe7c7483,Animateur rural (point focal),2025-04-08,2026-04-08,Employé,6686d2ca-8fff-4be9-a867-d896d0f294db,,Stage/Apprentissage,Animateur rural (point focal),Autre
f8092ffe-36f6-4d28-a7e1-8c7ad48706c8,Animateur rural (point focal),2025-04-08,2026-04-08,Employé,890805c4-b459-4726-a44f-f1678141e5a4,,Stage/Apprentissage,Animateur rural (point focal),Autre
70095df6-6b12-40eb-bad9-dd5853ea9a05,COMMISSAIRE ENQUETEUR,2025-05-04,2028-11-04,Agent de maitrise,ddcfe181-fd6c-485b-ad5a-f98df1e32c45,,Consultance/Prestations,Commissaire enquêteur,Université Félix Houphouët Boigny
5b4f0783-22a4-4400-8971-cb7edfbe2d7a,COMMISSAIRE ENQUETEUR,2025-05-04,2028-12-04,Agent de maitrise,fa4153da-bf1e-4fde-8397-2d0f2e1f5cf8,,Consultance/Prestations,Commissaire enquêteur,Institut National de Formation Professionnelle Agricole
1fd44f1e-d9e5-4ce8-84c0-b58294eaac77,Animateur Rural (point focal),2025-04-08,2026-04-08,Employé,611e4721-80b4-48ff-86e4-93f1e45c18e4,,Stage/Apprentissage,Animateur Rural (point focal),Autre
5a581827-d7cf-43dd-b9f3-0db594d6107b,Animateur Rural (point focal),2025-04-08,2026-04-08,Employé,2f35fd4f-76e7-4bcf-95f8-734073871621,,Stage/Apprentissage,Animateur Rural (point focal),Autre
7f241a79-d472-48ca-86b1-de46e8165b23,COMMISSAIRE ENQUETEUR,2025-05-15,2028-11-15,Agent de maitrise,3e1f91db-c15d-4734-be47-39b61ea872ec,,Consultance/Prestations,Commissaire enquêteur,Institut National de Formation Professionnelle Agricole
308bfe8f-87b4-475f-b1af-f390db71766a,ASSISTANTE  EN PASSATION DE MARCHES,2024-08-05,2026-08-05,Cadre,74668d85-4d14-42e2-a90c-5179498e5f65,,CDD,ASSISTANTE EN PASSATION DE MARCHES,Inconnu
60f82e59-3206-479a-9882-10c5a88c5a14,Animateur rural (point focal),2025-04-08,2026-04-08,Employé,6915c13b-eddc-4a8e-b06a-5e8f02041aaf,,Stage/Apprentissage,Animateur rural (point focal),Autre
1393ba03-9d7c-4a01-8475-c08018acd345,INFORMATICIEN,2025-01-02,2026-01-02,Agent de maitrise,a22ce955-2e33-46a6-9648-a3d748ba2228,,CDD,TECHNICIEN SUPPORT INFOR & MAINTENANCE,Inconnu
ad22a5da-f637-4efc-a544-6754bf47d66a,Animateur rural ( point focal),2025-04-08,2026-04-08,Employé,27a340f1-3a8b-46c1-8b47-235436d52727,,Stage/Apprentissage,Animateur rural ( point focal),Autre
42313d9b-1afa-447d-8964-86583a25910b,COMMISSAIRE ENQUETEUR,2025-05-17,2028-11-17,Agent de maitrise,162b4cf5-7079-4831-9d6d-f44eff4e07d3,,Consultance/Prestations,Commissaire enquêteur,Institut National de Formation Professionnelle Agricole
536d56ce-261b-4c2f-b932-2e17ca794f0e,APVA,2025-05-05,,Employé,26eb6a9a-ec46-43a2-b310-1b3f59b30885,,CDI Terme Imprécis,Assistant en productions végétales et animales,INCONNU
45a267c0-c61b-45b2-82ed-1d3e9595ffb4,APVA,2025-05-05,,Employé,8dbc800e-907f-4063-acb4-ba5e5cd19f2e,,CDI Terme Imprécis,Assistant en productions végétales et animales,INCONNU
b2785a3b-69ae-4ac7-8986-f5897b86ee61,APVA,2025-05-05,,Employé,d4365ac4-2b3e-40de-bd52-9b5571bec31e,,CDI Terme Imprécis,Assistant en productions végétales et animales,INCONNU
4ad41982-9dc3-4137-b538-cd1cf94ab023,APVA,2025-05-05,,Employé,f020043f-5f7e-4128-95c4-fc18cc08e7d9,,CDI Terme Imprécis,Assistant en productions végétales et animales,INCONNU
d05de377-c8c3-42f1-92b8-b485ebbd72e4,APVA,2025-05-05,,Employé,410cdc9b-3add-4cef-aea9-8782c917d131,,CDI Terme Imprécis,Assistant en productions végétales et animales,Institut National de Formation Professionnelle Agricole
595d1540-2688-4a06-bd51-dd2f7462a40e,COMMISSAIRE ENQUETEUR,2025-06-16,2025-12-16,Employé,32732617-e0c5-4e32-8371-81abf5d2aec0,,CDD,Commissaire enquêteur,Université Alassane Ouattara
11a66c81-63dd-4c0b-987e-3f5c71d3cda3,APVA,2025-05-05,,Employé,9de0f9d2-2dc8-4b51-92ca-71bf1483e60f,,CDI Terme Imprécis,Assistant en productions végétales et animales,INCONNU
4e6afbc5-7bc9-43a5-bb06-78c5ebcbe967,APVA,2025-05-05,,Employé,2b92e8e1-808e-4fe5-a54a-2569c4ba0ed6,,CDI Terme Imprécis,Assistant en productions végétales et animales,INCONNU
1f56ab56-7727-4f5c-bf15-2ef78d2a5b2d,APVA,2025-05-05,,Employé,fd250158-4325-467b-ad47-c347709edb3b,,CDI Terme Imprécis,Assistant en productions végétales et animales,INCONNU
82ff2342-0abf-41a8-ba1f-108f40ce26fb,APVA,2025-05-05,,Employé,a41e61fb-faed-4469-a241-bb1bcbdad74b,,CDI Terme Imprécis,Assistant en productions végétales et animales,Institut National de Formation Professionnelle Agricole
d14ece6d-5c12-4065-a522-4043f24e22ec,APVA,2025-05-05,,Employé,c79c68f8-90f9-41f6-ac23-2c83a06f58d8,,CDI Terme Imprécis,Assistant en productions végétales et animales,Institut National de Formation Professionnelle Agricole
045aa123-bcdb-46fc-aed3-e04d0ac5a884,TECHNICIENNE TOPO,2025-09-15,2029-09-15,Agent de maitrise,9b7d779f-57af-4f54-b4f2-61c92accd686,,CDD Terme Imprécis,TECHNICIENNE TOPO,ESBTP ABIDJAN
da2649b5-6d0e-4663-aa7f-dea870280d53,GESTIONNAIRE DE BUREAU FONCIER SOUS PREFECTORAL,2025-04-16,,Employé,d23285f3-98ae-4089-8f04-b7444ed71c05,,CDI Terme Imprécis,Assistant en productions végétales et animales,Inconnu
7aeebfd2-b5dd-4b97-a15a-1abe3dabb4d4,Animateur rural ( plan focal),2025-04-08,2026-04-08,Employé,82b8f213-17ca-4924-a916-8e2c1214b4a4,,Stage/Apprentissage,Animateur rural ( plan focal),Autre
88a6dd9f-4b2a-434d-9b77-7a565458ad59,Animateur rural (point focal),2025-04-08,2026-04-08,Employé,ca93232f-7496-47a2-a283-8cb8985b6b56,,Stage/Apprentissage,Animateur rural (point focal),...
323de984-d29c-46fa-bf4e-6b3e0a6aadec,Animateur rural (point focal),2025-04-08,2026-04-08,Employé,b3715601-ed9b-4575-a169-7937f41e4840,,Stage/Apprentissage,Animateur rural (point focal),Autre
0d36980d-8e40-4135-91bf-f2800b72ed62,Animateur rural (point focal),2025-04-08,2026-04-08,Employé,8a1e2eea-dbb9-47e1-b244-685406af9471,,Stage/Apprentissage,Animateur rural (point focal),Autre
721bcb25-2e90-486a-91af-53f427c96ac0,Animateur rural (point focal),2025-04-08,2026-04-08,Employé,edd65db0-c497-478b-a062-7060ef77c865,,Stage/Apprentissage,Animateur rural (point focal),Autre
6a23a4f6-8650-419c-aed2-7b9802c830c0,Animateur rural (point focal),2025-04-08,2026-04-08,Employé,5331abb0-a127-4d9f-8656-b99a85841ae3,,Stage/Apprentissage,Animateur rural (point focal),Autre
b6cefab5-0a1f-4547-b1b8-51ec226f8251,animateur rural (point focal),2025-04-08,2026-04-08,Employé,06e944cb-faea-4984-a8f5-387693542c79,,Stage/Apprentissage,animateur rural (point focal),Autre
8bd43e41-3c5d-420f-a7ed-68ab6cb89a1e,Animateur rural ( point focal),2025-04-08,2026-04-08,Employé,5e7a5784-13c0-4508-9511-4390c556bc81,,Stage/Apprentissage,Animateur rural ( point focal),Autre
bcc79c75-d6df-4328-bbc5-79d5367d031b,Animateur rural (point focal),2025-04-08,2026-04-08,Employé,b10a47e1-c2d9-47bd-bc84-8ced657df70f,,Stage/Apprentissage,Animateur rural (point focal),Autre
32f1559d-5662-46f5-a190-e384231bbd02,Opérateur Topographe,2025-05-15,2028-11-15,Agent de maitrise,57383260-55b9-4556-812f-998faa3f4585,,Consultance/Prestations,Topographe,LYCEE MODERNE EXCELLENCE BOUAFLE
8953571f-19b8-4800-9415-7b76947b8fe2,Animateur rural (point focal),2025-04-08,2026-04-08,Employé,5267569f-b93b-411d-866c-cb44d492d999,,Stage/Apprentissage,Animateur rural (point focal),Autre
9b6028d4-7d82-4ee1-a3ed-f9da3b66a413,Animateur rural (point focale),2025-04-08,2026-04-08,Employé,27275fd8-9da2-46e0-ad30-39895dea7b7b,,Stage/Apprentissage,Animateur rural (point focale),Autre
d7c80521-e728-4748-ac63-d135dc020c3a,Animateur rural (point focal),2025-04-08,2026-04-08,Employé,cf3b2a34-87e4-4c5e-9642-bf5c6aaa5039,,Stage/Apprentissage,Animateur rural (point focal),Autre
15b3dd26-e1d2-4eeb-9268-30c90c872e5e,Animateur rural (point focal),2025-04-08,2026-04-08,Employé,adb4a1c6-5c96-47e8-9e00-143b60b114b7,,Stage/Apprentissage,Animateur rural (point focal),Autre
7852d2f0-c3ab-4087-baa2-c7a597e15644,Topographe,2025-05-04,2028-11-04,Agent de maitrise,7b38a28e-57cd-4377-9894-200c1ebd40db,,Consultance/Prestations,Topographe,IPNETP
4e3f7a0f-9a49-4f9b-9cfe-6805fd7a0ef2,Animateur rural (point focal),2025-05-08,2026-05-08,Employé,6193886f-43e5-49a1-9b38-4e53e7d00e91,,Stage/Apprentissage,Animateur rural (point focal),Autre
308787ab-9b13-4ece-9441-a16193eec8a1,Animateur rural (point focal),2025-04-08,2026-04-08,Employé,65e6248a-4c07-47ed-87e2-38eee02903c7,,Stage/Apprentissage,Animateur rural (point focal),Autre
10f705b3-9041-47cd-a3b6-28ca02f7bde6,Animateur rural (point focal),2025-04-08,2026-04-08,Employé,e7f7366a-d56d-4098-bd26-b4d068749952,,Stage/Apprentissage,Animateur rural (point focal),Autre
55572fa6-0f9e-4b13-a462-598fe5d7bf73,Animateur rural (plan focal),2025-04-08,2026-04-08,Employé,a12db03b-15dc-4ed7-9870-ce5d25d1e200,,Stage/Apprentissage,Animateur rural (plan focal),Autre
b3b50787-d1d0-46ac-b4d1-1ff7bdeeab07,Animateur rural (plan focal),2025-04-08,2026-04-08,Employé,f15feee9-8ae7-46da-b96f-c8a6826c34b0,,Stage/Apprentissage,Animateur rural (plan focal),Autre
ec02d2ba-bdc8-459e-9f4f-2f16067b4f13,Animateur rural (plan focal),2025-04-08,2026-04-08,Employé,475cdee7-945a-4a1f-bd00-f54c420f5dc1,,Stage/Apprentissage,Animateur rural (plan focal),Autre
9430ee2b-270b-4db4-bf8e-08fac4154d60,APVA,2025-05-05,,Employé,6b960b44-4b86-4ccb-9270-3e9f916c222d,,CDI Terme Imprécis,Assistant en productions végétales et animales,Institut National de Formation Professionnelle Agricole
e8079369-f56b-4a29-803a-da139a17cf17,INGENIERIE SOCIO FONCIERE,2025-07-01,,Agent de maitrise,2c761759-faca-4ef0-951e-c68bdcf2c8be,,CDI,ISF,GROUPE SCOLAIRE LES ERUDI ALEPE
b7e9b5cc-9ef9-4e94-9df9-54d2dcbcd379,GEOMETRE TOPOGRAPHE,2025-07-01,,Agent de maitrise,ab27c5f5-3252-4900-99b1-52d59a7a7810,,CDI,GEOMETRE TOPOGRAPHE,ISTI DAOUKRO
60ba270e-2e75-47ac-8bda-42b82eaa9e7e,COMMISSAIRE ENQUETEUR,2025-07-01,,Agent de maitrise,da0f5782-80f6-442e-9422-33feaad0ba8b,,CDI,Commissaire enquêteur,Institut National de Formation Professionnelle Agricole
10381f3f-a3bf-4304-be36-64cc321661ff,GEOMETRE TOPOGRAPHE,2025-07-01,,Agent de maitrise,aae01fd1-5922-4c14-abc0-be02ce9e5c50,,CDI,GEOMETRE TOPOGRAPHE,ESBTP YAMOUSSOUKRO
5be4eb77-e127-45a9-88c2-f20f801e1d9c,commissaire enquêteur,2025-06-23,2025-09-23,prestataire,383bb115-9acd-461c-8c93-6fc78ff0b016,,Consultance/Prestations,Commissaire enquêteur,Sélectionnez une école
797b57f7-c186-46a9-8050-a25d4d072069,commissaire enquêtrice,2025-06-23,2025-09-23,prestataire,6b6ef7b3-df7b-44c0-bf33-00139184ffb3,,Consultance/Prestations,Commissaire enquêteur,Sélectionnez une école
a6fc5f01-9a38-41da-8b08-6dc99e0da7b2,commissaire enquêteur,2025-06-23,2025-09-23,prestataire,f6a2f833-1714-4463-ac82-201474f7693a,,Consultance/Prestations,Commissaire enquêteur,Sélectionnez une école
a5c12612-4670-4a77-89c6-5b8c7db42a2f,Point Focal,2025-06-01,2025-12-01,Agent d'Appui,75e2ebfd-9f22-4ff0-9183-45c9ebec68ac,,Consultance/Prestations,Point Focal,Lycée municipale de logoualé
8486ee85-d619-4eb9-8673-b2ce51bdc3a7,APVA,2025-05-05,,Employé,8df153fb-9600-4c27-be5e-a5958625f835,,CDI Terme Imprécis,Assistant en productions végétales et animales,INCONNU
1acf0375-855e-4ec3-bc0d-a5c8cbffc074,APVA,2025-05-05,,Employé,422e2fbd-2a3c-4b4a-b815-dd5ffa42afad,,CDI Terme Imprécis,Assistant en productions végétales et animales,INCONNU
2d83019d-4de9-4ac8-a5aa-fc76782e6850,TECHNICIENNE TOPO,2025-09-15,2029-09-15,Agent de maitrise,d484b1ff-d908-4936-871c-8a2cb2123fbb,,CDD Terme Imprécis,TECHNICIENNE TOPO,ESBTP ABIDJAN
b2adb7d4-9295-41cd-84f9-eb7a331d7366,COMMISSAIRE ENQUETEUR,2025-09-15,2029-09-15,Agent de maitrise,37a45358-e189-4c90-8ad7-783eb98007ce,,CDD Terme Imprécis,FONCIER RURAL,EFAP BOUAFLE
1a65e981-dcc3-4ba1-8075-e8a7527736cf,COMMISSAIRE ENQUETEUR,2025-09-15,2029-09-15,Agent de maitrise,1e3ac468-8663-485f-8f0b-5447cea48f66,,CDI Terme Imprécis,Commissaire enquêteur,EFAP
d1f9fb5b-623e-405f-b864-d41fc3bef33e,APVA,2025-05-05,2025-08-04,Employé,fe711498-21e1-41ad-8507-8b3d5c696ab7,,CDI Terme Imprécis,Assistant en productions végétales et animales,Institut National de Formation Professionnelle Agricole
edd48945-a38a-453e-8889-67670622171b,INCONNU,2025-05-02,2025-07-04,Employé,4c4e3ce4-21d2-4859-8b4a-6b1acb9ec673,,CDD Terme Imprécis,Assistant en productions végétales et animales,Inconnu
58676ccc-d154-4259-b801-0aac19b71bfa,Point Focal,2025-08-01,2026-02-01,Agent d'appui,ce4fcd77-7af1-4b30-94f6-e088f9e6a9b1,,Consultance/Prestations,Point Focal,Aucune
6e43d32d-55fc-4fcc-8f76-254cb9dfae37,Animateur rural (point focal),2025-04-08,2026-04-08,Employé,432a4c04-65a3-4512-8f97-13d891bb0633,,Stage/Apprentissage,Animateur rural (point focal),Autre
1a1fdb19-039b-4c04-976d-f32448b18f6c,Animateur rural (point focal),2025-04-08,2026-04-08,Employé,a17b5abe-56f8-47d6-b1d2-906eab422d6e,,Stage/Apprentissage,Animateur rural (point focal),Autre
b82b3b45-67cf-4850-bdac-ab9b265a7546,Animateur rural (point focal),2025-04-08,2026-04-08,Employé,62b7e7d4-ec08-48fb-8873-b0ac7d830079,,Stage/Apprentissage,Animateur rural (point focal),Autre
052af84d-0a52-4ddd-9f33-e0d0cfa3bd89,Animateur rural (point focal),2025-04-08,2026-04-08,Employé,14eb279f-4101-4509-9c28-30130d3cf519,,Stage/Apprentissage,Animateur rural (point focal),Autre
990fd612-756b-4af8-971b-a315ca081ceb,Animateur rural (point focal),2025-04-08,2026-04-08,Employé,b690c00f-806c-49af-9045-e22167c5d679,,Stage/Apprentissage,Animateur rural (point focal),Autre
1aad9bc2-9876-48e6-97d7-d527a07c5bcb,Animateur rural (point focal),2025-04-08,2026-04-08,Employé,b9d4dfb5-99bd-4b2d-805e-6b091ec20462,,Stage/Apprentissage,Animateur rural (point focal),Autre
0d13eacb-2a32-444d-9df4-6ec127255401,Animateur rural (point focal),2025-04-08,2026-04-08,Employé,c426de8c-7273-4275-8e1b-2feaa16c2b7c,,Stage/Apprentissage,Animateur rural (point focal),Autre
221d45c4-1583-4b57-a608-224216b8f784,Animateur Rural ( point focal),2025-04-08,2026-04-08,Employé,98b5b59a-23a2-414a-9add-108c96ca62bc,,Stage/Apprentissage,Animateur Rural ( point focal),Autre
fc5d3cb2-3319-4ee3-93ff-8c3079046cd9,Animateur rural (point focal),2025-04-08,2026-04-08,Employé,4ce8b166-3ba6-4cdc-bf03-5b2bd1d80923,,Stage/Apprentissage,Animateur rural (point focal),Autre
34428cbb-94ce-419c-af36-9a2f089a90e6,Animateur rural (point focal),2025-04-08,2026-04-08,Employé,100f15c4-7b83-4138-8f51-0775633c82e3,,Stage/Apprentissage,Animateur rural (point focal),Autre
db31b298-db88-4050-8943-a71780188c0b,Opérateur Topographe,2025-05-04,2028-11-04,Agent de maitrise,159d6f20-0a1f-4e24-82dd-138d5ddbbc4f,,Consultance/Prestations,Commissaire enquêteur,Université Alassane Ouattara
0cc2ba64-a805-4a6c-ab7c-6fb843a74b6d,Animateur rural (point focal),2025-04-08,2026-04-08,Employé,0246e2f4-264b-42d5-85cd-a9a3782fc3da,,Stage/Apprentissage,Animateur rural (point focal),Autre
20284a8f-03af-4d50-bffd-102d68407f08,Animateur rural (point focal),2025-04-08,2026-04-08,Employé,9ae23b95-fd54-4a03-a4a4-b5df6bb695f0,,Stage/Apprentissage,Animateur rural (point focal),Autre
2bc46ce5-8ae5-4fa1-b7e4-6aec73bf19e1,Responsable régional chargé du SIFOR,2025-05-04,2028-11-04,Agent de maitrise,486484fe-031f-459e-9b71-ab54e8a4543f,,Consultance/Prestations,Développeur,Institut Universitaire d'Abidjan
2405f581-a811-4be9-a889-c481ceec9d84,Animateur rural (point focal),2025-05-08,2026-05-08,Employé,a4dcc21f-18ea-435f-bc37-16e1d8bd3a5c,,Stage/Apprentissage,Animateur rural (point focal),Autre
dba2f388-efb0-402e-a9eb-f60f4c199e12,Animateur rural (plan focal),2025-04-08,2026-04-08,Employé,5efb76ee-75ce-4fb4-8126-bfaec71e9038,,Stage/Apprentissage,Animateur rural (plan focal),Autre
f47ded98-a087-4078-a442-739976c6fc6b,Animateur rural (plan focal),2025-04-08,2026-04-08,Employé,2e52d275-8d9d-46a4-8d90-e26e102e5183,,Stage/Apprentissage,Animateur rural (plan focal),Autre
597745a1-0b6f-4f7c-8c1d-a2991b2dc7bd,commissaire enquêtrice,2025-06-23,2025-09-23,prestataire,68118914-4f46-4705-b44e-14306ad5a2fd,,Consultance/Prestations,Commissaire enquêteur,Sélectionnez une école
524071a8-18ee-43c5-889f-beb168c04c51,commissaire enquêteur,2025-06-23,2025-09-23,prestataire,0dbd472c-4eb2-409a-8ade-751a21ebdeb5,,Consultance/Prestations,Commissaire enquêteur,Sélectionnez une école
7fe2888f-3821-4808-be63-1c7407ba6e41,commissaire enquêteur,2025-06-23,2025-09-23,prestataire,42e94cf9-fe61-48a5-8256-7cd337192251,,Consultance/Prestations,Commissaire enquêteur,Sélectionnez une école
bdf060b6-1747-468c-8168-fc29618677ac,commissaire enquêteur,2025-06-23,2025-09-23,prestataire,1cce186d-a1f4-45db-b29a-7b33c5e4d0bd,,Consultance/Prestations,Commissaire enquêteur,Sélectionnez une école
fd32fe25-88be-42c3-ad94-7909c7a8c336,commissaire enquêteur,2025-06-23,2025-09-23,prestataire,7d8f7d46-eb2a-4eb1-94b7-638ffdedfae3,,Consultance/Prestations,Commissaire enquêteur,Sélectionnez une école
53197986-108a-4b07-93e5-a9af2ada871a,Commissaire enquêteur,2025-08-05,2025-09-05,prestataire,83abd19a-4ce0-44db-a083-d46aa6b684ea,,Consultance/Prestations,Commissaire enquêteur,Sélectionnez une école
c286abf6-d37c-4df9-8e38-7ace0394dff8,SPECIALISTE GENRE,2025-08-04,2026-08-04,Cadre,109ffe9b-0ad4-404b-9250-966585226fdd,,CDD,PSYCHOLOGUE,UNIVERSITE FELIX HOUPHOUET BOIGNY D'ABIDJAN
1dd67535-056d-4acb-92d8-768106546b4e,COMMISSAIRE ENQUETEUR,2025-02-08,2026-02-08,STAGIAIRE,99635f3f-6ab0-466e-bba0-eb1d75b23936,,Stage/Apprentissage,Commissaire enquêteur,INFPA
83371271-858d-482e-99e1-a4b7ca924ff1,COMMISSAIRE ENQUETEUR,2025-02-08,2026-02-08,STAGIAIRE,42ec3357-72c9-432e-91e3-0993bd507fa2,,Stage/Apprentissage,MINE ET GEOLOGIE,ITES SAN PEDRO
051ed57f-d44c-41a2-a996-3dc8ea6e4fe0,COMMISSAIRE ENQUETEUR,2025-04-08,2027-04-07,Employé,4bf566f4-f3af-48d5-9cab-f3f221f7be78,,CDI Terme Imprécis,Commissaire enquêteur,Institut National de Formation Professionnelle Agricole
db790f67-2eb8-45d0-bdbf-ebbbc927e4af,COMMISSAIRE ENQUETEUR,2025-04-08,2027-04-08,Employé,ec67b323-22f2-4ce7-bea3-bc019efc8fa8,,CDD Terme Imprécis,Commissaire enquêteur,Institut National de Formation Professionnelle Agricole
581d589e-eb39-4dd6-8845-3af47801b0f8,COMMISSAIRE ENQUETEUR,2025-04-08,2027-04-08,Employé,f96cc1d5-d671-4361-a5a2-47bddac1808a,,CDD Terme Imprécis,Commissaire enquêteur,Institut National de Formation Professionnelle Agricole
f8d28125-ec32-4bfd-a9ed-252a5515f377,COMMISSAIRE ENQUETEUR,2025-04-08,2027-04-08,Employé,ebea8ab4-d821-439a-992d-1c33968ef239,,CDD Terme Imprécis,Commissaire enquêteur,Institut National de Formation Professionnelle Agricole
6ebd74ec-f4f8-41dc-bc01-302d2dce6ca7,COMMISSAIRE ENQUETEUR,2025-09-15,2029-09-15,Agent de maitrise,64dbc2c8-aded-4720-91bc-622cbb6ff100,,CDD Terme Imprécis,FONCIER RURAL,EFAP BOUAFLE
a10af48a-6146-4e30-86ff-e576f9669875,COMMISSAIRE ENQUETEUR,2025-09-15,2029-09-15,Agent de maitrise,bdd10597-a550-42f2-894b-acb609c5ef8e,,CDD Terme Imprécis,FONCIER RURAL,EFAP BOUAFLE
84216fcf-1df9-4c08-b1cf-15a9437b5120,REPRESENTANTE REGIONALE AFOR,2025-08-04,,Agent de maitrise,7f522ef2-444c-40e4-9b42-674bfbcbf0f5,,CDI,GEOGRAPHE/ CARTOGRAPHE,Université Alassane Ouattara
1569823d-dffc-43ca-adec-f8345a5dc6b9,REPRESENTANT DEPARTEMENTAL AFOR,2025-08-04,2026-08-04,Agent de maitrise,b6a4b522-b330-441f-be57-447f82a68316,,CDD,SOCIOLOGIE DE DEVELOPPEMENT LOCAL,UNIVERSITE FELIX HOUPHOUET BOIGNY D'ABIDJAN
ea0e277d-6dc7-4b48-92e1-ffe9ac2c6be0,REPRESENTANT DEPARTEMENTAL AFOR,2025-08-04,2026-08-04,Agent de maitrise,47f59f3e-5b39-4fb4-a6c5-b48dc287f370,,CDD,SOCIOLOGIE DE DEVELOPPEMENT LOCAL,Université Alassane Ouattara
f515e280-f43a-4ade-b198-795957f4bdd6,Point Focal,2025-08-01,2026-02-01,Agent d'appui,8a87f72c-26ba-45a7-a416-cd56c5d24c7f,,Consultance/Prestations,Point Focal,Lycée Municipal de Man
247f549f-6066-4d42-9b88-dd01bbee2225,Animateur rural (plan focal),2025-04-08,2026-04-08,Employé,a8232b13-5ff6-463a-9de7-121adb8518a9,,Stage/Apprentissage,Animateur rural (plan focal),Autre
1ced436f-a399-437d-bb07-543071709ad7,commissaire enquêteur,2025-06-23,2025-09-23,prestataire,593f5faf-3487-43b8-85bd-c60a92b81e27,,Consultance/Prestations,Commissaire enquêteur,Sélectionnez une école
3fae7fdd-36a8-4357-a11d-489b26db044d,Point Focal,2025-06-01,2025-12-01,Agent d'Appui,e95aac02-ee65-4c5e-a6ef-6a1cc5b85a95,,Consultance/Prestations,Point Focal,collège Henri Konan Bédié de Man
d0a6eaa4-8a20-4e35-8f11-a6001bef0640,OPERATEUR GNSS,2025-01-09,2028-01-09,STAGIAIRE,1cfe2399-352d-4414-b75d-073155534b88,,CDD Terme Imprécis,GEOMETRE TOPOGRAPHE,2IFTP
4d9da3d6-a16f-41ab-8ef1-0e0d04a76190,STAGIAIRE AGENT DE COLLECTE,2025-02-08,2026-02-08,STAGIAIRE,895355d5-8009-417b-b7ca-aa85236a14f2,,Stage/Apprentissage,HISTORIENNE,UNIVERSITE FELIX HOUPHOUET BOIGNY
0c87e657-b7a2-42b1-a097-ffdbe21420ef,Coordonnateur régional,2025-04-08,2027-04-08,Employé,0d7ce282-f469-4444-a58c-2ab294dc1c8c,,CDD Terme Imprécis,COORDINATEUR REGIONAL,Institut National de Formation Professionnelle Agricole
a8754191-0f2f-4b64-b1a8-895d2a1ec4d4,Coordonnateur régional,2025-04-08,2027-04-08,Employé,3346f9e0-5315-4ef6-9543-7395d86222ab,,CDD Terme Imprécis,COORDINATEUR REGIONAL,Institut National de Formation Professionnelle Agricole
56e1a4ae-5608-46d1-b374-f5a8b62dab4f,Chef des équipes techniques départemental,2025-04-08,2027-04-08,Employé,e298e070-47e1-478b-a19e-e5f2d4944c90,,CDD Terme Imprécis,CHEF D'EQUIPE,Institut National de Formation Professionnelle Agricole
5242e786-6262-4a8d-9586-6279c82fe704,Chef des équipes techniques départemental,2025-04-08,2027-04-08,Employé,57ad8d12-50ad-4c15-81c4-6f91da77afcf,,CDD Terme Imprécis,CHEF D'EQUIPE,Institut National de Formation Professionnelle Agricole
d656c3da-723d-4cbc-8b91-9adb3ced0da1,COORDINATEUR,2025-04-08,2027-04-08,Employé,d3272222-45f7-4386-8830-edabe0cafa24,,CDD Terme Imprécis,COORDINATEUR REGIONAL,Institut National de Formation Professionnelle Agricole
b945142d-d1dc-44d4-b91b-a81e788a3233,RESPONSABLE CONTRAT,2025-04-08,2027-04-08,Employé,da109beb-b85a-4585-8995-5097bac16c50,,CDD Terme Imprécis,RESPONSABLE CONTRAT,Institut National de Formation Professionnelle Agricole
2768097b-3c50-4dce-8ba6-06122cd9dbad,COMMISSAIRE ENQUETEUR,2025-04-08,2027-04-08,Employé,dbf59fa8-0e43-4373-af92-923bb68a6a92,,CDD Terme Imprécis,Commissaire enquêteur,Institut National de Formation Professionnelle Agricole
b41984d4-ce1a-4501-acf8-a628cb0b1670,COMMISSAIRE ENQUETEUR,2025-04-08,2027-04-08,Employé,88802b6b-1e0c-4fdc-b353-8cf6db6672af,,CDD Terme Imprécis,Commissaire enquêteur,Institut National de Formation Professionnelle Agricole
1024f676-f1ad-4905-9bbc-1f9dd5cb0883,COMMISSAIRE ENQUETEUR,2025-04-08,2027-04-08,Employé,477638a5-4e9f-4bc4-bef9-74568c71572f,,CDD Terme Imprécis,Commissaire enquêteur,Institut National de Formation Professionnelle Agricole
3e661fa6-455b-46db-944b-149fda63f148,Point Focal,2025-08-03,2026-02-03,Agent d'appui,1ae10d5d-3526-49b7-8c17-f5545282e646,,Consultance/Prestations,Point Focal,Lycée Moderne de Biankouma
c1736524-0f80-4a26-9922-fd3f764d9ab2,REPRESENTANT REGIONAL AFOR,2025-08-04,2026-08-04,Agent de maitrise,3e9b1d8b-71dd-46eb-bff6-948a16083d97,,CDD,GEOGRAPHE/ CARTOGRAPHE,UNIVERSITE FELIX HOUPHOUET BOIGNY D'ABIDJAN
3036071d-6e6d-486b-a179-b6d71599145c,REPRESENTANT DEPARTEMENTAL AFOR,2025-08-04,2026-08-04,Agent de maitrise,a8a89857-bee0-4adc-adfd-30bad72336bc,,CDD Terme Imprécis,SOCIOLOGIE DE DEVELOPPEMENT LOCAL,Université Alassane Ouattara
08dc3e4b-4d15-4821-99cf-46a3fbd308e4,REPRESENTANT DEPARTEMENTAL AFOR,2025-08-04,2026-08-04,Agent de maitrise,32a56f32-61c6-4c15-b104-829e77335967,,CDD,INGENIEUR DE CONCEPTION,INCONNU
91bb719e-2ced-4cb2-988a-a71c247b3658,REPRESENTANT DEPARTEMENTAL AFOR,2025-08-04,2026-08-04,Agent de maitrise,3d7bc969-efee-4b9f-b78d-118a82ccdb7b,,CDD,SOCIOLOGIE DE DEVELOPPEMENT LOCAL,INCONNU
692ddd54-4011-4905-bee5-ebbe5f1713e4,Aide commissaire enquêteur,2025-08-14,2029-02-14,Agent de maitrise,182584ff-9a97-467c-bda9-ca3c6009d984,,Consultance/Prestations,Commissaire enquêteur,ECOLE DE FAUNE ET DES AIRES PROTEGEES DE BOUAFLE
d94fca26-52f6-47b7-8b7d-234391edef1d,Aide commissaire enquêteur,2025-08-14,2029-02-14,Agent de maitrise,0d1f1c29-bf5b-4d61-804b-d06c90cb2cf5,,Consultance/Prestations,Commissaire enquêteur,ECOLE DE FAUNE ET DES AIRES PROTEGEES DE BOUAFLE
bb59460f-cdc0-497b-a972-c24dcaf15ca3,Aide commissaire enquêteur,2025-08-16,2029-02-16,Agent de maitrise,2bea76cb-0b38-4a3c-8a59-66043abce484,,Consultance/Prestations,Commissaire enquêteur,ECOLE DE FAUNE ET DES AIRES PROTEGEES DE BOUAFLE
6b81de9f-76d6-457d-b551-f0938e7e9e6b,Aide commissaire enquêteur,2025-08-16,2029-02-16,Agent de maitrise,7351d9f2-a722-4fef-b9a1-9b2dc7a0e79e,,Consultance/Prestations,Commissaire enquêteur,COLLEGE SAINT MAURICE ALICOT
ecb25ca6-c03c-4c4d-8117-7f664d144f85,Opérateur Topographe,2025-07-09,2029-01-09,Agent de maitrise,254ce8da-63b2-4eef-bb96-564dc2820b6e,,Consultance/Prestations,Commissaire Enquêteur,LYCEE MODERNE DE DALOA
cea79b5b-850e-4ac2-895b-ee1f8af4e3da,Topographe,2025-07-17,2029-01-17,Agent de maitrise,d5f281d6-f3b1-4da8-bd4d-77861fe80158,,Consultance/Prestations,Technicien Supérieur Topographe,UNIVERSITE FELIX HOUPHOUET BOIGNY
9427cff0-2554-4800-a357-d5daa17c1ee8,Aide commissaire enquêteur,2025-07-17,2029-01-17,Agent de maitrise,d3ad5ee4-c6bd-4f07-8ede-09fc5b982775,,Consultance/Prestations,Opérateur Topographe,COLLEGE SAINT ANNICK D'ABIDJAN
8c06ef66-bf65-4473-9e39-d56830bb3254,Agent Sensibilisateur,2025-06-24,2028-12-24,Agent de maitrise,9f4c882b-2770-4209-ab7f-0e476fb47b28,,Consultance/Prestations,Sensibilisateur des communautés,Ecole Normale SECONDAIRE (ENSEC) DE KOUTIALA
de2f71b8-b444-484b-8b82-a35cd9a1d09e,Opérateur Topographe,2025-09-01,2029-03-01,Agent de maitrise,0dd401d4-fd6b-46b0-8755-2b1ae2ba30e2,,Consultance/Prestations,Aide Commissaire Enquêteur,Lycée Gue Pascal de Biankouma
f1ebb1c0-d116-4e86-b221-7faf4ad43036,Opérateur Topographe,2025-07-01,2029-01-01,Agent de maitrise,fe49b6fc-ef1d-4085-a17a-1875f4efbe3f,,Consultance/Prestations,Technicien Supérieur en Maintenance,Sélectionnez une école
222415bf-7084-44bf-9475-57ab33b2de34,Opérateur Topographe,2025-09-01,2029-03-01,Agent de maitrise,a58e2012-e72c-4f07-b289-ffaa7bbee75e,,Consultance/Prestations,Technicien Supérieur Génie Civil option Bâtiment,IIEPEA de Yamoussoukro
1e29aeb4-cc5d-4d67-9ea9-b00b43ea9585,COMMISSAIRE ENQUETEUR,2025-08-01,2029-02-01,Agent de maitrise,7f011e4d-126a-4718-b39b-b666c60441d6,,Consultance/Prestations,Opérateur Topographe,Institut National de Formation Professionnelle Agricole
6f9f8276-2947-48f2-9d4e-6b5e86b80ff6,COMMISSAIRE ENQUETEUR,2025-09-01,2029-03-01,Agent de maitrise,a2b10496-dac0-4aa5-92b8-8ee6bb74b777,,Consultance/Prestations,Technicien Supérieur Génie Civil option Bâtiment,CPMBAT Koumassi
1611f83e-833d-4589-96bd-bd348cd11018,Opérateur Topographe,2025-09-01,2029-03-01,Agent d'exécution,6528518a-677d-496e-b899-0a6abfe29d63,,Consultance/Prestations,Aide Commissaire Enquêteur,Lycée Moderne de Man
c0ebc8ed-1d7c-4c81-8159-b2ecb11b58f9,Animateur rural (plan focal),2025-04-08,2026-04-08,Employé,e34654c4-746e-45d7-9eda-e199f97c3de7,,Stage/Apprentissage,Animateur rural (plan focal),Autre
14f5115c-ba98-449a-a2b2-172cf066534e,Animateur rural (plan focal),2025-04-08,2026-04-08,Employé,bc30652a-c29b-41bc-beeb-1a95e65ad8d5,,Stage/Apprentissage,Animateur rural (plan focal),Autre
1bb3f0ab-beda-4b9c-b84f-270b16d6fc7d,Opérateur Topographe,2025-05-15,2028-11-15,Agent de maitrise,8b8982df-6cdb-459d-a40c-2d4f2b2d53cd,,Consultance/Prestations,Commissaire enquêteur,Institut National de Formation Professionnelle Agricole
bc66a705-98f0-4a42-bb96-2c6d7757287a,Animateur rural (plan focal),2025-04-08,2026-04-08,Employé,fffd1435-898c-4ab3-91d2-b61874108558,,Stage/Apprentissage,Animateur rural (plan focal),Autre
9b3f62cc-41b6-438a-a460-441a977cfb11,Animateur rural (plan focal),2025-04-08,2026-04-08,Employé,318c9371-9601-4c5d-b18e-da547533059e,,Stage/Apprentissage,Animateur rural (plan focal),Autre
2dc9654d-381b-49d2-b28f-86ae1411bb66,COORDONNATEUR DEPARTEMENTAL,2025-05-12,2025-11-12,Agent de maitrise,f31c59bd-6e3f-4ed5-8b17-49239972eeeb,,CDD,Ingénieur en techniques agricoles,Université Alassane Ouattara
8b3c1422-11c5-483e-8f8b-f1a50fce4e70,COORDONNATEUR DEPARTEMENTAL,2025-05-12,2025-11-12,Agent de maitrise,4689417e-6262-40d2-af5a-1832f1ec2217,,CDD,Expert foncier,Université Alassane Ouattara
c65dd1d9-d51a-4e83-84d0-399e1b2d993e,Opérateur Topographe,2025-05-15,2028-11-15,Agent de maitrise,11b53cc7-3df7-4073-9acc-9bb2e48c3892,,Consultance/Prestations,Commissaire enquêteur,Institut National de Formation Professionnelle Agricole
41bc55f2-b3ff-4fa3-b69b-8d5d7193cb89,commissaire enquêtrice,2025-06-23,2025-09-23,prestataire,62b44aa3-dc41-41e7-a509-f405bc60daea,,Consultance/Prestations,Commissaire enquêteur,Sélectionnez une école
3665af16-5fea-46b8-8124-0b8bea3759e8,commissaire enquêteur,2025-06-23,2025-09-23,prestataire,09a748ae-24c1-4d66-80ea-43614d10debc,,Consultance/Prestations,Commissaire enquêteur,Sélectionnez une école
b7c714fe-ced5-4865-9e86-9ef5a5860e06,commissaire enquêteur,2025-06-23,2025-09-23,prestataire,f6db8f6c-9b8c-497d-a489-77f101868334,,Consultance/Prestations,Commissaire enquêteur,Sélectionnez une école
378491c4-06e3-4dbb-a007-492e51a73a3b,commissaire enquêteur et superviseur départemental de TOUBA,2025-04-01,2025-06-30,prestataire,83abd19a-4ce0-44db-a083-d46aa6b684ea,,Consultance/Prestations,Commissaire enquêteur,Sélectionnez une école
7981cf00-97d6-4d58-b733-441c6caab55b,Resp. Adm. et financier,1992-10-01,,Employé,36c97b42-8ca5-42cd-8fc8-66d8cb0d16ee,,CDI,Resp. Adm. et financier,Sélectionnez une école
e3dc6668-0ba5-44e3-9823-0ef57268942d,Directeur Général,1991-08-01,,emplyée,cd8c897b-6f39-4a1a-916a-fdadd01559b7,,CDI,Directeur Général,Sélectionnez une école
921124a9-0c61-4df9-b629-c6ab0ffcede8,Expert géomètre topographe,2004-10-01,,Employé,4961b5e6-1bbf-43fe-ac8e-2641b4590870,,CDI,Expert géomètre topographe,Sélectionnez une école
cb3657a1-a349-481e-aa50-cdb6e70acc7f,Responsable adjoint  administratif et financier,2020-06-08,,emplyée,6ca0c9b5-23ed-4e6b-b588-71b67c34e149,,CDI,Responsable adjoint  administratif et financier,Sélectionnez une école
c31b6e7c-94ad-43a8-8e6d-1796dcdab6e9,Assistant comptable,2024-07-05,,Employé,8a74e2c4-46a3-44d8-8e0d-3829a8bc832b,,CDI,Assistant comptable,Sélectionnez une école
3dbfa82a-790c-46f2-87ba-40ec9275a760,Responsable RH,2022-10-03,,Employé,3557c224-43ed-4b1e-9893-0511001ffce2,,CDI,Responsable RH,Sélectionnez une école
1725fde0-0037-4db4-995f-78648dd9f167,Responsable informatique et maintenance réseau,2009-04-01,,Employé,89fcf0ab-3d7c-41dd-9c49-3217481917b6,,CDI,Responsable informatique et maintenance réseau,Sélectionnez une école
199a7cdd-4cf9-4ef2-b50c-628a334adf46,commissaire enquêteur et superviseur départemental,2025-04-01,2027-03-31,prestataire,86c258f8-3929-4608-84d0-eb13b1ec939d,,Consultance/Prestations,commissaire enquêteur et superviseur départemental,Sélectionnez une école
8904f8ec-90ce-49e7-96b9-e8a98efb1e18,Chef de projet (chef de mission),2025-03-14,2027-03-14,prestataire,b30056d1-fb63-4a66-a1ab-53e089b84358,,Consultance/Prestations,Chef de projet (chef de mission),Sélectionnez une école
681d42bd-53bb-4a7b-99c5-86b232b358ff,COMISSAIRE ENQUETEUR,2025-07-01,,Cadre,86501867-d9a2-412d-8bcc-ac0746eacf92,,CDI,Commissaire enquêteur,UNIVERSITE JEAN LOROUGNON GUEDE DALOA
5a5149eb-963c-4a97-b600-a30ea27c39ee,COMISSAIRE ENQUETEUR,2025-07-01,,Cadre,ef09c24a-2970-4fdb-b522-89c33ad20784,,CDI,Commissaire enquêteur,Université Alassane Ouattara
08b0a9aa-cea4-4a00-9183-e224aa56e737,COMMISSAIRE ENQUETEUR,2025-04-01,2028-10-01,Agent de maitrise,1c689bad-5233-4056-a6d6-b1ab2a7f0a42,,Consultance/Prestations,Commissaire enquêteur,Université Félix Houphouët Boigny
d52e8a89-ad11-4c70-9065-f23751710e4f,COMMISSAIRE ENQUETEUR,2025-04-01,2028-10-01,Agent de maitrise,890023b0-2259-4f96-b698-1a54aafd5955,,Consultance/Prestations,Commissaire enquêteur,Institut National de Formation Professionnelle Agricole
fc017238-94e9-49ba-a6a5-9613ba6c1980,Opérateur Topographe,2025-04-01,2028-10-01,Agent de maitrise,355b41a2-70eb-4d6c-8795-369d8c652ff8,,Consultance/Prestations,Commissaire enquêteur,Université Alassane Ouattara
64e67f71-0c52-4714-9f2c-69701f92b587,COMMISSAIRE ENQUETEUR,2025-04-01,2028-10-01,Agent de maitrise,5acf9453-83c9-4638-aa89-c00c4636f3e6,,Consultance/Prestations,Commissaire enquêteur,Université Alassane Ouattara
be273bd4-74af-4936-90a6-65282fa9bba8,COMMISSAIRE ENQUETEUR,2025-01-08,2028-01-08,Agent de maitrise,99e862b9-a1ef-45d7-9dff-dce2f9bdf23d,,CDD Terme Imprécis,SOCIOLOGUE,UNIVERSITE FELIX HOUPHOUET BOIGNY
3492c7fd-b4a0-4e49-bd13-f1725356f9b4,COMMISSAIRE ENQUETEUR,2025-02-08,2028-02-08,Agent de maitrise,21d7045c-46bb-4c64-bbda-28a76595db9b,,CDD Terme Imprécis,SOCIOLOGUE,UNIVERSITE FELIX HOUPHOUET BOIGNY
99681be5-350c-467c-9655-1247c2faad90,COMMISSAIRE ENQUETEUR,2025-02-08,2026-02-08,Agent de maitrise,d9376a14-e07c-4673-92cb-230b962840e2,,Stage/Apprentissage,Commissaire enquêteur,Université Alassane Ouattara
5a491096-7c55-40c2-a390-246b69b2efbd,COMMISSAIRE ENQUETEUR,2025-01-08,2028-01-08,Agent de maitrise,18e18899-2b3b-4266-8c5a-87ede37ad470,,CDD Terme Imprécis,DROIT FONCIER,Université Alassane Ouattara
21c15fbd-3fe7-454f-8bbf-98d30c6c2166,COMMISSAIRE ENQUETEUR,2025-02-08,2026-02-08,STAGIAIRE,200fa476-b737-4ecb-a2e6-65e1b16d4c65,,Stage/Apprentissage,FONCIER RURAL,EFAP BOUAFLE
d9d24f75-56cd-4d0a-b5df-b5005adc55ab,OPERATEUR GNSS,2025-01-08,2026-01-08,STAGIAIRE,579cc21a-54b7-49f1-b526-f20c1dbe1edd,,Stage/Apprentissage,GEOMETRE TOPOGRAPHE,2IFTP
acb182b2-1fd4-4522-bd4d-d08bc6c900ac,Coordonnateur régional,2025-04-08,2027-04-08,Employé,4260a6be-e44d-419b-94e2-14294565f117,,CDD Terme Imprécis,COORDINATEUR REGIONAL,Institut National de Formation Professionnelle Agricole
08b4bb49-275b-49cb-b944-9dbb930154c5,COMM,2025-04-08,2027-04-08,Employé,048d9dc3-420e-453e-9307-d9106272df4b,,CDD Terme Imprécis,Commissaire enquêteur,Institut National de Formation Professionnelle Agricole
71a93796-8341-4e47-8481-07384c1c11d0,Opérateur Topographe,2025-05-15,2028-11-15,Agent de maitrise,d28a1628-34c0-494b-82d5-81dd98177ec8,,Consultance/Prestations,Commissaire enquêteur,Université Alassane Ouattara
ce1948de-58b5-4eca-a207-93115f2d95ee,Animateur rural (plan focal),2025-04-08,2026-04-08,Employé,d0c81a92-f630-4b31-bd2f-cc9fff007e96,,Stage/Apprentissage,Animateur rural (plan focal),Autre
106c6844-45d2-4000-a191-f0c2959c1f56,Animateur rural (plan focal),2025-04-08,2026-04-08,Employé,565bb053-e6a4-47cd-8a12-e17756e4e75e,,Stage/Apprentissage,Animateur rural (plan focal),Autre
d5f0c761-0ae3-4b62-b04e-42c4eabfd7f1,OPERATEUR GNSS,2025-04-08,2027-04-08,Employé,a57a8070-e8ad-48b8-ad7c-80f828228eb2,,CDD Terme Imprécis,OPERATEUR GNSS,Institut National de Formation Professionnelle Agricole
6c11311b-cabd-4768-a23a-8cf11eeca107,Responsable Administratif et Financier (RAF),2025-05-12,2027-05-12,Cadre,385ab310-0642-4944-89c6-37197918e335,,CDD,GESTION ADMINITRATIVE ET FINANCIERE,ESMA
e6346e91-5710-420a-89f8-c57b69ce5a14,COORDONNATEUR DEPARTEMENTAL,2025-05-12,2026-05-12,Agent de maitrise,93504f15-9a48-4678-8883-e50dc019b04e,,CDD,Ingénieur en techniques agricoles,Université Alassane Ouattara
1441818c-4914-4216-acc9-816710028fc9,COMMISSAIRE ENQUETEUR,2025-05-12,2025-11-12,Employé,6984e199-8669-4565-b303-3fa0b845af00,,CDD,Commissaire enquêteur,Institut National de Formation Professionnelle Agricole
26d62286-839b-43ef-9926-a8f22a2745ea,Opérateur Topographe,2025-05-15,2028-11-15,Agent de maitrise,ccea34dc-ff81-4f70-b921-962aedbb0e02,,Consultance/Prestations,Commissaire enquêteur,Université Alassane Ouattara
c128b803-b116-451e-9ef4-f83f3d268893,Point Focal,2025-06-01,2025-12-01,Agent d'Appui,cd70233b-a626-4dc3-855b-fc269e6a64d9,,Consultance/Prestations,Point Focal,Ecole Primaire de Gaole Graba1
13789628-1649-4778-bc8b-ad73759730a1,commissaire enquêteur,2025-06-23,2025-09-23,prestataire,d01bc42f-5e8b-43a2-895e-6bde928b80a3,,Consultance/Prestations,Commissaire enquêteur,Sélectionnez une école
92a508da-4682-4a9b-8e6b-83fd0460b937,Point Focal,2025-06-01,2025-12-01,Agent d'Appui,7108a852-680b-470c-bca1-bbff024aa7e9,,Consultance/Prestations,Point Focal,Sélectionnez une école
8856cc77-9a03-4f9b-bcef-92ac03a7cbf3,Point Focal,2025-06-01,2025-12-01,Agent d'Appui,b33ab102-2b87-4699-89e6-d5a4cdcfd10a,,Consultance/Prestations,Point Focal,Collège Diawara Man
c2d5553a-23bb-437e-8990-c49d67dc6332,Point Focal,2025-05-01,2025-11-01,Agent d'Appui,5573bf71-8e0e-4830-97ef-3e285c2cd043,,Consultance/Prestations,Point Focal,Lycée Moderne Man
1f897e9e-ce75-44c1-8381-cea4097b9d28,Point Focal,2025-06-01,2025-12-01,Agent d'Appui,eb0c0dc8-a5bb-4481-83fe-f97e9b4a9eb6,,Consultance/Prestations,Point Focal,Sélectionnez une école
e02ac383-8a40-44a3-a0bc-48faa511e6b9,Resp. régional chargé du SIFOR SIG,2017-06-12,,emplyée,ca96d1f8-be5c-4a9e-b0b6-cb82fc37b4a4,,CDI,Resp. régional chargé du SIFOR SIG,Sélectionnez une école
bc88253c-3424-4ffb-90ea-1232700ec1be,employé,2025-06-01,2025-09-01,Chef d’équipe technique départemental,0f47e79c-2a2c-40b5-95a7-cfd3e976830e,,CDI,Chef d’équipe technique départemental,Sélectionnez une école
9c1eebdd-6d2a-4dea-9c96-e329ece68a1e,Resp. Ingénierie Socio-foncière,2006-04-01,,Employé,19710240-a5b6-4a60-b07f-2d302a756734,,CDI,Resp. Ingénierie Socio-foncière,Sélectionnez une école
65958f6d-26a4-4fa4-adfc-c5131c24d241,Chef de projet,2008-04-15,,emplyée,f1d50362-b0e0-4c8f-9d7a-f590acfa3739,,CDI,Chef de projet,Sélectionnez une école
6cdfde4e-20b2-4778-ad2c-7e945b00492a,Responsable Suivi & Evaluation,2024-10-09,,emplyée,3f0934ed-be03-4fa6-a61e-ee97bcf3f3d5,,CDI,Sélectionnez une qualification,Sélectionnez une école
89da4438-a13b-4185-896e-60b52b8c27e5,GEOMETRE TOPOGRAPHE,2025-07-01,,Agent de maitrise,73c27bd5-cbe6-4ca3-84c0-b53be4397c0a,,CDI,GEOMETRE TOPOGRAPHE,ESBTP YAMOUSSOUKRO
731af433-5c7c-4007-99c0-550380b03c77,COMMISSAIRE ENQUETEUR,2025-04-01,2028-10-01,Agent de maitrise,4554c812-adcb-4136-9a5e-fd64852f4c96,,Consultance/Prestations,Assistant en productions végétales et animales,Ecole Forestier du Banco
37dfc94b-28f3-4df3-a56c-b1a52b05b0ca,COMMISSAIRE ENQUETEUR,2025-04-01,2028-10-01,Agent de maitrise,cd71b774-5b86-40aa-a28c-794774fec5bf,,Consultance/Prestations,Commissaire enquêteur,Institut National de Formation Professionnelle Agricole
bbfcbf61-449b-49bc-956b-01d78c5e3d83,Opérateur Topographe,2025-04-01,2028-10-01,Agent de maitrise,d2a96f89-1187-4257-82df-297d4d786f17,,Consultance/Prestations,Commissaire enquêteur,Université Alassane Ouattara
f2b881c4-80af-49d3-ba44-783a05a0b782,COMMISSAIRE ENQUETEUR,2025-04-01,2028-10-01,Agent de maitrise,5b93f466-2a61-40cc-a55d-d4d9598dccc2,,Consultance/Prestations,Commissaire enquêteur,Université Félix Houphouët Boigny
4f60e37b-2441-4afd-9680-25b72d61fc77,COMMISSAIRE ENQUETEUR,2025-02-08,2026-02-08,STAGIAIRE,3ac2291a-ed2c-4416-a731-47ac1caaf034,,Stage/Apprentissage,GEOGRAPHE,Université Alassane Ouattara
73c468cd-5ff2-46fd-96e0-b45c4a97cac0,COMMISSAIRE ENQUETEUR,2025-02-08,2026-02-08,STAGIAIRE,daa77fd7-01b3-47f0-bb55-430129441f9c,,Stage/Apprentissage,FONCIER RURAL,EFAP BOUAFLE
8197e770-e0e4-42c4-9509-a26907b306fa,OPERATEUR GNSS,2025-05-08,2026-05-08,STAGIAIRE,520eb557-0243-4d6a-aef1-550d30fe8560,,Stage/Apprentissage,TECHNICIEN GEOMETRE,ESBTP
ffa202b3-552b-49de-a011-0e142b2287c6,OPERATEUR GNSS,2025-05-08,2026-05-08,STAGIAIRE,88eab789-b8f9-4154-a6c7-b9c9a853fc30,,Stage/Apprentissage,GEOMETRE TOPOGRAPHE,ESBTP
b9432e12-0eba-4a01-b04d-bdf1364e899e,OPERATEUR GNSS,2025-02-08,2026-02-08,STAGIAIRE,d167b5d3-1ea6-4073-8f6c-c6722c4878ca,,Stage/Apprentissage,GEOMETRE TOPOGRAPHE,2IFTP
115a98a9-357e-4fed-86da-25214d3212d9,Responsable ISF (Responsable de l'ingénierie Socio-Foncière),2025-04-08,2027-04-08,Employé,31756d34-85cd-422f-8303-8dc8e2194068,,CDD Terme Imprécis,RESPONSABLE ISF,Institut National de Formation Professionnelle Agricole
01f3cd11-9c85-4a90-996d-7d2eef27f554,A ISF,2025-04-08,2027-04-08,Employé,fe90b19e-2731-440a-8375-4122293ae554,,CDD Terme Imprécis,A ISF,Institut National de Formation Professionnelle Agricole
2bc8154d-3c1f-4ae0-ad9c-14c3074fcedd,COMMISSAIRE ENQUETEUR,2025-04-08,2027-04-08,Employé,195f8e48-1e5d-4bfc-98a3-345d7f45ec67,,CDD Terme Imprécis,Commissaire enquêteur,Institut National de Formation Professionnelle Agricole
09748e73-71c4-4131-8e6a-8d3e19fe0fc2,Coordonnateur régional,2025-04-08,2027-04-08,Employé,a37e99e6-a60b-4dd4-a4c4-86af09bb021b,,CDD Terme Imprécis,CD,Institut National de Formation Professionnelle Agricole
96f40e18-5fb5-417a-bd05-4f8ef66a7cf5,ENQUETEUR,2025-04-08,2027-04-08,Employé,c02a5344-b1ff-4211-b898-8808696fea76,,CDD Terme Imprécis,Commissaire enquêteur,Institut National de Formation Professionnelle Agricole
7e3f0ab0-200c-4d2c-b0fe-671d03d20013,AGENT ISF,2025-04-08,2027-04-08,Employé,c3a490c5-3234-4bb8-bfc6-c869b70a258c,,CDD Terme Imprécis,AGENT ISF,Institut National de Formation Professionnelle Agricole
0f0c01da-1c8a-4dd8-a7d2-eaa75c9b44c2,COMMISSAIRE ENQUETEUR,2025-04-08,2027-04-08,Employé,75840a00-0f40-48b9-8e2f-10fa537c6aad,,CDD Terme Imprécis,Commissaire enquêteur,Institut National de Formation Professionnelle Agricole
3245ed76-5c80-48d2-9d29-5a6e3ee17dd2,Animateur rural (plan focal),2025-04-08,2026-04-08,Employé,72773e21-1d92-4aa9-b8c2-4d50845b8e7f,,Stage/Apprentissage,Animateur rural (plan focal),Autre
7c11809f-cddd-4954-86f3-29a32c5bfa81,Animateur rural (plan focal),2025-04-08,2026-04-08,Employé,a4820806-68e2-4d47-8337-a714a4e7c03f,,Stage/Apprentissage,Animateur rural (plan focal),Autre
5761250e-b282-435d-a16e-24fc1a3c1a76,Animateur rural (plan focal),2025-04-08,2026-04-08,Employé,693319b5-31f7-4179-868a-ca0b2a912ff3,,Stage/Apprentissage,Animateur rural (plan focal),Autre
032feaec-d932-4d65-bfdb-544ea452328e,Animateur rural (plan focal),2025-04-08,2026-04-08,Employé,e24fcab0-8afd-4b50-9462-f6252d7ad66a,,Stage/Apprentissage,Animateur rural (plan focal),Autre
404f47d4-03c0-4dcc-8a07-e72ede17f360,Animateur rural (plan focal),2025-04-08,2026-04-08,Employé,ff374385-63ec-4603-9c95-e8ecc4ca7fb1,,Stage/Apprentissage,Animateur rural (plan focal),Autre
22f76a8a-73c3-4d8a-bbf3-8b3c535b53ab,OPERATEUR GNSS STAGIAIRE,2025-04-08,2026-04-08,Employé,2b7386aa-7874-4d0e-ab97-9fa9caaa9735,,Stage/Apprentissage,OPERATEUR GNSS STAGIAIRE,Institut National de Formation Professionnelle Agricole
468be528-2c4f-4b81-b8f0-1c5bd822e101,OPERATEUR GNSS STAGIAIRE,2025-04-08,2026-04-08,Employé,fe28b7fc-56a1-466b-a72d-12571af86ca5,,Stage/Apprentissage,OPERATEUR GNSS STAGIAIRE,Institut National de Formation Professionnelle Agricole
0b878bf6-6834-40c3-82ac-024afd96a189,COMMISSAIRE ENQUETEUR,2025-05-12,2026-05-12,Employé,fbab4f26-15f6-435b-bcce-f87a91122ff1,,CDD,Commissaire enquêteur,ENSPA
06e59b38-e37f-4b72-82a3-542db4d802c0,COMMISSAIRE ENQUETEUR,2025-05-12,2026-05-12,Employé,88aa2c34-5714-4d70-a9e0-0e8cdc1049d6,,CDD,Commissaire enquêteur,Institut National de Formation Professionnelle Agricole
699c6d25-81a0-4a73-99d6-8a0830e6d0b2,Agent de Sensibilisation,2025-05-15,2028-11-15,Agent de maitrise,dcc108f1-b13a-4d8a-92b8-e541c8151c2f,,Consultance/Prestations,Commissaire enquêteur,Université Alassane Ouattara
04603228-734e-4df0-a2e0-07aff0c70a74,Agente de Sensibilisation,2025-05-15,2028-11-15,Agent de maitrise,bbea5918-dcdd-4602-9fec-77d072e9939d,,Consultance/Prestations,Commissaire enquêteur,Université Alassane Ouattara
64249e62-56ac-4956-8032-3706fbfe2cf7,commissaire enquêtrice,2025-06-23,2025-09-23,prestataire,16fa524d-7949-4b35-874e-7749b1f2fd93,,Consultance/Prestations,Commissaire enquêteur,Sélectionnez une école
0c78459c-0f3f-43b2-9e4e-7b7f4e631957,commissaire enquêteur et superviseur départemental de KORD,2025-06-01,2025-09-01,prestataire,84cc7522-4842-4c82-bffa-840c058a7dd3,,Consultance/Prestations,Commissaire enquêteur,Sélectionnez une école
5d87cac3-3256-4b63-bb46-3a7d4c1de16b,Ingénieur géomètre topographe,2022-10-03,,emplyée,4626ddfc-c0f8-4a91-bffc-6890282da8d5,,CDI,Ingénieur géomètre topographe,Sélectionnez une école
693908ae-c158-4690-bfba-87a79e972eeb,Responsable départemental,1999-01-01,,Employé,4d422489-6cc1-4365-9f82-5a17788f50a5,,CDI,Responsable départemental,Sélectionnez une école
1afe7088-1aeb-40dd-afc7-a707a03ae669,Responsable départemental,2025-07-01,2027-07-01,prestataire,228da8a7-f24b-4d35-88fe-c90f33b856bb,,Consultance/Prestations,Responsable départemental,Sélectionnez une école
9050fc77-b48e-4002-ae72-e6a702a5bde6,GEOMETRE TOPOGRAPHE,2025-07-01,,Agent de maitrise,d719d3c0-7d6f-48b8-921b-bf8ec3072cba,,CDI,GEOMETRE TOPOGRAPHE,ESBTP PLATEAU
3d79a446-9ce6-492e-9d2b-093089795874,COMMISSAIRE ENQUETEUR,2025-07-01,,Cadre,fc91adf1-3bde-46bc-b81c-deadc2c37fbc,,CDI,Commissaire enquêteur,Université Alassane Ouattara
f362c8bc-10a1-48d2-a9a1-43b224d95cfb,GEOMETRE TOPOGRAPHE,2025-07-01,,Agent de maitrise,85086968-1195-4b84-a490-56d05e2a7a08,,CDI,GEOMETRE TOPOGRAPHE,ESGC SAN-PEDRO
92398894-62a3-463b-b870-be463e499492,COMISSAIRE ENQUETEUR,2025-07-01,,Agent de maitrise,9c19ff5f-d2ed-478d-bd44-2dc5979149ea,,CDI,Commissaire enquêteur,ERA SUD BINGERVILLE
9a97165b-d396-4790-a220-0754ad9acc2a,COMMISSAIRE ENQUETEUR,2025-06-01,2028-12-01,Agent de maitrise,fdb1aefd-207b-40d1-bfed-cf0380c884e0,,Consultance/Prestations,Commissaire enquêteur,Université Alassane Ouattara
6885db1b-59ec-40b6-839d-5c879b37eac0,COMMISSAIRE ENQUETEUR,2025-04-01,2028-10-01,Agent de maitrise,e1b68fee-ed29-48bc-b3d5-ceecd7bc54a6,,Consultance/Prestations,Commissaire enquêteur,Université Alassane Ouattara
6e11198f-9edc-407b-902f-389fb0df5a49,Point Focal,2025-05-01,2025-11-01,Agent d'Appui,bd938705-d29a-42ec-9ba7-3523f7d7d46d,,Consultance/Prestations,Point Focal,Aucun
b6ee1955-9649-4d91-84ff-02ef326998b3,COMMISSAIRE ENQUETEUR,2025-04-08,2027-04-08,Employé,280389a9-2be2-4a03-8631-29a7dafefb0b,,CDD Terme Imprécis,Commissaire enquêteur,Institut National de Formation Professionnelle Agricole
8e6ba83c-d034-4836-8095-e748627a047f,A ISF,2025-04-08,2027-04-08,Employé,05a25c51-031d-45c0-9d30-40bb1b1f97bd,,CDD Terme Imprécis,AGENT ISF,Institut National de Formation Professionnelle Agricole
b735db60-7d69-4124-a821-c1083a0611e9,AGENT ISF,2025-04-08,2027-04-08,Employé,9375ad81-3bfd-421f-a0cd-d8de08f6e1a9,,CDD Terme Imprécis,AGENT ISF,Institut National de Formation Professionnelle Agricole
ec641f3a-bdc2-4a3c-8817-284ebc4ad5d5,COMMISSAIRE ENQUETEUR,2025-05-08,2027-05-08,Employé,0b425c38-f67e-4e2e-8b2e-9ced4d9b2050,,CDD Terme Imprécis,Sélectionnez une qualification,Institut National de Formation Professionnelle Agricole
b22fddd6-5606-40f0-a405-4a405fcf005c,COMMISSAIRE ENQUETEUR,2025-04-08,2027-04-08,Employé,c0cc6ad2-6983-42ff-8ede-d4fe1d41b411,,CDD Terme Imprécis,Commissaire enquêteur,Institut National de Formation Professionnelle Agricole
94cb2423-3c1e-424e-b73e-68b72d82ab0e,COMMISSAIRE ENQUETEUR,2025-04-08,2027-04-08,Employé,bceaed6a-cf04-4ba8-8c97-702ac61387cd,,CDD Terme Imprécis,Commissaire enquêteur,Institut National de Formation Professionnelle Agricole
f1b48cfe-479a-47d0-9b63-d0e2fd7a7607,COMMISSAIRE ENQUETEUR,2025-04-08,2027-04-08,Employé,71f9a6d4-73eb-49b8-a6d2-ddf4aa76d70f,,CDD Terme Imprécis,Commissaire enquêteur,Institut National de Formation Professionnelle Agricole
d64b9ec7-6f22-4150-a09f-f1bc0208160a,CONTROLEUR QUALITE,2025-10-01,2028-10-01,Cadre,1227f123-5b58-4e82-aa4c-d13e7099c59d,,CDD Terme Imprécis,INGENIEUR GEOMETRE,École Supérieur des Ingénieurs Géomètres et Topographes
a1f92f2c-8822-488b-bca0-c1f40507312a,CONTROLEUR QUALITE,2025-10-01,2028-10-01,Cadre,7ddebf0c-86ae-4d92-80cf-fc3f038fe506,,CDD Terme Imprécis,GEOMETRE TOPOGRAPHE,UFR SI UNIVERSITE DE THIES SENEGAL
d8f20394-f297-4e58-a7b8-fd906770ea3e,TECHNICIEN GEOMETRE TOPOGRAHE,2025-08-11,2025-11-11,Employé,1b4a1687-9e12-4983-af13-d8bdb8f0784f,,CDD,TECHNICIEN GEOMETRE TOPOGRAPHE,COLEGE EBILASSOKRO
8492f273-630a-43b6-854f-03b13c3f0ff2,CARTOGRAPHE,2025-08-21,2029-02-21,Agent d'appui,e97f5d8e-5da3-4652-ad8b-c84d7aa9d141,,Consultance/Prestations,Développeur,UNIVERSITE JEAN LOROUGNON GUEDE
b199f20d-514f-4f10-84dd-2ab69eb3c5ee,Aide commissaire enquêteur,2025-08-13,2029-02-13,Agent de maitrise,4ac46056-1c17-42a3-bd82-49a0d80577b4,,Consultance/Prestations,Commissaire enquêteur,ECOLE DE FAUNE ET DES AIRES PROTEGEES DE BOUAFLE
04341c4f-d55e-46a7-9b48-7f3ddb7885cb,Animateur rural (plan focal),2025-04-08,2026-04-08,Employé,3f0287d0-5d60-4399-8193-f674df1d6547,,Stage/Apprentissage,Animateur rural (plan focal),Autre
799c0095-848c-4b98-a1be-cc2b16924f61,Animateur rural (plan focal),2025-04-08,2026-04-08,Employé,11f2d1dd-6a9a-4a36-bd75-9fdf945c0b33,,Stage/Apprentissage,Animateur rural (plan focal),Autre
5183be51-0fad-4014-8874-e8fac90b9c94,Animateur rural (plan focal),2025-04-08,2026-04-08,Employé,83cb9009-4b0d-4d14-8b96-636ba7dd9543,,Stage/Apprentissage,Animateur rural (plan focal),Autre
9efe8f50-85dd-4081-8290-254f4cb45279,COMMISSAIRE ENQUETEUR,2025-05-12,2025-11-12,Employé,67df1f39-2627-4181-bc2b-61ef43cdaaf4,,CDD,Commissaire enquêteur,Institut National de Formation Professionnelle Agricole
45878333-1bb7-4ccb-afb0-83df9bc9e7b5,commissaire enquêteur,2025-06-23,2025-09-23,prestataire,77262c22-f238-49e7-b1a4-bf070e4bbfdd,,Consultance/Prestations,Commissaire enquêteur,Sélectionnez une école
ac280a38-2900-4262-8fd6-b7ca5e326ccf,commissaire enquêteur,2025-06-23,2025-09-23,prestataire,50651c29-d69d-4c1d-b646-3574236556a9,,Consultance/Prestations,Commissaire enquêteur,Sélectionnez une école
f995e012-983a-44db-a859-57d9f4063487,prestatire,2025-06-01,2025-09-01,commissaire enquêteur et superviseur départemental,05156cbc-c71c-4f7b-96bd-27997ebfbc97,,Sélectionner une nature,Commissaire enquêteur,Sélectionnez une école
5ccafc07-45de-42fa-b621-04359da2988f,Spécialiste environ et social,2025-06-01,2027-06-01,prestataire,6000dd9e-c96e-40b4-bc97-66e26a8b2b45,,Consultance/Prestations,Spécialiste environ et social,Sélectionnez une école
b90db6bc-96cb-41a1-974c-f30124dfccc0,Ingénieur SIG,2018-09-03,,Employé,8195e39e-e26e-41a6-8fee-81b6083a3183,,CDI,Ingénieur SIG,Sélectionnez une école
d4ba1940-1196-4982-a22b-6b9c8c6d2762,Responsable logistique,2024-03-25,,Employé,1e46e461-96cd-4ab5-97fe-816749769481,,CDI,Responsable logistique,Sélectionnez une école
931f61e3-1695-4315-8bda-110cf296ee40,Assistant RH,2024-06-01,,Employé,8e095223-2092-4c6e-84cb-2dc2dba0808a,,CDI,Assistant RH,Sélectionnez une école
dbf89219-65c3-45db-9d94-c03603beaffa,Technicien informatique,2023-08-21,,Employé,3dabd05b-e3ac-42e1-b427-b4d7508c6079,,CDI,Technicien informatique,Sélectionnez une école
d5743f35-9657-4e9a-8526-626d144c3995,GEOMETRE TOPOGRAPHE,2025-07-01,,Agent de maitrise,135c3dd2-c296-4b7e-b9bb-8f5e633bcdbe,,CDI,GEOMETRE TOPOGRAPHE,ESBTP PLATEAU
a8e2ce92-d634-43c6-86c0-15d9940b442d,GEOMETRE TOPOGRAPHE,2025-07-01,,Agent de maitrise,00b9ec42-f84c-451a-9079-50b1f53b7a54,,CDI,GEOMETRE TOPOGRAPHE,ESGC SAN-PEDRO
aeef644d-11a8-4876-bd14-5ff71917e6d8,GEOMETRE TOPOGRAPHE,2025-07-01,,Agent de maitrise,f7f6854a-7b20-45ed-adf0-3d4182532897,,CDI,GEOMETRE TOPOGRAPHE,MOHAMED VI
4308ef28-1bd3-4e71-b264-40337f78cae3,GEOMETRE TOPOGRAPHE,2025-07-01,,Agent de maitrise,8e92c375-bde9-4251-a2aa-d077ed547d90,,CDI,GEOMETRE TOPOGRAPHE,FORMATION SUR TERRAIN
c6798079-6fe3-42b0-a475-9be14df3ae60,COMMISSAIRE ENQUETEUR,2025-06-01,2028-12-01,Agent de maitrise,da73864c-904d-4a91-8f84-23df07289317,,Consultance/Prestations,Commissaire enquêteur,Institut National de Formation Professionnelle Agricole
728f7918-093f-48b0-a71a-a202ec7ea03a,COMMISSAIRE ENQUETEUR,2025-04-01,2028-10-01,Agent de maitrise,36cc4c7f-580d-4b36-88a4-eff40d245b65,,Consultance/Prestations,Commissaire enquêteur,Institut National de Formation Professionnelle Agricole
c79c2af8-39ab-4867-9cfd-afcc0a4450f9,COMMISSAIRE ENQUETEUR,2025-04-01,2028-10-01,Agent de maitrise,791c249c-6c85-46fa-8030-cf4f5d79c2bc,,Consultance/Prestations,Commissaire enquêteur,Institut National de Formation Professionnelle Agricole
c5a4b91f-e1e8-4159-a590-35dfe0995374,Technicien de Maintenance,2025-06-01,2028-12-01,Agent d'Appui,11ebeeb3-2c48-48ca-af1d-35515a6655a9,,Consultance/Prestations,Mécanicien,Collège Moderne de Man
947e4049-a74f-4494-85c6-d9f3f18a2a36,Chauffeur de Tricycle,2025-06-01,2028-11-30,Agent d'Appui,47841853-14ee-41ba-81d6-77bfdd2d4248,,Consultance/Prestations,Chauffeur,""
f762ea94-b1e6-4bd5-9518-7cd24d1df8d7,Opérateur Topographe,2025-08-01,2029-02-01,Agent de maitrise,75aceda2-67e7-4f0e-804f-b7a559a56373,,Consultance/Prestations,Commissaire enquêteur,Institut Conservatoire des Sciences de Gestion de Cocody
f025ea1f-204b-466e-8697-2a34704da063,Agent Sensibilisateur,2025-08-01,2029-02-01,Agent de maitrise,6ce14646-a8b8-471a-ad06-3a9171fcdce1,,Consultance/Prestations,Commissaire enquêteur,Institut National de Formation Professionnelle Agricole
e9ea1a7a-751b-4c09-bac6-a4606c8f014b,Opérateur Topographe,2025-09-01,2029-03-01,Agent de maitrise,0052dc3d-1fbb-4cb6-912b-4acf3b0f0b4d,,Consultance/Prestations,Assistant en productions végétales et animales,Institut National de Formation Professionnelle Agricole
fbc711dc-64d8-4862-b4a7-e55dcdcb2a49,Opérateur Topographe,2025-08-01,2029-02-01,Agent de maitrise,e1c44ff7-a608-402d-809e-3d0ec77f4775,,Consultance/Prestations,Commissaire enquêteur,Institut National de Formation Professionnelle Agricole
2b937bf0-f55a-4d83-9c8a-8dc59088d71c,Assistante,2025-08-01,2026-02-01,prestataire,306b268a-ddca-40f8-b94c-50e14241285f,,Consultance/Prestations,Assistante,collége muvep
c1119e82-9690-4a88-b108-776881da03cf,STAGE,2025-07-14,2025-10-14,STAGE,b4505dac-8349-4cd5-9f2b-53e3bdc33225,,Stage/Apprentissage,STAGE,Sélectionnez une école
4b0973d2-48c6-48fd-81db-a1f8f68c546e,Technicienne,2023-12-01,2025-12-01,Employé,322ec1bb-eb99-432b-8a18-571e9645e05b,,Stage/Apprentissage,technicienne,OFPPT
8dd071a6-f9e1-47de-8163-ab8a9bc36e59,Commissaire enquêteur,2025-09-03,2026-03-03,prestataire,84cc7522-4842-4c82-bffa-840c058a7dd3,,Consultance/Prestations,Commissaire enquêteur,Sélectionnez une école
6115e182-c233-4cce-85ab-acc58f3979fb,Commissaire enquêteur,2025-09-03,2025-10-03,prestataire,05156cbc-c71c-4f7b-96bd-27997ebfbc97,,Consultance/Prestations,Commissaire enquêteur,Sélectionnez une école
f250497b-a6a5-4eb4-a5f0-88d6a7417fa2,AGENT ENQUETEUR,2025-04-05,2026-04-05,Employé,f0b9e678-c581-4f10-bcf7-eb2ab40e62ea,,Stage/Apprentissage,AGENT ENQUETEUR,AUTRE
d403458b-2ea0-4ff2-a3fd-1d6e90ea7be5,AGENT ENQUETEUR,2025-04-08,2026-04-08,Employé,51b075d8-a306-4522-b1f1-1b473912f5da,,Stage/Apprentissage,AGENT ENQUETEUR,AUTRE
f58d47f8-0cae-48f9-a355-1e929fb7b38a,AGENT ENQUETEUR,2025-08-05,2026-08-05,Employé,2e62a69f-db68-4a04-ad53-6071b31ecbc4,,Stage/Apprentissage,AGENT ENQUETEUR,AUTRE
3634559e-826c-4fb3-b519-6c32215941bc,AGENT ENQUETEUR,2025-05-08,2026-05-08,Employé,c43c313b-3d30-4abc-92ec-f7e311352b2a,,Stage/Apprentissage,AGENT ENQUETEUR,AUTRE
b2079eeb-7c30-420d-87a0-4a953cfbd7e8,AGENT ENQUETEUR,2025-04-08,2026-04-08,Employé,52216730-80b5-4ec1-ae94-bd3fe0a4e17b,,Stage/Apprentissage,AGENT ENQUETEUR,AUTRE
71e33e6d-72f3-4f05-92e5-97a62c5b802d,ASSISTANT RH,2025-10-01,2026-04-01,STAGIAIRE,2b6f0c90-97bb-420c-83a4-c1b5f5fd2eb2,,Stage/Apprentissage,STAGE DE QUALIFICATION,SONGON DIGITAL BRIDGE INSTITUT
ec24a6bd-e3af-4f5c-9385-e8d7b830c457,Point Focal,2025-08-01,2026-02-01,Agent d'appui,6b7720e6-22fa-4e9f-8a27-04734f43e033,,Consultance/Prestations,Point Focal,Aucune
abd5fe1e-1c8c-4697-88c3-78d4be69bbc2,Technicienne,2025-09-01,2026-09-01,Employé,215636f4-864b-4e34-8183-21e187a475dc,,CDD,technicienne,Sélectionnez une école
bf2e5fa0-c6b2-4486-b8fc-c83cd8d7da19,Responsable Departemental,2024-07-01,,Cadre,61479e92-fafd-4dd9-ab09-b55fa9aecfeb,,CDI Terme Imprécis,Inconnu,Inconnu
5778ec80-db09-4d93-9cd3-ba27cecc96cf,Responsable Departemental,2024-07-01,,Cadre,19bfd3b1-543c-4bf1-8e34-90983559dfea,,CDI Terme Imprécis,Inconnu,Inconnu
bde3fa39-769f-4069-87ff-3b3ed0516308,AGENT ENQUETEUR,2025-04-08,2026-04-08,Employé,44b98656-a2d9-4122-b22e-1f6e18d6d189,,Stage/Apprentissage,AGENT ENQUETEUR,AUTRE
8a95365a-bf68-40f9-805b-0c90991c47f9,AGENT ENQUETEUR,2025-04-08,2026-04-08,Employé,cba339af-d6b8-48ec-ae5b-da7cc1c75f8a,,Stage/Apprentissage,AGENT ENQUETEUR,AUTRE
d900dc8b-17f9-4263-ba5c-d2298775bcf8,ASSISTANTE COMPTABLE,2025-10-01,2026-04-01,STAGIAIRE,481f0802-9b11-4c67-9bf7-a3b8eb257837,,Stage/Apprentissage,STAGE DE QUALIFICATION,GROUPE LOKO D'ABIDJAN
f597308c-e37f-4ae9-a984-26e74c430916,Aide Commissaire Enquêteur,2025-06-01,2028-12-01,Agent de maitrise,c61b655f-8881-449f-bda5-25e9bff07a73,,Consultance/Prestations,Commissaire enquêteur,LYCEE GUE PASCAL DE MAN
4436c97f-a287-4942-b8f6-4f222f35e2a7,Topographe,2025-08-05,2029-02-05,Agent de maitrise,e677f7da-1c20-4b7e-b34b-3ad1f4f2209b,,Consultance/Prestations,Topographe,LYCEE MUNICIPAL DE BROBO
542e673e-42e2-4a94-b5ac-0d29b322d400,Aide commissaire enquêteur,2025-07-17,2029-01-17,Agent de maitrise,0dcf7e85-04fc-424a-bd62-7400d628dee4,,Consultance/Prestations,Opérateur Topographe,Institut National de Formation Professionnelle Agricole
da1950b0-9426-48a1-8d04-d2f6b0b23eda,Aide commissaire enquêteur,2025-07-17,2029-01-17,Agent de maitrise,464554f8-add0-4b88-871e-e05d73712f30,,Consultance/Prestations,Opérateur Topographe,ECOLE REGIONALE D'AGRICULTURE du SUD ;  BINGERVILLE (ERA SUD)
5cc71ae2-a42d-4a81-8f8a-8999a110956d,COMMISSAIRE ENQUETEUR,2025-07-17,2029-01-17,Agent de maitrise,8e4e90da-2173-4970-8b21-fcf8f64c27b1,,Consultance/Prestations,Opérateur Topographe,Institut National de Formation Professionnelle Agricole
012787bd-1924-4f93-b810-d080f70fea8e,COMMISSAIRE ENQUETEUR,2025-07-17,2029-01-17,Agent de maitrise,dd4f5239-db0a-4202-923d-8437dc06ddb1,,Consultance/Prestations,Opérateur Topographe,Institut National de Formation Professionnelle Agricole
bbe69c6f-de2f-4cd3-913f-4aee75f5f670,Poseur de bornes,2025-07-17,2029-01-17,Agent d'exécution,e0912042-8d10-4c10-aedb-f159ee8a1415,,Consultance/Prestations,Opérateur Topographe,COLLEGE GRACE DIVINE SOUBRE
12001212-f7be-48fe-bd23-b48153de8367,Chauffeur Tricycle,2025-06-01,2028-12-01,Agent d'appui,9e7aded1-b273-400c-bf5e-d4fe112e594a,,Consultance/Prestations,Chauffeur,Aucune
7c8c0985-2a1e-4cb7-af7a-b02f950008ef,Chauffeur Tricycle,2025-09-01,2029-03-01,Agent d'appui,e26b00e2-56cb-42e0-812e-38c598f501b1,,Consultance/Prestations,Chauffeur,Aucune
97ff305e-83c6-4e12-87cd-5957d3d0a39e,Opérateur Topographe,2025-08-01,2029-02-01,Agent de maitrise,c3e27ec1-4c17-4316-9cd6-fda2a292f62f,,Consultance/Prestations,Commissaire enquêteur,Institut National de Formation Professionnelle Agricole
f3ec6028-3669-4b4d-b730-82adace9dafb,Responsable Departemental,2024-07-01,,Cadre,6abbd339-408c-4a53-b563-a2013eb9a72b,,CDI Terme Imprécis,Inconnu,Inconnu
2988b7d3-488f-40d2-a922-a76433371459,Responsable Departemental,2024-07-01,,Cadre,245e7ab3-ce6b-4a87-89f7-98e093a6905d,,CDI Terme Imprécis,Inconnu,Inconnu
743b9039-db6c-459c-992f-6a758329e61c,Assistant Spécialiste Suivi-Évaluation,2024-07-01,,Cadre,b077deb7-4a8d-4e4a-8613-49fdaa947657,,CDI Terme Imprécis,Inconnu,Inconnu
972072de-b062-452d-8df1-4bdda5eda478,Responsable Departemental,2024-07-01,,Cadre,fb235966-da26-45a8-bc30-3ec29db468fe,,CDI Terme Imprécis,Inconnu,Inconnu
64cfed24-8abf-41c0-9ffb-67b4319a1c50,Responsable Departemental,2024-07-01,,Cadre,16df7bf6-9f7f-4289-939d-d1416e98f6ef,,CDI Terme Imprécis,Inconnu,Inconnu
e032f0f5-16df-4eab-8674-15d9aff6e3c4,Responsable Departemental,2024-07-01,,Cadre,ff0b6dc6-b0ea-45e4-b45b-bccec83abf59,,CDI Terme Imprécis,Inconnu,Inconnu
0ad6da75-f693-4fa7-8561-5a6c44455aa6,Responsable Departemental,2024-07-01,,Cadre,131a35a4-e297-4e08-9a99-8b3d9744e395,,CDI Terme Imprécis,Inconnu,Inconnu
7a88a361-b1c1-486f-a6ec-b565adecc2e5,Opérateur Topographe,2025-08-01,2029-02-01,Agent de maitrise,862d54b8-64f1-4905-ae72-fdb182905acd,,Consultance/Prestations,Commissaire enquêteur,Institut National de Formation Professionnelle Agricole
8a0f95a6-c6fa-4b22-8296-5ea7c2fd07df,ADJOINT ADMINISTRATIF,2024-07-01,2027-06-01,Agent de maitrise,b828af59-d1b6-40e7-873e-5cb57743fa61,,CDD Terme Imprécis,Inconnu,Inconnu
feab7f86-ffb5-4818-b188-29fcd2eef04a,INCONNU,2025-05-02,2029-12-02,Employé,b66920f4-e7a5-42a2-83fa-f0d646bcf5a4,,CDD Terme Imprécis,Inconnu,Inconnu
b252e0d6-6368-4b06-a995-9ac7a9ff3a22,INCONNU,2025-05-02,2029-12-02,Employé,4103f26d-41d6-48c9-9fef-645532c37da6,,CDD Terme Imprécis,Inconnu,Inconnu
a1874fa9-4294-495c-ae8b-d76b6f0e6e40,Agent Sensibilisateur,2025-08-01,2029-02-01,Agent de maitrise,7668d861-7f4a-4d67-9ea3-1e5a13d063c3,,Consultance/Prestations,Commissaire enquêteur,ISGC
32554ba8-9c8b-40ba-b8d9-e0644d59ac5d,Agent Sensibilisateur,2025-07-01,2029-08-01,Agent de maitrise,83926a08-6dfb-44c5-86d6-1d56263106a6,,Consultance/Prestations,Assistant en productions végétales et animales,Institut National de Formation Professionnelle Agricole
7d68bdb7-fa10-45c8-9af9-bd3b4508ce32,Opérateur Topographe,2025-08-01,2029-02-01,Agent de maitrise,4f38bd74-71f5-4769-a9b4-d82debeeccf1,,Consultance/Prestations,Technicien Supérieur option Commerce,CMAMCI Abidjan
d8a27c01-528c-48e5-a05a-1d714fcb4075,Opérateur Topographe,2025-08-01,2029-02-01,Agent de maitrise,7137b542-b466-4176-a5e3-563705ffe037,,Consultance/Prestations,Assistant en productions végétales et animales,Institut National de Formation Professionnelle Agricole
e6f9baf9-ce98-4118-ad07-b6eda9c064b2,Topographe,2025-09-01,2029-03-01,Agent de maitrise,95909225-03d9-4d1f-870e-55b34fb4ca9a,,Consultance/Prestations,Technicien Supérieur Topographe,Université Félix Houphouët Boigny
2264deae-c0d2-4063-ade1-89978086f2e1,COMMISSAIRE ENQUETEUR,2025-07-17,2029-01-17,Agent de maitrise,b27ffce8-79a0-447e-a950-f669cae92326,,Consultance/Prestations,Opérateur Topographe,ESAM VRIDI
5c99012c-32d9-4dae-ba2e-06bb5d654b05,Agent Sensibilisateur,2025-07-17,2029-01-17,Agent de maitrise,020e5cbf-c77d-4acc-ba88-1cbc94f1d4d0,,Consultance/Prestations,Docteur en Sociologie de Santé,Université Alassane Ouattara
d7766179-5bfa-4e8e-a7f7-0b4e6945610c,COMMISSAIRE ENQUETEUR,2025-07-17,2029-01-17,Agent de maitrise,7cf61d64-278f-4afe-bab1-d921ae6fcb9a,,Consultance/Prestations,Master en Géographie,Université Félix Houphouët Boigny
8d5c56f1-436d-4888-9838-abdd185c4c2a,APVA,2025-05-05,,Employé,9f7b138a-10eb-42e6-bd3d-879d8b65d945,,CDI Terme Imprécis,Assistant en productions végétales et animales,Institut National de Formation Professionnelle Agricole
18d5b586-9a91-4b4a-8932-e8d7bd9b350c,APVA,2025-05-05,,Employé,10d2a603-db16-43f2-8013-7d41830e6d90,,CDI Terme Imprécis,Assistant en productions végétales et animales,INCONNU
968786da-e4e4-44a6-9583-b3d0b783dc08,APVA,2025-05-05,,Employé,b7c19c8f-2eaf-4f20-b979-ab49862e3b34,,CDI Terme Imprécis,Assistant en productions végétales et animales,INCONNU
281d595b-b39c-4376-87dd-37c9b8a1dad0,APVA,2025-05-05,,Employé,de5df56b-4119-41d3-83ba-96b891be6df9,,CDI Terme Imprécis,Assistant en productions végétales et animales,Institut National de Formation Professionnelle Agricole
ecc59680-188f-4d80-83e7-040b3f41bed8,APVA,2025-05-05,,Employé,f4584ea8-3291-4526-ac03-009ce365a418,,CDI Terme Imprécis,Assistant en productions végétales et animales,INCONNU
b50a652a-080f-4e80-bcb1-231ddcab61fa,APVA,2025-05-05,,Employé,b27ae4c3-4911-4eb8-8618-a699d1820398,,CDI Terme Imprécis,Assistant en productions végétales et animales,INCONNU
6febea44-4a9f-4a3e-9d56-e082aefeb15b,APVA,2025-05-05,,Employé,b282c0a6-fe80-46a9-8308-6d03022b5747,,CDI Terme Imprécis,Assistant en productions végétales et animales,Sélectionnez une école
280112f6-ff10-4eae-82cd-fd24c82208c4,APVA,2025-05-05,,Employé,2ca8790b-a2b6-4e20-9637-4e3ed2ae53a8,,CDI Terme Imprécis,Assistant en productions végétales et animales,INCONNU
f622e1aa-1ee4-435a-8c47-f5b2c6d49dab,APVA,2025-05-05,,Employé,a5809040-35f2-4ebf-a705-20098af1f731,,CDI Terme Imprécis,Assistant en productions végétales et animales,INCONNU
d17a5588-bc8a-483c-b023-f30af7d647c0,APVA,2025-05-05,,Employé,ce723551-0bc4-42e5-ae3d-11392a153102,,CDI Terme Imprécis,Assistant en productions végétales et animales,INCONNU
64c12c8a-44eb-48b4-98f6-79c2e3774eab,APVA,2025-05-05,,Employé,ccc75694-bf0a-4225-9c15-1650254fa267,,CDI Terme Imprécis,Assistant en productions végétales et animales,INCONNU
5bf88fbb-0877-4a79-88df-a5b1d7113864,APVA,2025-05-05,,Employé,d06c3874-d4e0-467d-a22f-2cef4fe510ea,,CDI Terme Imprécis,Assistant en productions végétales et animales,INCONNU
2d43ecea-f526-4392-8899-401e0861b7fb,APVA,2025-05-05,,Employé,1bd86b44-f12d-4655-97cc-bf416a9ee9a6,,CDI Terme Imprécis,Assistant en productions végétales et animales,Institut National de Formation Professionnelle Agricole
82e5ba80-deee-48fe-b956-b7c57c66e403,GESTIONNAIRE DE BUREAU FONCIER SOUS PREFECTORAL,2025-04-16,,Employé,68739717-5dc2-4915-966e-d17f085d4d48,,CDI Terme Imprécis,Assistant en productions végétales et animales,Inconnu
7c0ad0f4-aa5c-4ec8-b06b-b7980a555588,GESTIONNAIRE DE BUREAU FONCIER SOUS PREFECTORAL,2025-04-16,,Employé,20954f82-3392-4f76-b353-74808f5a378c,,CDI Terme Imprécis,Assistant en productions végétales et animales,Inconnu
729959cd-e11d-4393-9219-5aed002e153c,REPRESENTANT DEPARTEMENTAL AFOR,2024-07-01,,Agent de maitrise,c50ce195-3272-404a-a196-d9340b49c01e,,CDI,Inconnu,Inconnu
75671ab6-4712-48dd-a6fd-8efc1a65b6ce,APVA,2025-05-05,,Employé,84cc8720-ce2b-4853-b707-3bf449059fb0,,CDI Terme Imprécis,Assistant en productions végétales et animales,INCONNU
60b1b1d8-e93e-4e75-a8d3-55b61c11b7d4,APVA,2025-05-05,,Employé,678b93d3-b1aa-462c-aeb4-866c344ede61,,CDI Terme Imprécis,Assistant en productions végétales et animales,INCONNU
236bf3ce-e16a-4c03-80b6-58c3966dab91,APVA,2025-05-05,,Employé,3681868a-6eb9-4f27-87af-667e5f2e38ad,,CDI Terme Imprécis,Assistant en productions végétales et animales,Institut National de Formation Professionnelle Agricole
088eb227-5cb2-4f7a-b02e-e7b3a97003e9,APVA,2025-05-05,,Employé,37252bf3-fb63-4b75-abde-bb56bae6a56b,,CDI Terme Imprécis,Assistant en productions végétales et animales,Institut National de Formation Professionnelle Agricole
98ccdb80-1829-4a3e-a920-6d5ecfd4c2d7,APVA,2025-05-05,,Employé,18a55ede-31e3-450d-9772-9fe9f54ab103,,CDI Terme Imprécis,Assistant en productions végétales et animales,Institut National de Formation Professionnelle Agricole
03ce5915-3754-4a8b-82ae-6b70304984ca,APVA,2025-05-05,,Employé,5465b1ea-36fd-4fdb-b882-e315338bc718,,CDI Terme Imprécis,Assistant en productions végétales et animales,INCONNU
b93df54a-0254-46c9-885d-69783d9341bb,APVA,2025-05-05,,Employé,0357be1c-bca3-485e-9203-cea7a97a64ad,,CDI Terme Imprécis,Assistant en productions végétales et animales,Institut National de Formation Professionnelle Agricole
adee77c2-b959-4b8c-a9b2-e19ab9d708d6,Assistante,2025-08-01,2026-02-01,prestataire,547782c5-2b4b-4ac1-8ba1-976c9492454c,,Consultance/Prestations,Assistante,Sélectionnez une école
49c391aa-8bfd-4b14-a7fb-97b4d59353ae,AGENT ENQUETEUR,2025-04-08,2026-04-08,Employé,b72c621f-d491-483c-a582-c6f3ffb0c624,,Stage/Apprentissage,AGENT ENQUETEUR,AUTRE
48b6de84-247d-45f2-991d-89bb200ea516,AGENT ENQUETEUR,2025-04-08,2026-04-08,Employé,3a721078-d4fe-46a8-9abd-14a058fbd0db,,Stage/Apprentissage,AGENT ENQUETEUR,AUTRE
ab940d19-b98f-4508-b799-1c4521b69df3,AGENT ENQUETEUR,2025-04-08,2026-04-08,Employé,ebc11704-0060-40a0-b1a1-8a14857d2dde,,Stage/Apprentissage,AGENT ENQUETEUR,AGENT ENQUETEUR
3941c377-c8d9-40d1-ad3e-58d2ecaee5f4,ASSISTANTE SIFOR,2025-10-01,2026-04-01,STAGIAIRE,21d914ce-17f2-41fb-b704-60beb4adfab1,,Stage/Apprentissage,STAGE DE QUALIFICATION,ECOLE DE LA GEOMATIQUE ET DU TERRITOIRE
0658bb29-6987-431e-81d3-da582ba4f8af,Aide commissaire enquêteur,2025-08-13,2029-02-13,Agent de maitrise,55e5728f-43ea-4a04-90f5-f52f1c8af2dd,,Consultance/Prestations,Commissaire enquêteur,UNIVERSITE PELEFERO GON COULIBALY
3de465e3-cbda-47f0-acb9-a0a8adfc7fc6,Topographe,2025-08-14,2029-02-14,Agent de maitrise,0d3bc604-54c7-4a43-bcc1-178a271de973,,Consultance/Prestations,Commissaire enquêteur,Université Alassane Ouattara
070fa8b8-194f-42d3-a3f1-3a8481a0d5a1,Aide commissaire enquêteur,2025-08-13,2029-02-13,Agent de maitrise,5e5062cf-5fe8-4273-8a8b-ef849c974875,,Consultance/Prestations,Commissaire enquêteur,ECOLE DE FAUNE ET DES AIRES PROTEGEES DE BOUAFLE
3004a9ca-b894-46a0-9a22-c448c983d742,COMMISSAIRE ENQUETEUR,2025-07-09,2029-01-09,Agent de maitrise,8e4f9aa3-7ead-44fb-b641-943434bfdee2,,Consultance/Prestations,Juriste Spécialiste Foncier et Politique Agricole,Université Alassane Ouattara
00d6dc49-9173-4f68-bde7-a58a6308c76f,Aide commissaire enquêteur,2025-07-14,2029-01-14,Agent de maitrise,2c8e371f-1b9a-4388-89cb-4ec82cc61237,,Consultance/Prestations,Licence en philosophie,Université Alassane Ouattara
2238aa9c-fbf2-44bd-9b51-1ae0ae6a9488,Aide commissaire enquêteur,2025-07-17,2029-01-17,Agent de maitrise,c17a53cb-dda8-4bb0-9a23-cd6a2498508f,,Consultance/Prestations,Sélectionnez une qualification,GROUPE IVOIRE ACADEMIE TREICHVILLE
00cf434b-783d-453a-bdce-eb65917e0d77,CARTOGRAPHE,2025-10-05,2029-04-05,Agent de maitrise,0704d883-b400-493c-b7f9-36989c97ecd6,,Consultance/Prestations,Géographe,UNIVERSITE JEAN LOROUGNON GUEDE
c45a1d3b-4e13-4702-90fe-9d0a87b7d3a7,GESTIONNAIRE DE BUREAU FONCIER SOUS PREFECTORAL,2025-04-16,,Employé,02088298-5a03-4a57-b0ca-15a0ab53aae1,,CDI Terme Imprécis,Assistant en productions végétales et animales,Inconnu
618964e7-d9af-4fa7-b42e-0550c4b58740,GESTIONNAIRE DE BUREAU FONCIER SOUS PREFECTORAL,2025-04-16,,Employé,b4d2dda0-cf9f-4a9b-aed2-01d6a7c1f3ba,,CDI Terme Imprécis,Assistant en productions végétales et animales,Inconnu
ce0a957a-aa1a-4226-a17b-69249f99bdea,GESTIONNAIRE DE BUREAU FONCIER SOUS PREFECTORAL,2025-04-16,,Employé,6a5924a1-7e5f-45a8-bae8-4fb3c77b5367,,CDI Terme Imprécis,Assistant en productions végétales et animales,Inconnu
8192c5bb-1e10-4e6f-b708-1465de9e3564,GESTIONNAIRE DE BUREAU FONCIER SOUS PREFECTORAL,2025-04-16,,Employé,d892344e-bba3-4a9b-bf3f-f30700537874,,CDI Terme Imprécis,Assistant en productions végétales et animales,Inconnu
2509a287-6c65-46d6-bee8-73bb4d6bfbde,APVA,2025-05-05,,Employé,d4d850eb-f9dc-41d5-b956-0ab2df61e9af,,CDI Terme Imprécis,Assistant en productions végétales et animales,INCONNU
4a57a9c6-97d7-44da-ba30-fe318bfea3b5,APVA,2025-05-05,,Employé,317d479d-2de7-4a80-990f-41c9c5e7d222,,CDI Terme Imprécis,Assistant en productions végétales et animales,INCONNU
4c715a55-6053-41c6-88db-004704b308a6,APVA,2025-05-05,,Employé,8136150d-31e3-4f2f-96f6-929e374c459d,,CDI Terme Imprécis,Assistant en productions végétales et animales,INCONNU
d589918d-36d3-4769-aeba-dee8a4e20209,APVA,2025-05-05,,Employé,4d2d5be4-aa67-4038-af56-ae9203d631d2,,CDI Terme Imprécis,Assistant en productions végétales et animales,Institut National de Formation Professionnelle Agricole
658345bc-7382-42c5-80f9-2723b0dc4de5,APVA,2025-05-05,,Employé,8a0bfacf-0714-4e24-b2e6-a129f6be77bc,,CDI Terme Imprécis,Assistant en productions végétales et animales,INCONNU
16a41bee-3255-4ec7-a8c1-05be442b47a6,APVA,2025-05-05,,Employé,db70361d-3d29-41f7-8f4d-01fc8dd735e6,,CDI Terme Imprécis,Assistant en productions végétales et animales,Institut National de Formation Professionnelle Agricole
a87458ec-18fe-4138-8abd-defe8072b1e7,APVA,2025-05-05,,Employé,357a4efd-a402-4bbb-a562-fb7a57126a37,,CDI Terme Imprécis,Assistant en productions végétales et animales,INCONNU
86d12c51-df6c-4d70-be28-c041bbc75d81,APVA,2025-05-05,,Employé,179ce677-7d09-4f6a-86be-c09cc3c6c2cf,,CDI Terme Imprécis,Assistant en productions végétales et animales,Sélectionnez une école
bfb6a76b-d0a6-4443-a931-307710666df4,APVA,2025-05-05,,Employé,92a4d7da-d4c1-4815-8d2d-186ae7550aa6,,CDI Terme Imprécis,Assistant en productions végétales et animales,INCONNU
1d485cfb-b2ae-4ebd-a14c-016a8151af98,APVA,2025-05-05,,Employé,53052043-c388-40e4-8fc8-4824fefea15f,,CDI Terme Imprécis,Assistant en productions végétales et animales,Institut National de Formation Professionnelle Agricole
69642219-4cbe-48d3-bd92-f6f275d38d9d,APVA,2025-05-05,,Employé,f541e69a-847c-4d17-b9a4-3635879f4161,,CDI Terme Imprécis,Assistant en productions végétales et animales,Sélectionnez une école
fd7317d2-efa2-46e5-bb25-b84d7ccf539a,APVA,2025-05-05,,Employé,0b007184-eefc-42d7-9a05-f5b2bad2c14f,,CDI Terme Imprécis,Assistant en productions végétales et animales,Institut National de Formation Professionnelle Agricole
bc677012-ba63-4693-818b-1ce3db6bf71a,APVA,2025-05-05,,Employé,8d8749ec-2a2a-4ded-be99-70855c2eae6a,,CDI Terme Imprécis,Assistant en productions végétales et animales,INCONNU
9c9c37ec-3d81-4daf-b93e-8995503bf0b7,APVA,2025-05-05,,Employé,f8521ba6-359b-484f-a59e-bdcdcfb1ba77,,CDI Terme Imprécis,Assistant en productions végétales et animales,INCONNU
a2fb58ed-7cab-4104-87af-15224ebf183b,APVA,2025-05-05,,Employé,9b4dbd52-1ebb-40ce-97fd-d5c915079aff,,CDI Terme Imprécis,Adjoint Administratif,""
c541947c-05a8-48fd-a529-d78773673210,APVA,2025-05-05,,Employé,59c96662-b1be-4993-976c-c76c438bb114,,CDI Terme Imprécis,Assistant en productions végétales et animales,Institut National de Formation Professionnelle Agricole
8a16a45a-c3ef-434f-a0a5-88eb195537c2,APVA,2025-05-05,,Employé,182ccb1b-8500-43e7-8e10-fe8f99886d0f,,CDI Terme Imprécis,Assistant en productions végétales et animales,INCONNU
5b5ecdd2-c85f-4582-923c-488aafddae33,APVA,2025-05-05,,Employé,5160b356-cab6-4e5c-a8e1-da5df3dd8bae,,CDI Terme Imprécis,Assistant en productions végétales et animales,INCONNU
7b11ce5d-8b1b-48be-b4da-ca09ea73dac5,APVA,2025-05-05,,Employé,5b08024c-2cd1-453d-a06e-8c0a0899ff47,,CDI Terme Imprécis,Adjoint Administratif,INCONNU
d50cfa44-1cfe-4c80-8eb2-262b7b948886,APVA,2025-05-05,,Employé,68427316-7968-45e6-b781-f09f06fcfbe6,,CDI Terme Imprécis,Assistant en productions végétales et animales,Institut National de Formation Professionnelle Agricole
16fc1bb6-8e06-4837-a049-3959f5ed21ce,APVA,2025-05-05,,Employé,7a57b239-b074-4191-8243-9f1645ab048b,,CDI Terme Imprécis,Assistant en productions végétales et animales,INCONNU
b9ae177d-7d18-4c01-9575-d3bc0ad1f2a1,APVA,2025-05-05,,Employé,6b5340b3-43ff-4892-81ef-b192bbaeef46,,CDI Terme Imprécis,Assistant en productions végétales et animales,Institut National de Formation Professionnelle Agricole
303682d9-c718-495d-83e7-1fa23b053103,APVA,2025-05-05,,Employé,b0fffa43-87f9-4480-a274-d207edb04e73,,CDI Terme Imprécis,Assistant en productions végétales et animales,INCONNU
6be29db6-1565-4c6f-a556-7e52dc4308d7,APVA,2025-05-05,,Employé,2782bcd3-dd22-46d3-a9bd-4b56f5f78c60,,CDI Terme Imprécis,Assistant en productions végétales et animales,Institut National de Formation Professionnelle Agricole
7579b2e9-b6ea-453e-9dac-122e15ad35e6,APVA,2025-05-05,,Employé,6ef8e193-d191-4773-a671-86fc9e9a16a0,,CDI Terme Imprécis,Assistant en productions végétales et animales,Institut National de Formation Professionnelle Agricole
0e4bbf25-cdcf-4289-bbef-c4b819988390,APVA,2025-05-05,,Employé,35e1a0a9-67af-49cb-b838-bbb024a36a43,,CDI Terme Imprécis,Assistant en productions végétales et animales,Institut National de Formation Professionnelle Agricole
54957ebe-49c8-44b4-973a-b48c5e740cbe,APVA,2025-05-05,,Employé,c0b9833b-e1f7-41ce-9c70-38d1391a8959,,CDI Terme Imprécis,Assistant en productions végétales et animales,Institut National de Formation Professionnelle Agricole
14e2b8dc-ba51-4754-934a-99ea32bc51e2,GESTIONNAIRE DE BUREAU FONCIER SOUS PREFECTORAL,2025-04-16,,Employé,957dbf19-24f9-4e73-9169-66a95b42d79d,,CDI Terme Imprécis,Assistant en productions végétales et animales,Inconnu
b90ce68b-d82f-48eb-90fb-745f3d2ccc0b,GESTIONNAIRE DE BUREAU FONCIER SOUS PREFECTORAL,2024-07-01,2026-07-01,Agent de maitrise,29788f6c-bb06-4ba9-a259-9bc61282f398,,CDD,Sélectionnez une qualification,Inconnu
7280b45b-a8ac-4d47-8a18-6d072788a518,RESPONSABLE DE LA PLANIFICATION ET DU SUIVI-EVALUATION,2024-07-01,,Cadre,5eeeaee3-6523-40ae-a847-10d097004b19,,CDI,DOCTEUR,Inconnu
26f35716-cc3f-4ad5-979b-984ee48f441b,APVA,2025-05-05,,Employé,f90ad383-61e2-48b3-aacd-ee08ee1c6e1a,,CDI Terme Imprécis,APVA,Institut National de Formation Professionnelle Agricole
ed7c0e72-dee4-4c6f-8463-6bbaf8697ace,APVA,2025-05-05,,Employé,4c1c685a-20c3-4452-872b-2cb171810b33,,CDI Terme Imprécis,Assistant en productions végétales et animales,INCONNU
222be4b9-3cd3-4db2-b31a-fc905b0581b2,APVA,2025-05-05,,Employé,2ba2514b-0fe2-4aa4-a52e-15515e1dd014,,CDI Terme Imprécis,Assistant en productions végétales et animales,Institut National de Formation Professionnelle Agricole
7b3499e2-9311-42c9-8a7e-d006f2e2c614,APVA,2025-05-05,,Employé,4a3a49d9-6167-448f-8dbb-b076917dbad1,,CDI Terme Imprécis,Assistant en productions végétales et animales,Institut National de Formation Professionnelle Agricole
2445d678-14de-42ed-8150-b4d4c9f727f1,APVA,2025-05-05,,Employé,876bc84b-4e44-4893-8b95-624a921e0fde,,CDI Terme Imprécis,Assistant en productions végétales et animales,Institut National de Formation Professionnelle Agricole
0689cef7-73bd-4650-8dd9-12512d07fa6b,APVA,2025-05-05,,Employé,c39a3419-be24-44d8-8667-4b06f8cd7cd9,,CDI Terme Imprécis,Assistant en productions végétales et animales,INCONNU
7dbe33d7-8318-467c-a431-5622e683b63c,APVA,2025-05-05,,Employé,0fed25f5-ba34-4956-a925-7f50ad7f7260,,CDI Terme Imprécis,Assistant en productions végétales et animales,INCONNU
fe89f386-03bd-4785-8814-368f7cb20299,APVA,2025-05-05,,Employé,e32795a8-8ba7-4a60-b2ff-aeab077e9b59,,CDI Terme Imprécis,Assistant en productions végétales et animales,""
364234a4-6ffe-46e5-af30-7210957cc61b,APVA,2025-05-05,,Employé,a60a725d-bbac-4da3-81a1-5fcc07518589,,CDI Terme Imprécis,Assistant en productions végétales et animales,""
37dbd478-121d-429b-a1c6-31b6143ae419,APVA,2025-05-05,,Employé,65b04985-c8b5-4803-b42a-871d5b4a8262,,CDI Terme Imprécis,Assistant en productions végétales et animales,INCONNU
7e24e703-ff02-4cff-a0e7-3f78e847bee1,APVA,2025-05-05,,Employé,ca5f9630-4680-410e-bbcc-7b36b80d0b97,,CDI Terme Imprécis,Assistant en productions végétales et animales,INCONNU
43fa4e0c-bc1f-4ed1-8f0f-49b1ae718718,APVA,2025-05-05,,Employé,a3ba7e88-23d1-46b3-b03f-94f4607f8cd2,,CDI Terme Imprécis,Assistant en productions végétales et animales,INCONNU
ae7259bf-7d97-4884-b2b6-662eba5980ea,APVA,2025-05-05,,Employé,dfe179cc-1c9e-4545-b660-e679ed9ab6ad,,CDI Terme Imprécis,Assistant en productions végétales et animales,INCONNU
ece9a9c5-385f-426b-b3a1-a58764828864,APVA,2025-05-05,,Employé,2d1f9219-7850-476c-b5f4-f69c79f4d168,,CDI Terme Imprécis,Assistant en productions végétales et animales,Institut National de Formation Professionnelle Agricole
c6d806bc-7876-4371-8a0e-78e5d1201647,APVA,2025-05-05,,Employé,fd46f3f3-0785-4c02-b43c-c64b70896526,,CDI Terme Imprécis,Assistant en productions végétales et animales,INCONNU
533462a0-f9a7-4f94-9b86-fadb116b6a39,APVA,2025-05-05,,Employé,e8a1260b-db04-41af-87f2-78528442ef28,,CDI Terme Imprécis,Assistant en productions végétales et animales,Institut National de Formation Professionnelle Agricole
68e9e4e6-db83-4a36-a6ab-0e3098a15d8f,APVA,2025-05-05,,Employé,d0a82818-2622-4439-a4a8-2d6ba7b88fac,,CDI Terme Imprécis,Assistant en productions végétales et animales,INCONNU
a3bc00f6-6349-4503-824e-89dce93446bd,APVA,2025-05-22,,Employé,68871fd2-6f5e-4942-bc79-d9c1674b5a47,,Sélectionner une nature,APVA,Institut National de Formation Professionnelle Agricole
2bc8f48f-ce43-4559-9f34-c1f246da0a6d,APVA,2025-05-05,,Employé,2a96ff2d-4d52-4279-a094-a737cb925f22,,CDI Terme Imprécis,Assistant en productions végétales et animales,Institut National de Formation Professionnelle Agricole
79667394-ebef-45e1-ac16-84c4cd963616,APVA,2025-05-05,,Employé,45fa8477-79b4-4044-be7d-d5953bd75fee,,CDI Terme Imprécis,Assistant en productions végétales et animales,INCONNU
21534167-a440-40bf-aaf2-fc0ba80fea4c,APVA,2025-05-05,,Employé,dc39f60b-3552-4a43-9fbc-047c0143cf78,,CDI Terme Imprécis,Assistant en productions végétales et animales,Institut National de Formation Professionnelle Agricole
74971734-3fb3-419e-aadb-73bbd7736e56,APVA,2025-05-05,,Employé,af167302-aced-4785-bc2a-5135be9621cf,,CDI Terme Imprécis,Assistant en productions végétales et animales,INCONNU
9fdedf00-1747-444e-ad00-bd5ed105e3de,APVA,2025-05-05,,Employé,1e4dcfda-9c95-422e-8adb-7585b18f8a15,,CDI Terme Imprécis,Assistant en productions végétales et animales,Institut National de Formation Professionnelle Agricole
681d0652-29eb-471f-97af-2d04a1c70b9a,APVA,2025-05-05,,Employé,e167e8cc-9cb5-41f8-98f6-1a9333554de3,,CDI Terme Imprécis,Assistant en productions végétales et animales,Institut National de Formation Professionnelle Agricole
5783f4d6-d28f-4c61-9560-1ca57476b953,APVA,2025-05-05,,Employé,722d168a-379d-4238-bd0c-2fcbd2bd5922,,CDI Terme Imprécis,Assistant en productions végétales et animales,Institut National de Formation Professionnelle Agricole
7454949e-fcc2-442e-94a7-bc7f084457be,APVA,2025-05-05,,Employé,aba9ed3a-6ce5-4935-91e3-703707462c99,,CDI Terme Imprécis,Assistant en productions végétales et animales,Institut National de Formation Professionnelle Agricole
91a05ba6-30c1-4220-9eb1-0919c3eabe70,APVA,2025-05-05,,Employé,8efe304e-e80d-4ff5-a318-8a6ba2a53b7d,,CDI Terme Imprécis,Assistant en productions végétales et animales,INCONNU
0847cd13-5651-47c8-99f9-7d98d5093e00,STAGE,2025-07-14,2025-10-14,STAGE,47d7bfd0-5e9f-4c94-a97f-36bea987c6c9,,Stage/Apprentissage,STAGE,Sélectionnez une école
299e4323-d335-4301-a8c9-f3a15202388f,AGENT  ENQUETEUR,2025-04-08,2026-04-08,Employé,6cddadba-c1d8-4ada-9ca0-d2330a519409,,Stage/Apprentissage,AGENT ENQUETEUR,AUTRE
9dbb7277-c331-4f13-9c01-6e823dbe1205,AGENT ENQUETEUR,2025-04-08,2026-04-08,Employé,18a811c6-bee0-48a2-b8f4-c64b7f5d61fa,,Stage/Apprentissage,AGENT ENQUETEUR,AUTRE
58e01859-8550-47d2-930e-5dfdd4da68f3,AGENT ENQUETEUR,2025-04-08,2026-04-08,Employé,421da650-51dd-48b8-8664-aa5810b66f10,,Stage/Apprentissage,AGENT ENQUETEUR,AUTRE
c36a3b74-2082-4f79-af9d-9ad8c0f067a5,GESTIONNAIRE DE BUREAU FONCIER SOUS PREFECTORAL,2025-04-16,,Employé,201a087f-8250-4562-afb5-322372d4383a,,CDI Terme Imprécis,Assistant en productions végétales et animales,Inconnu
5bf614e4-1add-4523-b4b1-484f9197e1aa,GESTIONNAIRE DE BUREAU FONCIER SOUS PREFECTORAL,2025-04-16,,Employé,277862dc-9fdd-4894-98d4-6bcf4a116b06,,CDI Terme Imprécis,Assistant en productions végétales et animales,Inconnu
b3f499c9-59e3-439a-95a1-86d86bd2e1e1,APVA,2025-05-05,,Employé,2b04dde5-55a9-42ca-84fd-30b698c3daf9,,CDI Terme Imprécis,Assistant en productions végétales et animales,Institut National de Formation Professionnelle Agricole
0b94292c-ba9a-4c3d-9c65-6ae5535f5881,APVA,2025-05-05,,Employé,88284e4d-0822-4164-9867-550aa88a6a99,,CDI Terme Imprécis,Assistant en productions végétales et animales,INCONNU
0f8621de-70ba-4596-9c4f-63141829c70c,APVA,2025-05-05,,Employé,62c0bdd3-6ae2-443f-b072-172976e4cb03,,CDI Terme Imprécis,Assistant en productions végétales et animales,Institut National de Formation Professionnelle Agricole
c9665ce6-4f1c-4662-8b3b-790b5dab289f,APVA,2025-05-05,,Employé,176bdae2-475f-43c4-a7e9-ec5d1fabbf8c,,CDI Terme Imprécis,Assistant en productions végétales et animales,Institut National de Formation Professionnelle Agricole
f01e362d-49a3-4530-9d1d-821fb1f2064c,APVA,2025-05-05,,Employé,7d57223a-8f7d-463e-b26a-d435d0625a29,,CDI Terme Imprécis,Assistant en productions végétales et animales,Institut National de Formation Professionnelle Agricole
9e2b148c-fbcb-4307-9294-1feaa44d0ee1,APVA,2025-05-05,,Employé,11901055-9f0f-4f01-b323-8dcec0fe4f67,,CDI Terme Imprécis,Assistant en productions végétales et animales,INCONNU
d3cfb0c1-6cc3-40c5-93b2-f47b7a60f72b,APVA,2025-05-05,,Employé,1d1bf4c7-1231-475c-ad1a-f7e41502b89e,,CDI Terme Imprécis,Assistant en productions végétales et animales,Sélectionnez une école
632a8746-0664-4c27-bf02-4bdb7834fb4a,APVA,2025-05-05,,Employé,cc9b4c59-95b5-4032-a8a7-517e60f612c6,,CDI Terme Imprécis,Assistant en productions végétales et animales,INCONNU
c7d2d926-331b-475b-953a-43dbaa06d033,APVA,2025-05-05,,Employé,8a24e5bf-28de-4278-a81d-a40538af3497,,CDI Terme Imprécis,APVA,INCONNU
775d47e5-5597-4f3b-b006-5f8f851cb560,APVA,2025-05-05,,Employé,ad728956-f9b7-4ec7-a53d-a2d14d0b4a88,,CDI Terme Imprécis,Assistant en productions végétales et animales,INCONNU
b0b5ec56-c748-46e8-8e03-4850e1c501cd,APVA,2025-05-05,,Employé,fecd18cb-e086-47a1-8672-b84e4358e2d9,,CDI Terme Imprécis,Assistant en productions végétales et animales,INCONNU
5191b2f1-d40d-40ac-85de-adc352992352,APVA,2025-05-05,,Employé,2340324a-12e5-426e-ad5a-c8852d5e38b9,,CDI Terme Imprécis,Assistant en productions végétales et animales,INCONNU
25a76316-5743-4f9a-9a3c-0741105352c6,APVA,2025-05-05,,Employé,209f4751-d0eb-42cf-99f1-b8984d1123e6,,CDI Terme Imprécis,Assistant en productions végétales et animales,INCONNU
044d3601-2241-4b3c-bca8-7171f949b27d,APVA,2025-05-05,,Employé,792690bc-86d7-421a-88d8-2325f1d54d65,,CDI Terme Imprécis,Assistant en productions végétales et animales,INCONNU
2e427306-a1db-4fd5-94ea-abcd3746f840,APVA,2025-05-05,,Employé,560e7bbf-8ac7-46ba-b87e-1ee5549599da,,CDI Terme Imprécis,Assistant en productions végétales et animales,Institut National de Formation Professionnelle Agricole
5c73c100-cc28-4183-ac6d-722598422ba5,APVA,2025-05-05,,Employé,53551760-3b42-4f12-85bd-eeacea2140b6,,CDI Terme Imprécis,Assistant en productions végétales et animales,INCONNU
4e3e2d8e-0d66-4dd6-84d9-fae72708ab7e,APVA,2025-05-05,,Employé,36a44cf5-a394-4dee-9d5d-0380c4ff28c0,,CDI Terme Imprécis,Assistant en productions végétales et animales,Institut National de Formation Professionnelle Agricole
c8e11e29-cb1b-4328-8693-14e455baf534,APVA,2025-05-05,,Employé,5bddf04f-02e7-477f-991f-84fb043cbe9b,,CDI Terme Imprécis,Assistant en productions végétales et animales,Institut National de Formation Professionnelle Agricole
eb63f5dd-dc40-4ffc-ab68-734be700ea17,APVA,2025-05-05,,Employé,4e1c6da2-5b45-49ba-9e1a-77a02a079655,,CDI Terme Imprécis,Assistant en productions végétales et animales,INCONNU
e68fd315-c5d1-4afb-accd-fa448a6dfe9e,APVA,2025-05-05,,Employé,71a73e69-c9f0-4a52-afb7-7fb13f3cfb5d,,CDI Terme Imprécis,Assistant en productions végétales et animales,INCONNU
eb610987-1617-409e-a025-7faf32e6894c,APVA,2025-05-05,,Employé,b25c4a14-8dd3-418f-bb74-a380893481ff,,CDI Terme Imprécis,Assistant en productions végétales et animales,INCONNU
5b1eb4f8-c718-44a2-8b72-dba3b4b76e4f,APVA,2025-05-05,,Employé,4ca6d52d-f584-4815-9b42-1ed4ca5065f6,,CDI Terme Imprécis,Assistant en productions végétales et animales,Institut National de Formation Professionnelle Agricole
01488351-5f81-4d37-bcfd-8ce53594f095,APVA,2025-05-05,,Employé,fb39a3d8-53b2-4072-8112-55360ab26589,,CDI Terme Imprécis,Assistant en productions végétales et animales,Institut National de Formation Professionnelle Agricole
56d31eec-0288-4d7d-a102-7a785ab96958,APVA,2025-05-05,,Employé,805ad9ad-1ca0-4771-a024-cd377f814397,,CDI Terme Imprécis,Assistant en productions végétales et animales,Institut National de Formation Professionnelle Agricole
cf98468d-324f-4bd6-a1ee-0436e97d8d38,APVA,2025-05-05,,Employé,c71e5bc9-fdcf-4cdc-9228-38f0e16f9b93,,CDI Terme Imprécis,Assistant en productions végétales et animales,INCONNU
0a2d5c9f-418e-49aa-9cc1-5933deddd79a,APVA,2025-05-05,,Employé,f3c64f10-daa5-4363-9608-767c9bef0def,,CDI Terme Imprécis,Assistant en productions végétales et animales,INCONNU
80e8ddae-aedc-4f29-bfce-8620d1a0e64e,APVA,2025-05-05,,Employé,6dd306d0-1d12-47a3-ae48-548dbdff03ae,,CDI Terme Imprécis,Assistant en productions végétales et animales,Institut National de Formation Professionnelle Agricole
0379bb8d-a7f6-414e-bad5-803d90687776,APVA,2025-05-05,,Employé,e749c866-daee-45c0-896c-f32d2b254548,,CDI Terme Imprécis,Assistant en productions végétales et animales,Institut National de Formation Professionnelle Agricole
0b17133d-9357-4dcd-8792-07808e860f73,APVA,2025-05-05,,Employé,84bd0c9d-1844-465a-9a8a-804eec401317,,CDI Terme Imprécis,Assistant en productions végétales et animales,Institut National de Formation Professionnelle Agricole
1161c3a0-d455-4e8d-8b7d-e88e32653c10,GESTIONNAIRE DE BUREAU FONCIER SOUS PREFECTORAL,2025-04-16,,Employé,abb34acb-9374-4e51-b168-109f0276a556,,CDI Terme Imprécis,Assistant en productions végétales et animales,Inconnu
0f7e51b9-3ad3-42b2-9130-5ec4116f46e4,APVA,2025-05-05,,Employé,0d86c52b-2312-4ddd-bed5-79a8f35ca6c7,,CDI Terme Imprécis,Assistant en productions végétales et animales,INCONNU
d5920aa6-b440-40e3-a124-2eba9812044d,GESTIONNAIRE DE BUREAU FONCIER SOUS PREFECTORAL,2025-04-16,,Employé,2a2d4401-b2c5-4888-82a0-3cef078868c4,,CDI Terme Imprécis,BTS INFORMATIQUE,Inconnu
a869af08-be1b-4591-985b-07e86d5f7070,APVA,2025-05-05,,Employé,8cdc566c-4165-4eb2-a3f6-18ac16ce03d3,,CDI Terme Imprécis,Assistant en productions végétales et animales,INCONNU
8e33b526-794e-44cf-a7b7-6fa466c4d8bb,GEOGRAPHE /CARTOGRAPHE,2024-07-01,2025-08-03,Agent de maitrise,b1a46fce-bbf1-488a-98f3-27236eb68cc0,,CDI,Inconnu,Inconnu
0f3c9d91-8ee4-4bdc-882c-0c0fd4fe4f49,REPRESENTANT DEPARTEMENTAL AFOR,2025-03-17,2026-03-17,Agent de maitrise,8e9fe1e9-f992-4da3-8921-6db757cde8f2,,CDD,TECHNICIENNE AGRICOLE,Inconnu
c0ca2c14-78ae-4faf-a7db-ac3ccd6fa48a,INCONNU,2025-05-02,2029-12-02,Employé,18f309fa-0824-461f-b2fd-909761354737,,CDD Terme Imprécis,Assistant en productions végétales et animales,Inconnu
7d4882fa-ae5a-4a4a-abde-f66c092bf225,INCONNU,2025-05-02,2029-12-02,Employé,0d38b142-714b-4b57-a4a4-a19afa5d65bc,,CDD Terme Imprécis,SECRETAIRE AGENT ADMINISTRATRIF,Inconnu
6fe4654b-e1ac-4362-9257-7afed70ce8ab,APVA,2025-05-05,,Employé,e04ae808-b1e2-4aa2-ad74-649246862939,,CDI Terme Imprécis,Assistant en productions végétales et animales,Institut National de Formation Professionnelle Agricole
15706d3c-feae-4956-8e95-fe9f5131898e,APVA,2025-05-05,,Employé,388a6fe3-4418-4945-8f14-4790531d0310,,CDI Terme Imprécis,Assistant en productions végétales et animales,Institut National de Formation Professionnelle Agricole
c49cb265-9676-4cf3-9f8e-75866d74c9a4,APVA,2025-05-05,,Employé,0a151133-ff3a-4551-9a28-ad9b6fc60f40,,CDI Terme Imprécis,Assistant en productions végétales et animales,INCONNU
aa068eb7-4bd3-49b0-9326-526f85a5be07,APVA,2025-05-05,,Employé,21c8a2dd-28c2-4e75-b816-0af4f1b1b4f1,,CDI Terme Imprécis,Assistant en productions végétales et animales,INCONNU
a98ac6c0-9ebc-4116-a6e0-7d7a72845fab,APVA,2025-05-05,,Employé,ee7adeda-72dc-49fc-9b5b-03f8142da2aa,,CDI Terme Imprécis,Assistant en productions végétales et animales,INCONNU
d35c455b-1e89-48e7-a985-ef74d2cd56c9,APVA,2025-05-05,,Employé,c47f93b0-8e31-431f-8765-6af8195a9215,,CDI Terme Imprécis,Assistant en productions végétales et animales,INCONNU
638148b9-0d0a-49a5-89e5-7a7dc89f14bf,APVA,2025-05-05,,Employé,b1d3a248-26ef-43fd-a45d-0e2ee78f9b8b,,CDI Terme Imprécis,Assistant en productions végétales et animales,INCONNU
060a2b8a-0247-4666-8f04-d21fa29c853d,APVA,2025-05-05,,Employé,784fb91e-79d0-4e9a-8c1d-6239eab4c8b4,,CDI Terme Imprécis,Assistant en productions végétales et animales,Institut National de Formation Professionnelle Agricole
f0024670-1d6f-45fc-9b4c-468b018e00a8,APVA,2025-05-05,,Employé,d58aa60f-50c8-45c6-a04d-708ea8b8b1c8,,CDI Terme Imprécis,Assistant en productions végétales et animales,INCONNU
790dcf95-e4eb-4e5c-a940-6827ffd00d5e,APVA,2025-05-05,,Employé,504efbf9-2df9-425b-a159-1ae74102756c,,CDI Terme Imprécis,Assistant en productions végétales et animales,INCONNU
f5c0a589-debd-4667-8aa6-726e981a7789,APVA,2025-05-05,,Employé,8572cb8f-31ae-4df3-928d-b1cd3e1aa18a,,CDI Terme Imprécis,Assistant en productions végétales et animales,Institut National de Formation Professionnelle Agricole
7c68198e-3b4a-4657-8205-11a5ccc532d0,APVA,2025-05-05,,Employé,537c9dee-0101-4e62-bc76-962205773c29,,CDI Terme Imprécis,Assistant en productions végétales et animales,Institut National de Formation Professionnelle Agricole
0d153909-c27c-44b8-845a-1c24022afcd0,APVA,2025-05-05,,Employé,bb399562-23ae-43cd-b0fa-ce1900e46859,,CDI Terme Imprécis,Assistant en productions végétales et animales,INCONNU
63be0afc-6c38-479d-8621-3f70983c951d,APVA,2025-05-05,,Employé,c723a51e-69a3-44ae-9432-2fab7b3c9578,,CDI Terme Imprécis,Assistant en productions végétales et animales,Institut National de Formation Professionnelle Agricole
c9af8004-4005-47de-a743-4ca8c0079dc5,APVA,2025-05-05,,Employé,c1404cad-1898-4681-9f1b-2ae68d80b4d7,,CDI Terme Imprécis,Assistant en productions végétales et animales,INCONNU
989f9ee7-6632-4e8f-9770-b3f16f10b616,APVA,2025-05-05,,Employé,fd300c2b-fa30-49a8-9b7f-c32b51ab1c7d,,CDI Terme Imprécis,Assistant en productions végétales et animales,Institut National de Formation Professionnelle Agricole
d52728aa-a673-471d-a053-a3d1598fd345,APVA,2025-05-05,,Employé,e5c38661-395c-4282-8000-516cad44afe6,,CDI Terme Imprécis,Assistant en productions végétales et animales,INCONNU
acfb9395-d506-4991-8995-1ed2583c452c,APVA,2025-05-05,,Employé,4dd08185-e086-4af5-bdc6-d7762239eca4,,CDI Terme Imprécis,Assistant en productions végétales et animales,INCONNU
114df4f0-7682-40ab-ac25-2af6c3902fc3,APVA,2025-05-05,,Employé,4a31e672-d44b-4163-840f-a3b22cb27153,,CDI Terme Imprécis,Assistant en productions végétales et animales,INCONNU
4b92b566-2e45-4b47-9057-498f95db5960,APVA,2025-05-05,,Employé,f40c3a11-8f92-464a-9564-64a45178e451,,CDI Terme Imprécis,Assistant en productions végétales et animales,Institut National de Formation Professionnelle Agricole
435c4930-67b1-4f8b-b7e1-2d32493e178c,APVA,2025-05-05,,Employé,54562cff-0370-465b-a33e-2cca56ec2b39,,CDI Terme Imprécis,Assistant en productions végétales et animales,Institut National de Formation Professionnelle Agricole
6883c9f9-92ee-4491-814d-63fd1d3fd0b8,APVA,2025-05-05,,Employé,9d018036-9f04-4e51-bd23-03456c455e8e,,CDI Terme Imprécis,Assistant en productions végétales et animales,Institut National de Formation Professionnelle Agricole
3c2e2e29-3ded-4f4a-8038-75fb0c7c70eb,AGENT ENQUETEUR,2025-04-08,2026-04-08,Employé,8553db11-b566-4081-8680-33182fe9e847,,Stage/Apprentissage,AGENT ENQUETEUR,AUTRE
477fe3e1-e105-4451-ae19-5f1832e3525d,CHAUFFEUR,2025-07-01,2026-06-30,Employé,7da17484-e8bf-4760-ac07-8d0068e6f78d,,CDD,CHAUFFEUR,Sélectionnez une école
e07be9aa-8f72-4752-9e53-e9b7bab802bc,SCVAA,2025-09-05,,Agent de maitrise,25efc441-ec56-41e4-9034-275dfe7dd2fc,,CDI,Géomaticienne,Institut National Polytechnique HOUPHOUET BOIGNY
2408b342-5a09-4829-9527-5a213d4e0e64,APVA,2025-05-05,2025-08-04,Employé,7d0e4f23-6ac9-49cc-b30b-61caf304a01d,,CDI Terme Imprécis,Assistant en productions végétales et animales,Institut National de Formation Professionnelle Agricole
5368954e-6fda-4223-aa58-f3e4e716933c,Aide commissaire enquêteur,2025-08-14,2029-02-14,Agent de maitrise,134c9279-4701-4943-973f-be62f8ec8cc6,,Consultance/Prestations,Commissaire enquêteur,ECOLE DE FAUNE ET DES AIRES PROTEGEES DE BOUAFLE
6fff0035-6363-40f1-84c6-4ed6dcae0d47,INCONNU,2025-05-02,2029-12-02,Employé,04ad1cb3-2c7f-4a16-a410-c5cdc70a568f,,CDD Terme Imprécis,Assistant en productions végétales et animales,Inconnu
206e35dc-471a-4117-9d4c-d013442de4ac,INCONNU,2025-05-02,2029-12-02,Employé,db390785-ed0c-4b49-ba57-8a37764c829f,,CDD Terme Imprécis,Assistant en productions végétales et animales,Inconnu
ff230956-e131-4e03-bebe-35102cbf4e56,INCONNU,2025-05-02,2029-12-02,Employé,3fe826f1-a496-48ea-ba1b-27e191be3c23,,CDD Terme Imprécis,ADJOINT ADMINISTRATIF (DUT GESCOM),Inconnu
2dde746a-8f97-4870-bd84-34f418b22a5f,INCONNU,2025-05-02,2029-12-02,Employé,f3b052c3-0343-41b6-a85b-077e0375fcb0,,CDD Terme Imprécis,Assistant en productions végétales et animales,Inconnu
0e1f63f3-03ae-457d-873a-afc69bc80a3d,INCONNU,2025-05-02,2029-12-02,Employé,f6c321e0-d0a4-4a47-9e1b-9ff4d6c3ba6f,,CDD Terme Imprécis,Assistant en productions végétales et animales,Inconnu
c1cd4eac-01f9-4b0b-99a0-ddc87ea38860,INCONNU,2025-05-02,2029-12-02,Employé,5e50b1a9-bb3b-42ed-a598-6d4ff618d36a,,CDD Terme Imprécis,Assistant en productions végétales et animales,Inconnu
941bb0ef-5d7a-4221-9239-74949670599c,INCONNU,2025-05-02,2029-12-02,Employé,4c7489fa-1658-4289-978b-16d89a3802b5,,CDD Terme Imprécis,Assistant en productions végétales et animales,Inconnu
f3a6756c-6a50-4acc-84cc-dfe8d2928472,INCONNU,2025-05-02,2029-12-02,Employé,68c34187-75cd-4b14-bf48-c395af7aeebd,,CDD Terme Imprécis,Assistant en productions végétales et animales,Inconnu
9bcc88d8-8538-4734-a436-0a210b41cca3,INCONNU,2025-05-02,2029-12-02,Employé,ef06b551-f3a7-4d5b-a173-b7b796de93a9,,CDD Terme Imprécis,Assistant en productions végétales et animales,Inconnu
541be744-55d3-4ae5-9ab8-a2ef80e37deb,INCONNU,2025-05-02,2029-12-02,Employé,e2458eda-522c-4b0f-8852-0f27087d4a42,,CDD Terme Imprécis,SECRETAIRE ADMINISTRATIF,Inconnu
50ca5de9-9abf-442f-9881-c380f10a1830,INCONNU,2025-05-02,2029-12-02,Employé,d547a7a6-1856-453d-b320-3a9cb48a81fd,,CDD Terme Imprécis,Assistant en productions végétales et animales,Inconnu
aa3edacc-4c7e-4bdb-ae6d-3f1d9b374399,INCONNU,2025-05-02,2029-12-02,Employé,db4c2010-f035-453f-8dd8-9660e1d73440,,CDD Terme Imprécis,Assistant en productions végétales et animales,Inconnu
9dae35f9-d6ec-4bfc-9000-aec794792c71,INCONNU,2025-05-02,2029-12-02,Employé,7213167d-bb28-4248-ac1a-7912a761ec97,,CDD Terme Imprécis,Assistant en productions végétales et animales,Inconnu
22a6a988-4183-43e8-9659-79e49391fb83,INCONNU,2025-05-02,2029-12-02,Employé,be86c116-8dbf-4a56-bbf3-ba6687dc9106,,CDD Terme Imprécis,Assistant en productions végétales et animales,Inconnu
3af080a1-a461-4f32-8af6-97a432bcc7a4,INCONNU,2025-05-02,2029-12-02,Employé,8baa0420-c272-4981-bd27-331678eb6e70,,CDD Terme Imprécis,Assistant en productions végétales et animales,Inconnu
cb925b89-8718-41f2-8094-8a1ad14334d1,APVA,2025-05-05,,Employé,cf46cd8a-3765-40e0-80e1-28337dff31e2,,CDI Terme Imprécis,Assistant en productions végétales et animales,Institut National de Formation Professionnelle Agricole
33041a91-966f-435a-aacd-02ac338c9c30,INCONNU,2025-05-02,2029-12-02,Employé,db1a0026-05e4-4419-89e6-57e02576ff51,,CDD Terme Imprécis,Assistant en productions végétales et animales,Inconnu
c6caf35e-575d-4c96-a9c6-916d4c9bfe8f,INCONNU,2025-05-02,2029-12-02,Employé,bb860fed-d5a2-4c89-8d9b-8c6ad91b6614,,CDD Terme Imprécis,Assistant en productions végétales et animales,Inconnu
4375d236-034c-44b8-b773-f01d687b5e67,INCONNU,2025-05-02,2029-12-02,Employé,6caf88d2-b853-4418-b673-9412b1bfb1b5,,CDD Terme Imprécis,Assistant en productions végétales et animales,Inconnu
a6f8266a-d6b9-4fb3-98a1-99339245fa44,INCONNU,2025-05-02,2029-12-02,Employé,29cc78bf-d1fa-4b5f-9b3d-a04cac9a5f8d,,CDD Terme Imprécis,ADJOINT ADMINISTRATIF MAITRISE CHIMIE,Inconnu
16d55357-fa5c-482c-8790-37eeea385a34,INCONNU,2025-05-02,2029-12-02,Employé,6ac058bf-9162-4d08-8634-a5d1fb2d7661,,CDD Terme Imprécis,Assistant en productions végétales et animales,Inconnu
65ecbe1c-536a-44d5-8b5f-59275e09a679,INCONNU,2025-05-02,2029-12-02,Employé,c15735d3-8c62-47ca-81f1-215abe95c797,,CDD Terme Imprécis,Assistant en productions végétales et animales,Inconnu
0d9d92ea-5b1d-42ae-8d96-ad39c5bfdcd0,INCONNU,2025-05-02,2029-12-02,Employé,e3cd2206-a118-4df5-9be0-3693a32167cd,,CDD Terme Imprécis,Sélectionnez une qualification,Inconnu
83ef2f53-a9d9-4010-875e-86d242910481,INCONNU,2025-05-02,2029-12-02,Employé,5f501f68-05c6-4fa7-acf7-9cbf3e0d3c55,,CDD Terme Imprécis,Assistant en productions végétales et animales,Inconnu
1687f82c-782a-4a33-b556-5fc20305b3d3,INCONNU,2025-05-02,2029-12-02,Employé,d4f8d6b9-6d57-4668-96a7-c6963913f3bf,,CDD Terme Imprécis,Assistant en productions végétales et animales,Inconnu
85edaed8-b22e-4812-8b4a-6954d9d2fad3,INCONNU,2025-05-02,2029-12-02,Employé,4c119fb6-6b26-4f1d-abe7-48ce68658d68,,CDD Terme Imprécis,Assistant en productions végétales et animales,Inconnu
c3da6e4f-7c61-4d47-b3b9-2705f4b6caa8,INCONNU,2025-05-02,2029-12-02,Employé,5fe1c002-0b03-4ac9-bc3f-a6d41f049abf,,CDD Terme Imprécis,Assistant en productions végétales et animales,Inconnu
c58bb605-f211-40ea-9039-f0c06c2d020b,INCONNU,2025-05-02,2029-12-02,Employé,334ea707-975a-4aee-a06d-04bc7fa092a9,,CDD Terme Imprécis,Assistant en productions végétales et animales,Inconnu
1c10500d-bb4e-4b1c-b7e9-1d5d734fbace,APVA,2025-05-05,,Employé,04b97009-a2b1-48fc-bb43-f767fb32f3f8,,CDI Terme Imprécis,Assistant en productions végétales et animales,Institut National de Formation Professionnelle Agricole
68f7ed64-6cd4-4c1e-96cf-c0f571e605a5,APVA,2025-05-05,,Employé,b29f3072-2cfb-4560-bbf6-5f6e9af062db,,CDI Terme Imprécis,Assistant en productions végétales et animales,Institut National de Formation Professionnelle Agricole
f387b195-d07f-4c92-8567-73792b67ac41,Responsable Departemental,2024-07-01,,Cadre,88ef26a1-68a4-43ce-96b6-7afbf68ecb85,,CDI,Inconnu,Inconnu
5a1f9c80-a77c-4495-8a51-40a8a8a7f681,Responsable Departemental,2024-07-01,,Cadre,985fca15-d204-4eb4-bb88-8ca4cf476a28,,CDI Terme Imprécis,Inconnu,Inconnu
448f221c-b3a6-4c81-a872-8d49c3aa96d5,COMMISSAIRE ENQUETEUR,2025-07-28,2026-01-28,Employé,e6b9ff73-128f-4643-9296-4beca693e78a,,CDD,Commissaire enquêteur,ECOLE PROFESSIONNELLE
76c3bd13-e5f5-4ece-9d7d-f20925077399,COMMISSAIRE ENQUETEUR,2025-07-28,2026-01-28,Employé,906a8a47-e1cb-4ebf-b013-6ee0f227bc84,,CDD,Commissaire enquêteur,UNIVERSITE PROFESSIONNELLE
ee398b06-319a-4f7f-b8ee-0378bc640938,ANIMATEUR RURAL- COMMISSAIRE ENQUETEUR,2025-07-01,2026-01-01,Employé,cafe7036-9615-493e-af4d-68b0813c2c6c,,CDD,Commissaire enquêteur,Institut National de Formation Professionnelle Agricole
25dd8e10-3d44-4ab7-a531-e9613e1ec7ad,ANIMATEUR RURAL- COMMISSAIRE ENQUETEUR,2025-07-01,2026-01-01,Employé,7b139292-e244-43cf-b29f-cf82f68acee2,,CDD,Commissaire enquêteur,UNIVERSITE FELIX HOUPHOUËT BOIGNY COCODY D'ABIDJAN
9dd5b61a-2764-46d2-9a1c-873c106ebdb6,COMMISSAIRE ENQUETEUR,2025-11-17,2029-11-17,Agent de maitrise,4a20a447-9756-4447-8ebf-6683aba03c9d,,CDD Terme Imprécis,Administrateur en foncier rural,UNIVERSITE FELIX HOUPHOUET BOIGNY
ba9dc830-907f-48ee-9f5c-d5bc9a4585c8,Aide commissaire enquêteur,2025-09-13,2029-03-13,Agent d'exécution,dd9f0057-98e3-4965-9c27-3178c57ed838,,Stage/Apprentissage,Opérateur Topographe,Lycée Moderne de Man
4e544068-480c-4276-9e58-e228a636a044,Aide commissaire enquêteur,2025-11-01,2029-05-01,Agent d'exécution,fd37bf0f-849d-4e5e-9e31-6589b9f828bf,,Consultance/Prestations,Opérateur Topographe,Lycée Moderne Belleville Bouaké 1
dfdf3ba5-e4cb-4031-8b80-654bf2045cc1,Aide commissaire enquêteur,2025-09-01,2026-03-01,Agent d'exécution,e286bdca-f116-4584-9302-96cf4b9206a8,,Stage/Apprentissage,Opérateur Topographe,Collège Markaz Farouz Touba
bb6ba479-1267-4ed2-b1d0-1a50f28fb5fd,Aide commissaire enquêteur,2025-08-01,2029-02-01,Agent de maitrise,b379d1fd-4ff4-4818-85d5-766ee1b1eb7a,,Consultance/Prestations,Commissaire enquêteur,Institut National de Formation Professionnelle Agricole
9e883433-fa38-4d80-8ab6-3c6a427d743c,Point Focal,2025-08-01,2026-02-01,Agent d'appui,042f431a-9006-4b0d-81e2-736c50be8b13,,Consultance/Prestations,Point Focal,Aucune
6d874500-c6aa-4d3a-a5ae-1b9458715806,Aide commissaire enquêteur,2025-10-01,2026-04-01,Agent d'exécution,3603fa2e-931d-4d28-864c-840d449f2544,,Stage/Apprentissage,Opérateur Topographe,UNIVERSITE JEAN LOROUGNON GUEDE
b9d8508f-1529-48b3-90d0-dde5fd1b3d44,Point Focal,2025-08-01,2026-02-01,Agent d'appui,13163a14-3454-4cb2-872b-dc34abc8c644,,Consultance/Prestations,Point Focal,Sélectionnez une école
5c68b77c-c6a8-47f7-8a80-e5a10c78767b,COMMISSAIRE ENQUETEUR,2025-09-01,2029-03-01,Agent de maitrise,4c69c159-c648-4ddd-9bee-b7b65bb96e0d,,Consultance/Prestations,Opérateur Topographe,Sélectionnez une école
c5f40214-a2a5-41de-adb6-65506645bf0d,Agent Sensibilisateur,2025-07-01,2029-01-01,Agent d'exécution,49616f28-7952-4b1a-8e48-12aa607680a9,,Consultance/Prestations,Commissaire enquêteur,Institut National de Formation Professionnelle Agricole
4172332b-1729-4018-9ed4-97548954e25c,Aide commissaire enquêteur,2025-10-01,2029-04-01,Agent de maitrise,8c190f4f-932d-48f6-9783-c6e2d901db42,,Consultance/Prestations,Commissaire enquêteur,Institut National de Formation Professionnelle Agricole
124c984f-9101-4fc3-9cc3-87197b1b89f2,COORDINATRICE DES ACTIVITES,2025-09-01,2029-03-01,Agent de maitrise,897d27ee-e210-48b5-9486-dee029b7b5d5,,Consultance/Prestations,Commissaire enquêteur,Institut National de Formation Professionnelle Agricole
c688d5dd-6623-4d02-ae4b-25f5c6911dfd,COMMISSAIRE ENQUETEUR,2025-09-01,2029-03-01,Agent de maitrise,78b69fb7-3b28-49da-92d7-9ec9800b2d7b,,Consultance/Prestations,Commissaire enquêteur,Institut National de Formation Professionnelle Agricole
25feb9a1-525a-496e-9576-093b19687f8a,Aide commissaire enquêteur,2025-08-01,2029-02-01,Agent d'exécution,acf4aa32-8ed6-4e0e-8057-fb709b7878b0,,Consultance/Prestations,Commissaire enquêteur,Université Félix Houphouët Boigny
391b649e-cd51-4720-9c9e-6f0b5ee60200,Aide commissaire enquêteur,2025-08-01,2026-02-01,Agent d'exécution,8d9f7e29-3a5b-485b-a3a9-6115809535e3,,Stage/Apprentissage,Opérateur Topographe,Collège Saint Brice Provincial de Man
7ff580ab-8c87-4779-9871-496696e4e843,COMMISSAIRE ENQUETEUR,2025-08-01,2029-02-01,Agent de maitrise,b04f1702-d8ea-4c3d-96ab-58f42c1d1d7e,,Consultance/Prestations,Juriste,UNIVERSITE JEAN LOROUGNON GUEDE
da8f39d2-79ee-4141-86f7-a39f170bef39,COORDINATRICE DES ACTIVITES,2025-09-01,2029-03-01,Agent de maitrise,26e8a190-80ea-4492-8947-aae5e17503d3,,Consultance/Prestations,Juriste Spécialiste Foncier et Politique Agricole,Université Alassane Ouattara
0b6eaf4b-d573-4406-9b43-a23c0833fe8a,Aide commissaire enquêteur,2025-10-01,2026-04-01,Agent d'exécution,723f51f9-9788-4a72-9f1e-b70affe56156,,Stage/Apprentissage,Opérateur Topographe,Collège Privé SOMITE de MAN
0c67923b-dd41-4de2-bed9-6e6b7ff21e8e,Aide commissaire enquêteur,2025-09-01,2026-03-01,Agent d'exécution,99a0a4c9-b147-4a36-b026-f96546a6d5ea,,Stage/Apprentissage,Opérateur Topographe,Ecole Spéciale du Bâtiment et des Travaux Publics d'Abidjan
f0dd6424-ea03-41ca-a27b-f5a92ea50da7,Point Focal,2025-08-01,2026-02-01,Agent d'exécution,19f4f01e-d4a9-45d4-bd41-c69011110003,,Consultance/Prestations,Point Focal,Aucune
524c53b3-eca7-4ca6-8d1d-1a98e2fe090c,Point Focal,2025-08-01,2026-02-01,Agent d'appui,d15d60ac-be29-4582-b49e-ee2c4000ca90,,Consultance/Prestations,Point Focal,Aucune
0841f570-0175-4668-ac69-f89e19066ea1,Point Focal,2025-08-01,2026-02-01,Agent d'appui,0fd52b98-b2f0-45bb-bec6-d68378d93acc,,Stage/Apprentissage,Point Focal,Aucune
61e839f5-97a3-4e3b-9720-3ec2b9f0df5c,commissaire enquêteur,2025-07-01,2026-01-01,prestataire,8f6e552e-c6e1-47f1-bbf6-901e51f915c5,,Consultance/Prestations,Commissaire enquêteur,Sélectionnez une école
01eaaf6b-6da3-4f6c-b6ab-301f55623910,technicien topographe,2025-10-10,2026-10-10,prestataire,b590c68a-d430-4bd6-a55a-8a8e4b50309a,,Consultance/Prestations,technicien topographe,Sélectionnez une école
0bd3d21b-34df-45dd-8c03-d57eb8d18d19,technicien topographe,2025-10-10,2026-10-10,prestataire,49819974-56f7-4367-8d58-a7e3ee8227da,,Consultance/Prestations,technicien topographe,Sélectionnez une école
46886de3-dc5d-4a35-9957-e16d46e502bf,technicien topographe,2025-10-10,2026-10-10,prestataire,4e9bb3f8-f354-40bf-b0c9-9268aefa8878,,Consultance/Prestations,technicien topographe,Sélectionnez une école
b1938cb9-a2ff-4e51-aa15-fe8d5ab83f8d,technicien topographe,2025-10-10,2026-10-10,prestataire,29968de7-4260-4328-9e4e-dc30fdd5000b,,Consultance/Prestations,technicien topographe,Sélectionnez une école
bb74b4cb-19ce-4d8c-b51d-9b7ef3a8beda,Communication et relation industrielle,2025-06-02,2027-06-02,prestataire,fdfc8432-29c8-40ff-85b8-e59ac3134313,,Consultance/Prestations,Communication et relation industrielle,Sélectionnez une école
09c0e340-99ec-4fc2-8ad4-a8f568b53204,commissaire enqueteurs,2025-11-24,2026-05-24,prestatires,1cce186d-a1f4-45db-b29a-7b33c5e4d0bd,,Consultance/Prestations,Commissaire enquêteur,Sélectionnez une école
ee766648-0f37-4cc0-bdb0-5da9021e7a82,commissaire enqueteurs,2025-06-23,2025-12-23,prestatires,62b44aa3-dc41-41e7-a509-f405bc60daea,,Consultance/Prestations,Commissaire enquêteur,Sélectionnez une école
a50d5fe8-7062-477f-93f0-cb419b7a2da8,commissaire enqueteurs,2025-06-23,2025-12-23,prestatires,50651c29-d69d-4c1d-b646-3574236556a9,,Consultance/Prestations,Commissaire enquêteur,Sélectionnez une école
e366d64b-2d87-4b00-8297-ab29df4b239a,commissaire enqueteurs,2025-06-23,2025-12-23,prestatires,516181ed-7dad-43cd-8faa-01a51960fdd7,,Consultance/Prestations,Commissaire enquêteur,Sélectionnez une école
52014c3c-49e2-4da5-a24c-3119b5e855e7,commissaire enqueteurs,2025-06-23,2025-12-23,prestatires,30be10a1-8673-4dd0-8841-cba8d146b06f,,Consultance/Prestations,Commissaire enquêteur,Sélectionnez une école
8c48203a-1d31-464f-94dd-07bd8b481766,commissaire enqueteurs,2025-06-23,2025-12-23,prestatires,383bb115-9acd-461c-8c93-6fc78ff0b016,,Consultance/Prestations,Commissaire enquêteur,Sélectionnez une école
04b3a1d9-d695-49ea-b065-c51866bd812b,Aide commissaire enquêteur,2025-08-01,2029-02-01,Agent d'exécution,f9cab5b5-79d3-479d-9e3c-8c76ccfbe8dd,,Consultance/Prestations,Opérateur Topographe,Sélectionnez une école
41f41ebb-560a-48e9-82e3-9ef75dfed864,Aide commissaire enquêteur,2025-09-01,2026-03-01,Agent d'exécution,c0ab18a4-852e-4444-96b7-c29cd0865c18,,Consultance/Prestations,Opérateur Topographe,Lycée Moderne 1 de Man
025ca200-c8f8-4f4c-a503-26bea74f1320,COMMISSAIRE ENQUETEUR,2025-08-01,2029-02-01,Agent de maitrise,72228b2d-37bf-4ec3-9e43-876ddb932557,,Consultance/Prestations,Opérateur Topographe,autes Etudes Commerciales (HEC-la Roche) de Cocody-Mermoz
f552e66e-8e1c-473c-add9-11e4847b2c08,Point Focal,2025-09-01,2026-03-01,Agent d'appui,31f84ca7-9409-4122-8baf-d76b1ae627a8,,Consultance/Prestations,Sélectionnez une qualification,Aucune
a87ecd24-1b36-4a7b-a1f4-d51451e02a7c,commissaire enqueteurs,2025-06-23,2025-12-23,prestatires,7d8f7d46-eb2a-4eb1-94b7-638ffdedfae3,,Consultance/Prestations,Commissaire enquêteur,Sélectionnez une école
4017f4de-8d7c-4fcf-a4aa-79f608b91bed,commissaire enqueteurs,2025-06-23,2025-12-23,prestatires,16fa524d-7949-4b35-874e-7749b1f2fd93,,Consultance/Prestations,Commissaire enquêteur,Sélectionnez une école
0fee78b2-eda6-4144-828c-2a60a3e1eae8,Aide Commissaire Enquêteur,2025-09-12,2025-02-28,Agent d'exécution,ea12029d-2eb7-495d-8d6e-dfe8d8d6cfc7,,Stage/Apprentissage,Opérateur Topographe,Université de Man
104712a5-3117-4edd-8c69-301176b53137,Aide commissaire enquêteur,2025-08-01,2029-02-01,Agent d'exécution,62d65944-133d-4500-b346-1c4d383d8d14,,Consultance/Prestations,Opérateur Topographe,Université de Man
0dc0099e-ec0c-4765-8dee-f8a547748d61,Aide commissaire enquêteur,2025-10-01,2026-04-01,Agent d'exécution,23a668e1-28f6-4201-adff-d8054d666e50,,Stage/Apprentissage,Opérateur Topographe,Université Félix Houphouët Boigny
308d088e-9a98-4d3b-9aa6-072836c34ea2,Point Focal,2025-08-01,2026-02-01,Agent d'appui,1d411496-637e-4ddd-98a5-beb680786b9b,,Consultance/Prestations,Point Focal,Sélectionnez une école
0b002b51-6dca-4b19-a7a1-9f118c4e31c2,Aide commissaire enquêteur,2025-09-01,2026-03-01,Agent d'exécution,c95c073a-6887-43e6-938e-2d60b829a74c,,Stage/Apprentissage,Opérateur Topographe,Lycée Moderne de Biankouma
db132a49-4dbf-4cf1-a138-a91301dcc844,COORDINATRICE DES ACTIVITES,2025-09-01,2029-03-01,Agent de maitrise,2b391a3a-aa8f-4c52-8d1e-2a163bfbdde5,,Consultance/Prestations,Juriste Spécialiste Foncier et Politique Agricole,Université Alassane Ouattara
ac20f7e3-ddff-4cc0-8a5a-c1e6fa2cfb1e,Aide commissaire enquêteur,2025-09-01,2026-03-01,Agent d'exécution,cee53bcb-99c4-441f-a91a-dc7d6d7f9db4,,Stage/Apprentissage,Opérateur Topographe,GROUPE LOKO ABIDJAN
6b46237f-c1e3-4c90-9189-2d162e000797,Point Focal,2025-08-01,2026-02-01,Agent d'appui,9d74674f-584c-4913-acdf-d28ee9df9ff4,,Consultance/Prestations,Point Focal,Institut National de Formation Professionnelle Agricole
5fa29a84-9cd5-4adf-bd89-c36527932691,Topographe,2025-11-20,2029-05-20,Agent de maitrise,843d22fb-c7a9-488f-96a8-589c28a1f09d,,Consultance/Prestations,Technicien Supérieur Topographe,IMEX GROUPE DANANE
e7eb8d23-1913-46ca-a5ca-1dacb018067d,COMMISSAIRE ENQUETEUR,2025-10-01,2029-04-01,Agent de maitrise,f3a53f6e-736b-4acf-9bbf-10464fbed4aa,,Consultance/Prestations,Commissaire enquêteur,Institut National de Formation Professionnelle Agricole
a075232b-a560-4959-b013-de2595cc7ec4,COMMISSAIRE ENQUETEUR,2025-08-01,2029-02-01,Agent de maitrise,9731e352-6aa0-45cd-b4d2-2a1ff64eeb14,,Consultance/Prestations,Commissaire Enquêteur,Institut National de Formation Professionnelle Agricole
e039298a-8b9e-4a05-b06a-1643090a7eec,Aide commissaire enquêteur,2025-08-01,2029-02-01,Agent de maitrise,d5db9d06-ed62-45b4-a9a4-dbafefc13440,,Consultance/Prestations,Commissaire enquêteur,IES MAN
f637af06-a666-4830-8033-5e2ce984f324,Aide commissaire enquêteur,2025-09-01,2026-03-01,Agent d'exécution,85918cc3-edff-49f2-a2f5-0b9dd7f7c397,,Stage/Apprentissage,Opérateur Topographe,Collège Moderne de Man
075bc9f5-73b7-4c09-bef9-a047c5853283,Aide commissaire enquêteur,2025-09-01,2026-03-01,Agent d'exécution,fdb2ca14-eb67-469b-b85d-425fb670d0f3,,Stage/Apprentissage,Opérateur Topographe,Lycée Moderne Ernest Bleu Vaou de Gbonné
5652348e-2019-413c-9417-41c324dca753,Point Focal,2025-08-01,2026-02-01,Agent d'appui,fb35840f-0502-4f43-a641-0d167f040603,,Consultance/Prestations,Point Focal,Institut Biblique et de Théologie
f82f7cd2-3065-4847-b142-b1c5397a92b2,assistante,2025-07-10,2026-01-10,assistante,9ff2445e-cc66-424f-93ef-c3ccc4bbc2da,,Consultance/Prestations,assistante,Sélectionnez une école
758239ee-c453-4d57-a34f-7b6ce33afc92,commissaire enqueteurs,2025-06-23,2025-12-23,prestatires,9c01c670-73f4-4ab6-a7d0-623699d3413e,,Consultance/Prestations,Commissaire enquêteur,Sélectionnez une école
6aadd868-ce98-4e40-9dfa-fe65220235a0,commissaire enqueteurs,2025-06-23,2025-12-23,prestatires,47d7bfd0-5e9f-4c94-a97f-36bea987c6c9,,Consultance/Prestations,Commissaire enquêteur,Sélectionnez une école
56b0ac98-c827-4cc1-a9bb-db7235095df7,commissaire enqueteurs,2025-06-23,2025-12-23,prestatires,77262c22-f238-49e7-b1a4-bf070e4bbfdd,,Consultance/Prestations,Commissaire enquêteur,Sélectionnez une école
e927dae6-6eb8-47a9-af25-134c0d4f3b16,commissaire enqueteurs,2025-06-23,2025-12-23,prestatires,68118914-4f46-4705-b44e-14306ad5a2fd,,Consultance/Prestations,Commissaire enquêteur,Sélectionnez une école
cd1734b1-6768-4076-992b-12d7badd5412,commissaire enqueteurs,2025-06-23,2025-12-23,prestatires,383bb115-9acd-461c-8c93-6fc78ff0b016,,Consultance/Prestations,Commissaire enquêteur,Sélectionnez une école
f5c8d972-41a9-4719-b273-4295cefdd622,commissaire enqueteurs,2025-06-23,2025-12-23,prestatires,b4505dac-8349-4cd5-9f2b-53e3bdc33225,,Consultance/Prestations,Commissaire enquêteur,Sélectionnez une école
3fd2dc50-f478-40b7-879c-be7fd28e98aa,commissaire enqueteurs,2025-06-23,2025-12-23,prestatires,e5e6f26a-1072-4e70-81bf-10ff4a12c3a2,,Consultance/Prestations,Commissaire enquêteur,Sélectionnez une école
86ada6e2-3966-49fe-ae3f-45bdc7e17df2,Gardien,2025-10-15,2026-10-15,prestataire,37b26fe8-0ab5-4562-9c6b-fecbc33bce07,,Consultance/Prestations,Gardien,Sélectionnez une école
dff65a31-a2c4-43f6-8bb5-7f4791b6443e,OPERATEUR GNSS,2025-11-26,2028-11-26,Agent de maitrise,c25bf8c3-2662-4ffe-8d0d-3efc7617c8cd,,CDD,GEOMETRE TOPOGRAPHE,ESBTP
e1905433-b1d7-448a-839b-ebaa21dec9c1,OPERATEUR GNSS,2025-11-26,2028-11-26,Agent de maitrise,b4023c20-035d-4f59-a209-5fd80a4bdefb,,CDD,TECHNICIEN GEOMETRE,ESBTP
ab470530-398f-4163-826f-cc8f716d7720,Point Focal,2025-08-01,2026-02-01,Agent d'appui,ea2d3b75-6196-407a-a925-bb6c6bc507c1,,Consultance/Prestations,Point Focal,Aucune
97c6f8f9-b270-42cb-924c-b56a24ee98ea,Point Focal,2025-09-01,2026-03-01,Agent d'appui,31d99728-5476-4bfa-a213-4c18cd04874e,,Consultance/Prestations,Point Focal,Aucune
fce54a98-fe25-46e2-bb57-c444be7421a7,Point Focal,2025-09-01,2026-03-01,Agent d'appui,b16e5dfa-2596-4011-abd3-708fdc14cf42,,Consultance/Prestations,Point Focal,Ecole Primaire OUMPLEUPLEU
4b731b93-bc3d-4c6f-8b25-9e99a7d70643,Point Focal,2025-08-01,2026-02-01,Agent d'appui,a499ef40-0081-48a7-802a-3b8cad400807,,Consultance/Prestations,Point Focal,Sélectionnez une école
bb219806-b280-42f0-a53a-90f779b773fd,Point Focal,2025-08-01,2026-02-01,Agent d'appui,796f850d-02ae-4fb1-a1b6-99fc94e54459,,Consultance/Prestations,Point Focal,Ecole Primaire de oulaiglepleu
8817e3ff-aea0-4133-8611-54393ded597b,commissaire enquêteur,2025-07-01,2026-01-01,prestataire,080c91b5-956d-4302-8e6e-081600e74f06,,Consultance/Prestations,Commissaire enquêteur,Sélectionnez une école
484be5d4-08fd-43e7-a9c8-bec1aac72138,commissaire enquêteur,2025-11-01,2027-11-01,prestataire,022a35fa-8e32-4262-863e-17d07a8f1b79,,Consultance/Prestations,Commissaire enquêteur,Sélectionnez une école
370d5a39-1347-4c37-b5af-929b3838400e,commissaire enqueteurs,2025-04-01,2027-03-31,prestatires,83abd19a-4ce0-44db-a083-d46aa6b684ea,,Consultance/Prestations,Commissaire enquêteur,Sélectionnez une école
f3b49255-a087-493b-9139-080491e362c1,commissaire enqueteurs,2025-06-23,2025-12-23,prestatires,09a748ae-24c1-4d66-80ea-43614d10debc,,Consultance/Prestations,Commissaire enquêteur,Sélectionnez une école
4f2bc9b2-d40d-4eff-ae78-1ae12e5834ae,commissaire enqueteurs,2025-06-23,2025-12-23,prestatires,ba0554f1-37f0-4f5a-9f9b-671c83fc5420,,Consultance/Prestations,Commissaire enquêteur,Sélectionnez une école
6a224104-3bf0-4f66-ae6e-62dd9a3e42a1,commissaire enqueteurs,2025-06-23,2025-12-23,prestatires,46c98eed-8ee5-4cc1-84ee-4854a075f895,,Consultance/Prestations,Commissaire enquêteur,Sélectionnez une école
17b5dca4-6239-4991-ab73-9acf6f22b606,commissaire enqueteurs,2025-06-23,2025-12-23,prestatires,6295a245-239c-47a1-80d9-8d7adc4e4a43,,Consultance/Prestations,Commissaire enquêteur,Sélectionnez une école
1c5f3119-0cd8-4788-a6d2-4f7b5c997fb0,commissaire enqueteurs,2025-06-23,2025-12-23,prestatires,383bb115-9acd-461c-8c93-6fc78ff0b016,,Consultance/Prestations,Commissaire enquêteur,Sélectionnez une école
f1a42fa0-b0d4-45d8-bf41-9355e6a35dad,commissaire enqueteurs,2025-06-23,2025-12-23,prestatires,42e94cf9-fe61-48a5-8256-7cd337192251,,Consultance/Prestations,Commissaire enquêteur,Sélectionnez une école
fc308878-8751-4177-9421-23bf835f452a,commissaire enqueteurs,2025-06-23,2025-12-23,prestatires,db1e168d-b640-437a-915d-4993376b1e21,,Consultance/Prestations,Commissaire enquêteur,Sélectionnez une école
a4175f9b-ab8d-4a2a-80ba-11301ac758bf,commissaire enqueteurs,2025-06-23,2025-12-23,prestatires,6b6ef7b3-df7b-44c0-bf33-00139184ffb3,,Consultance/Prestations,Commissaire enquêteur,Sélectionnez une école
6c528fa7-4781-45e5-b0a4-9d95975da936,commissaire enqueteurs,2025-06-23,2025-12-23,prestatires,593f5faf-3487-43b8-85bd-c60a92b81e27,,Consultance/Prestations,Commissaire enquêteur,Sélectionnez une école
5b79f714-ab4d-49eb-8a4c-ce81e27d763f,technicien topographe,2025-10-15,2026-10-15,prestataire,d60fb6ba-6ec4-4ae5-9db0-8b939fb1bd66,,Consultance/Prestations,technicien topographe,Sélectionnez une école
c07d1852-7105-4800-8d75-59379cf1c2e8,Point Focal,2025-09-01,2026-03-01,Agent d'appui,cd86b0fe-13d4-4876-ad9d-c430034dfeec,,Consultance/Prestations,Point Focal,Aucune
c7fed197-4646-4c85-9f5c-050bc2a3c2a9,Point Focal,2025-09-01,2026-03-01,Agent d'appui,13b4c9ae-990a-4f77-bef6-16e88666ce99,,Consultance/Prestations,Point Focal,Aucune
49497670-94a2-4d7f-a442-6b011d552a5c,Point Focal,2025-09-01,2026-03-01,Agent d'appui,3b822abd-6dae-4b89-b964-86dc094bbd00,,Consultance/Prestations,Point Focal,Lycée Municipal Djibo Sounlkalo
97441f57-df63-432d-904c-ddb09b75e834,Point Focal,2025-10-12,2026-04-12,Agent d'appui,6630c489-33e2-47ac-a333-4361ca231c6d,,Consultance/Prestations,Point Focal,EPP BLEUPEU
97b96178-5195-41b1-940a-314aa362cbe5,Point Focal,2025-10-01,2026-04-01,Agent d'appui,d151c77b-cadc-4e88-a15a-814083a46e82,,Consultance/Prestations,Point Focal,Sélectionnez une école
b95df957-af28-448d-a42f-703978919373,Point Focal,2025-10-10,2026-07-10,Agent d'appui,25ad1500-35cf-4f32-b1e1-3352b87b60ce,,Consultance/Prestations,Point Focal,Aucune
1e349abd-cb90-4ebf-8ce9-c4a065e6dec3,Topographe,2025-08-01,2029-02-01,Agent d'exécution,52286468-7779-4044-883b-5c71b76b3d54,,Consultance/Prestations,Aide Topographe,Lycée Professionnel de Man
0c39af52-22fd-4f74-99ef-c20c8272537d,Stagiaire Topographe,2025-11-24,2026-05-24,Agent d'exécution,9b817bc3-c9a3-44ee-9786-31db778772ba,,Stage/Apprentissage,Technicien Supérieur Topographe,Ecole Spéciale du Bâtiment et des Travaux Publics de  YAMOUSSOUKRO
05f9bf83-e5ae-4908-9ff0-c01f630ecacc,Stagiaire Topographe,2025-11-24,2026-05-24,Agent d'exécution,c461fe56-6dc1-4079-9eac-efed39f39f7b,,Stage/Apprentissage,Technicien Supérieur Topographe,Ecole Spéciale du Bâtiment et des Travaux Publics de  YAMOUSSOUKRO
9451e414-27f1-460b-b601-34cd135eb6d3,STAGIAIRE GEOMETRE TOPOGRAPHE,2025-12-01,2026-03-01,STAGIAIRE,7636b83c-a12c-48b7-b5fc-6fd9a735615e,,Stage/Apprentissage,STAGE DE VALIDATION DE DIPLOME,ECOLE SUPERIEURE POLYTECHNIQUE DE LA JEUNESSE DU BURKINA FASO
37740e54-e9c2-44c6-b617-b2e9d10a39df,STAGIAIRE GEOMETRE TOPOGRAPHE,2025-11-01,2026-05-01,STAGIAIRE,f997071a-1b19-4974-9e97-da0314165389,,Stage/Apprentissage,Sélectionnez une qualification,L'ESBTP DE YAMOUSSOUKRO
ab93bab7-d434-4526-a237-446b80aeeffa,STAGIAIRE EN FONCIER RURAL,2025-11-01,2026-02-01,STAGIAIRE,983d6c1d-db6f-43ba-9ef3-5ffca5efe6c9,,Stage/Apprentissage,STAGE DE VALIDATION DE DIPLOME,INFPA
12c0def1-5a3c-4de4-bba5-929516d020e7,commissaire enqueteurs,2025-06-23,2025-12-23,prestatires,0dbd472c-4eb2-409a-8ade-751a21ebdeb5,,Consultance/Prestations,Commissaire enquêteur,Sélectionnez une école
1b5d16a6-ac7b-4cda-80f5-6578c650f53c,commissaire enqueteurs,2025-06-23,2025-12-23,prestatires,2d1ec428-e169-422b-9eea-f66911071535,,Consultance/Prestations,Commissaire enquêteur,Sélectionnez une école
7568fb1e-5a73-4c3a-b62f-4826245c3b92,commissaire enqueteurs,2025-06-23,2025-12-23,prestatires,f6a2f833-1714-4463-ac82-201474f7693a,,Consultance/Prestations,Commissaire enquêteur,Sélectionnez une école
f4798e40-09f8-47cb-b0b4-ec50aceda554,commissaire enqueteurs,2025-06-23,2025-12-23,prestatires,f6db8f6c-9b8c-497d-a489-77f101868334,,Consultance/Prestations,Commissaire enquêteur,Sélectionnez une école
f635c150-fbfa-4c45-ba9d-d2dce58b6b47,technicien topographe,2025-06-23,2026-06-23,prestatires,d01bc42f-5e8b-43a2-895e-6bde928b80a3,,Consultance/Prestations,technicien tipographe,Sélectionnez une école
09615b61-abd6-4746-9f60-315172ad4fa5,Point Focal,2025-09-01,2026-03-01,Agent d'appui,586cd68e-4626-4f41-95b1-ce5b930b96b8,,Consultance/Prestations,Point Focal,Lycée Municipal de LOGOUALE
2f9f0ecc-dce9-45e2-8545-52e7362c2701,Stagiaire Topographe,2025-11-02,2026-05-02,Agent d'exécution,4e5a5d24-882b-480a-8e4d-72a336c9dee4,,Stage/Apprentissage,Aide Topographe,l'Ecole Spéciale du Bâtiment et des Travaux Publics (ESBTP)
046fda1e-1ed4-4e0a-93fe-2d3527386492,Stagiaire Topographe,2025-11-24,2026-05-24,Agent d'exécution,6118737e-d3e5-4186-b13c-80f3ed7a4f7f,,Stage/Apprentissage,Aide Topographe,Ecole Spéciale du Bâtiment et des Travaux Publics de  YOPOUGON
e7749eef-6a3d-4700-95c1-1630b0a9920d,Topographe,2025-08-01,2029-02-01,Agent de maitrise,dc943b04-5338-47cd-bbe5-ee28b16cfa32,,Consultance/Prestations,Technicien Supérieur Topographe,Ecole Supérieur de Génie - Civil (ESGC) de San Pedro
c5be79e1-1623-4dd9-bab1-f3207c8fa446,Topographe,2025-08-01,2029-02-01,Agent de maitrise,6f6cb39b-b877-418f-add6-f0f6513d9a87,,Consultance/Prestations,Technicien Supérieur Topographe,Lycée Professionnel San-Pédro
b2c7ee22-f300-4f5a-9ddc-346ecd114fd0,Topographe,2025-08-01,2029-02-01,Agent de maitrise,fb520382-15b0-483d-bc66-629719dbe910,,Consultance/Prestations,Technicien Supérieur Topographe,Ecole Spéciale du Bâtiment et des Travaux Publics de  YAMOUSSOUKRO
b12cdcb1-4db0-4fcb-baef-588030d1e577,Topographe,2025-08-01,2029-02-01,Agent de maitrise,30f8894c-54b2-4dbc-95d0-fed51a69cabf,,Consultance/Prestations,Technicien Supérieur Topographe,Sélectionnez une école
3aae8454-dd97-49a7-beb5-e70e7e3ffdce,Topographe,2025-08-01,2029-02-01,Agent de maitrise,edb56295-e314-4523-ba7d-0467f63dd96d,,Consultance/Prestations,Technicien Supérieur Topographe,Ecole Spéciale du Bâtiment et des Travaux Publics de  YAMOUSSOUKRO
b2eeb33e-30dc-4662-9fa4-d4dc2aff575e,Stagiaire Topographe,2025-11-24,2026-05-24,Agent d'exécution,742e0a72-2096-4cbf-a79f-6b4943726ea8,,Stage/Apprentissage,Technicien Supérieur Topographe,Ecole Spéciale du Bâtiment et des Travaux Publics de  YAMOUSSOUKRO
036eacdd-70dd-476c-bb98-0b6acc8e15a2,STAGIAIRE GEOMETRE TOPOGRAPHE,2025-11-01,2026-02-01,STAGIAIRE,25d4d7f0-c9b9-49b0-b986-691d1ec601fb,,Stage/Apprentissage,STAGE DE QUALIFICATION,ESBTP DU PLATEAU
712664e5-0d78-4c68-a527-b7a4f793318a,STAGIAIRE GEOMETRE TOPOGRAPHE,2025-11-01,2026-02-01,STAGIAIRE,20a94512-d6f4-44d4-a4cf-6f1fe371482a,,Stage/Apprentissage,STAGE DE VALIDATION DE DIPLOME,ECOLE SUPERIEUR SAINT JEAN-MARIE VIANNEY
18a45fdc-66c2-4380-99bc-48f288b01b91,STAGIAIRE EN FONCIER RURAL,2025-11-01,2026-02-01,STAGIAIRE,32c5b4fc-9908-45d2-b413-0e1e0b2f363f,,Stage/Apprentissage,STAGE DE VALIDATION DE DIPLOME,Sélectionnez une école
c0a54dec-8033-4f42-b179-ef7cc1604e89,STAGIAIRE EN FONCIER RURAL,2025-11-01,2026-02-01,STAGIAIRE,bfb22e16-3376-489b-8cde-f8d77df94389,,Stage/Apprentissage,STAGE DE VALIDATION DE DIPLOME,INFPA
048a0c81-9f50-48cb-954d-cff97ddf8d44,STAGIAIRE EN FONCIER RURAL,2025-11-01,2026-02-01,STAGIAIRE,2459763a-5a9c-4ea0-9e5f-c828a637c023,,Stage/Apprentissage,STAGE DE VALIDATION DE DIPLOME,INFPA
8b66424a-75cd-48e1-a748-0a51e3f151e1,STAGIAIRE EN FONCIER RURAL,2025-11-01,2026-02-01,STAGIAIRE,5bf0bf42-28f8-4355-9538-a630f717739a,,Stage/Apprentissage,STAGE DE VALIDATION DE DIPLOME,INFPA
61131bd1-fbc0-44ba-a49f-d077289a6b3e,Point Focal,2025-09-01,2026-03-01,Agent d'appui,d8b0c0b7-43a2-475d-8208-7d43a4fcb9d1,,Consultance/Prestations,Point Focal,Collège Moderne de Danané
2894ac3d-e85a-45a4-a312-654c369786a8,Point Focal,2025-09-01,2026-03-01,Agent d'appui,08554141-2a2d-4bde-bd15-eef3a7537db6,,Consultance/Prestations,Point Focal,Sélectionnez une école
f29d19ab-74d9-4d08-8a55-6fabd600693b,Point Focal,2025-09-01,2026-03-01,Agent d'appui,fae0846d-dc42-45ee-abb9-0fa7940d73c3,,Consultance/Prestations,Point Focal,EPP TRULE DIAPLEU
b40843cc-bb9b-4362-a2e9-ae6e0b95a17b,Point Focal,2025-09-01,2026-03-01,Agent d'appui,35bf0139-8755-40ec-a7e4-bd27416137e2,,Consultance/Prestations,Point Focal,Lycée Professionnel de man
a9bb773f-d21a-40f5-a346-6b2a5d2403f7,Point Focal,2025-09-01,2026-03-01,Agent d'appui,1d5595a5-9880-4d69-89e1-fe01b3677e0a,,Consultance/Prestations,Point Focal,Lycée Moderne de BIN HOUYE
681b8c0c-9113-4c62-ac5f-91dd9062c7b4,Point Focal,2025-09-01,2026-03-01,Agent d'appui,39dae56d-b9fd-48d6-a8f3-8ddc31c35121,,Consultance/Prestations,Point Focal,Sélectionnez une école
5fa041a2-02eb-400a-863c-cbe4b55576df,Point Focal,2025-10-01,2026-04-01,Agent d'appui,ea7260f0-8238-46e7-9eca-3416e02c5f4e,,Consultance/Prestations,Point Focal,Ecole Primaire de PKANGUOIN
68ec33f4-1b36-43fd-bc53-d1766b863747,Point Focal,2025-10-01,2026-04-01,Agent d'appui,5d607dae-ece2-45f3-855c-fef7725c0160,,Consultance/Prestations,Point Focal,Collège Moderne de Man
a2467790-92ce-486c-8d71-09ebb9970d59,Point Focal,2025-10-01,2026-04-01,Agent d'appui,29a0e9df-e7cb-470d-859e-5d9bcc0caf4d,,Consultance/Prestations,Point Focal,Aucune
dc61f189-4a05-4d79-a465-6c2bd4f97821,Stagiaire Topographe,2025-11-24,2026-05-24,Agent d'exécution,0d6c77b6-225b-4095-8d27-baea7d3b2371,,Stage/Apprentissage,Technicien Supérieur Topographe,Sélectionnez une école
3801dc05-f49b-488a-bc0a-32cc941b713b,STAGIAIRE GEOMETRE TOPOGRAPHE,2025-11-01,2026-02-01,STAGIAIRE,d63e57ff-15ff-49e7-8ad8-c26c4ede71c8,,Stage/Apprentissage,STAGE DE QUALIFICATION,ECOLE SPECIALE DU BATIMENT ET DES TRAVAUX PUBLICS-PLATEAU
a9642b10-4dda-4898-bdec-e15ee964fd66,STAGIAIRE GEOMETRE TOPOGRAPHE,2025-12-01,2026-03-01,STAGIAIRE,96d0fc31-47d5-434b-9e99-9c7b02220459,,Stage/Apprentissage,STAGE DE QUALIFICATION,CFP SAN-PEDRO
129bd0f5-8501-4ded-afb6-65d0e97d4047,STAGIAIRE GEOMETRE TOPOGRAPHE,2025-11-01,2026-02-01,STAGIAIRE,01f0315d-ea7b-457f-9971-be55e31f20ee,,Stage/Apprentissage,STAGE DE VALIDATION DE DIPLOME,ECOLE SPECIALE DU BATIMENT ET DES TRAVAUX PUBLICS DU PLATEAU
534f3224-baff-43c5-b39f-92d7393aa963,STAGIAIRE GEOMETRE TOPOGRAPHE,2025-11-01,2026-02-01,STAGIAIRE,03622064-4e32-42d2-932a-00964751c465,,Stage/Apprentissage,STAGE DE VALIDATION DE DIPLOME,ECOLE SUPERIEUR SAINT JEAN-MARIE VIANNEY
d0d286ab-6946-4eaf-b7b8-eb5b2be210ae,STAGIAIRE GEOMETRE TOPOGRAPHE,2025-11-01,2026-02-01,STAGIAIRE,78e7e32c-7dd6-4cd8-9a7a-2e298b4421b7,,Stage/Apprentissage,Sélectionnez une qualification,ECOLE SPECIALE DU BATIMENT ET TRAVAUX PUBLICS
dfacb34e-cbc0-494d-9b07-3c976bd26d62,STAGIAIRE EN FONCIER RURAL,2025-11-01,2026-02-01,STAGIAIRE,08cb8f14-15fa-4250-bdb9-70794d7c492a,,Stage/Apprentissage,STAGE DE VALIDATION DE DIPLOME,INFPA
07c4f679-bf27-4e9f-bb1e-6ca1c36ceb37,STAGIAIRE EN FONCIER RURAL,2025-11-01,2026-02-01,STAGIAIRE,44e97be7-758f-4ab7-8790-eb09ce0e2406,,Stage/Apprentissage,STAGE DE VALIDATION DE DIPLOME,INFPA
2572c536-24f8-4a61-a34c-c119f9c82054,STAGIAIRE EN FONCIER RURAL,2025-11-01,2026-02-01,STAGIAIRE,35fff9e7-cb9b-4a0b-ba56-997b27b9f214,,Stage/Apprentissage,STAGE DE VALIDATION DE DIPLOME,INFPA
4d30e5d2-6feb-4f10-8d30-934835fc95c3,STAGIAIRE EN FONCIER RURAL,2025-11-01,2026-02-01,STAGIAIRE,4dadd6e3-34bc-4f2e-8a79-d9e79b937e89,,Stage/Apprentissage,STAGE DE VALIDATION DE DIPLOME,INFPA
f504f241-b669-4072-88fa-ec17392c8431,STAGIAIRE GEOMETRE TOPOGRAPHE,2025-11-01,2026-02-01,STAGIAIRE,52ce83ef-66e4-4828-8468-ced004d1b693,,Stage/Apprentissage,STAGE DE VALIDATION DE DIPLOME,Sélectionnez une école
3d98cfbd-c8b7-4c99-8a2f-a059b097beac,STAGIAIRE EN FONCIER RURAL,2025-11-01,2026-02-01,STAGIAIRE,e9508863-f200-46da-9a02-36159ddfd713,,Stage/Apprentissage,STAGE DE VALIDATION DE DIPLOME,INFPA
f505b4a0-436b-4533-8309-d72a600dc4bf,STAGIAIRE EN FONCIER RURAL,2025-11-01,2026-02-01,STAGIAIRE,719ce1ee-d611-4239-91b3-afd52b5d00f3,,Stage/Apprentissage,STAGE DE VALIDATION DE DIPLOME,INFPA
2792477b-5e18-49f9-be63-5e87fbfa2e4f,STAGIAIRE EN FONCIER RURAL,2025-11-01,2026-02-01,STAGIAIRE,e8319f01-1f45-4fdc-b160-dc33408e1b58,,Stage/Apprentissage,STAGE DE VALIDATION DE DIPLOME,INFPA
70274aeb-d16f-45cf-8353-150f34c5587f,ASSISTANT SPSE,2025-12-01,2026-12-01,Agent de maitrise,35e8d1b2-ac9b-4830-aca4-aab69f9ea800,,CDD,ASSISTANT SPSE,UNIVERSITE FELIX HOUPHOUET BOIGNY D'ABIDJAN
35049467-aaaf-4585-9da2-59202e0de9e2,STAGIAIRE GEOMETRE TOPOGRAPHE,2025-11-01,2026-02-01,STAGIAIRE,ba3a3f22-fac6-4cf9-b5e6-0ec0e175062c,,Stage/Apprentissage,STAGE DE VALIDATION DE DIPLOME,ESBTP
3c1848a2-b0f1-4b9e-8c73-3e7ee7ccb9d2,STAGIAIRE GEOMETRE TOPOGRAPHE,2025-11-01,2026-02-01,STAGIAIRE,31a7c7cb-08eb-4eaf-a491-283291c48b9a,,Stage/Apprentissage,STAGE DE VALIDATION DE DIPLOME,Sélectionnez une école
98897519-5196-49c2-a89b-5d8912ca3bf7,STAGIAIRE EN FONCIER RURAL,2025-11-01,2026-02-01,STAGIAIRE,e0153cb6-f049-4a4d-a712-fe4c97346f4e,,Stage/Apprentissage,STAGE DE VALIDATION DE DIPLOME,Sélectionnez une école
cd330507-f900-4759-8109-26d1569d373a,STAGIAIRE EN FONCIER RURAL,2025-11-01,2026-02-01,STAGIAIRE,4bd5f676-3dfa-4d16-9b4e-c9931e648d9f,,Stage/Apprentissage,STAGE DE VALIDATION DE DIPLOME,Sélectionnez une école
6a446225-82d0-4d1c-8569-0c99f047154c,STAGIAIRE EN FONCIER RURAL,2025-11-01,2026-02-01,STAGIAIRE,373d0028-d8b1-471a-8c91-7fa428e0b9c7,,Stage/Apprentissage,STAGE DE VALIDATION DE DIPLOME,Sélectionnez une école
cf35f4a7-69cd-4496-b851-59ddf75931b9,STAGIAIRE EN FONCIER RURAL,2025-11-01,2026-02-01,STAGIAIRE,0a568bdf-0333-44c8-84a2-17ebf7e24e0f,,Stage/Apprentissage,STAGE DE VALIDATION DE DIPLOME,INFPA
824a2017-5010-46d8-884c-efd643f8ad7d,STAGIAIRE EN FONCIER RURAL,2025-11-01,2026-02-01,STAGIAIRE,9665aa57-6873-44cb-b464-6a37bc02f085,,Stage/Apprentissage,STAGE DE VALIDATION DE DIPLOME,Sélectionnez une école
ef14958d-ec9d-4883-9f7c-c7bcd3bef67a,STAGIAIRE EN FONCIER RURAL,2025-11-01,2026-02-01,STAGIAIRE,546af0ff-164b-4334-a406-1086a69ca9c4,,Stage/Apprentissage,STAGE DE VALIDATION DE DIPLOME,Sélectionnez une école
58283583-1d7a-442e-96a2-174556d57303,STAGIAIRE EN FONCIER RURAL,2025-11-01,2026-02-01,STAGIAIRE,0867cf80-32cc-4dcc-8a3c-088c1529ce7d,,Stage/Apprentissage,STAGE DE VALIDATION DE DIPLOME,Sélectionnez une école
70538e99-811f-48a7-9425-18bbd528066d,STAGIAIRE EN FONCIER RURAL,2025-11-01,2026-02-01,STAGIAIRE,b2f89737-4319-4d53-bfa9-96957aed7b4e,,Stage/Apprentissage,STAGE DE VALIDATION DE DIPLOME,Sélectionnez une école
ee537811-8a82-42a5-a470-879433b73be2,STAGIAIRE EN FONCIER RURAL,2025-11-01,2026-02-01,STAGIAIRE,9be87c8e-154c-4c7b-86dd-c7c02a56a433,,Stage/Apprentissage,STAGE DE VALIDATION DE DIPLOME,Sélectionnez une école
5ce3c0c8-c208-449f-b620-18c13df654cf,STAGIAIRE EN FONCIER RURAL,2025-11-01,2026-02-01,STAGIAIRE,af506703-c53e-4b3a-8e61-525d46300869,,Stage/Apprentissage,STAGE DE VALIDATION DE DIPLOME,Sélectionnez une école
76da73f7-1e91-46b5-9bcd-355657e154ce,STAGIAIRE EN FONCIER RURAL,2025-11-01,2026-02-01,STAGIAIRE,3bc3a5dc-c2c3-4a50-b1fa-656e2de07fb3,,Stage/Apprentissage,STAGE DE VALIDATION DE DIPLOME,Sélectionnez une école
7d2429cc-49b2-42e3-907c-343bbe3be0c8,STAGIAIRE GEOMETRE TOPOGRAPHE,2025-10-10,2026-04-10,STAGIAIRE,34f0840a-61f5-482d-8e69-021d0bfdd7e3,,Stage/Apprentissage,STAGE DE QUALIFICATION,INFPA
b0e555e8-62f3-41b7-b3ce-87f2b6b6145f,STAGIAIRE GEOMETRE TOPOGRAPHE,2025-10-10,2026-01-10,STAGIAIRE,8fb1a191-5326-4ce4-a411-cb8f8b61cf0f,,Stage/Apprentissage,STAGE DE QUALIFICATION,Sélectionnez une école
4042109f-3b4f-429d-bc12-499ac857bc21,STAGIAIRE GEOMETRE TOPOGRAPHE,2025-10-10,2026-01-10,STAGIAIRE,6dfc0113-6294-4ac8-ac75-933f47cfb7b6,,Stage/Apprentissage,STAGE DE QUALIFICATION,Sélectionnez une école
22ddbb0b-00dd-41af-b911-1aa1d863b00f,STAGIAIRE EN FONCIER RURAL,2025-11-01,2026-02-01,STAGIAIRE,e98c6539-323a-411a-88c5-bc1294eddd98,,Stage/Apprentissage,STAGE DE VALIDATION DE DIPLOME,Sélectionnez une école
0224086b-362c-4ab8-b90b-cc3ebcd2ab58,STAGIAIRE EN FONCIER RURAL,2025-11-01,2026-02-01,STAGIAIRE,21db1009-d0b1-45e3-8054-f3ade80c62fc,,Stage/Apprentissage,STAGE DE VALIDATION DE DIPLOME,Sélectionnez une école
d458d550-b055-49b8-a645-4d0fc5a53f67,STAGIAIRE EN FONCIER RURAL,2025-11-01,2026-02-01,STAGIAIRE,9a5c3152-ea89-47b8-ae81-1524e171c5f9,,Stage/Apprentissage,STAGE DE VALIDATION DE DIPLOME,Sélectionnez une école
76431dbd-b1b1-4f56-b7e8-21e8a44cdcad,STAGIAIRE EN FONCIER RURAL,2025-11-01,2026-02-01,STAGIAIRE,0335e101-1aaf-4063-be85-c9a3c1704705,,Stage/Apprentissage,STAGE DE VALIDATION DE DIPLOME,Sélectionnez une école
2d03f353-a2ac-4512-a204-ddf0e73568de,STAGIAIRE GEOMETRE TOPOGRAPHE,2025-12-10,2026-03-10,STAGIAIRE,c524fbef-ac8a-4337-9767-5e10bbf50c9b,,Stage/Apprentissage,STAGE DE QUALIFICATION,SITTP SARL
581aa525-4eab-452c-9315-2be5ec7b2232,STAGIAIRE GEOMETRE TOPOGRAPHE,2025-12-10,2026-03-10,STAGIAIRE,5842bcce-4c5a-4434-a16d-4d0e03e7152e,,Stage/Apprentissage,STAGE DE VALIDATION DE DIPLOME,ESBTP
725500c6-8220-4964-9605-0fd481fcc157,CHAUFFEUR,2025-12-01,2026-03-01,CHAUFFEUR,2ee1c01a-5287-4d6c-ba51-7fdd68f522ff,,CDD,CHAUFFEUR,COLLEGE LA MARAHOUE DE BONON
da3629d2-6899-4e66-aaef-ee2415c1693a,REPRESENTANT DEPARTEMENTAL AFOR,2025-03-17,2025-09-30,Agent de maitrise,a3ceeb0d-2161-4eec-9159-9d5baa7b037f,,CDD,MASTER 2 EN TELEDECTION ET SGI,UNIVERSITE FELIX HOUPHOUET BOIGNY D'ABIDJAN
66fe6cf9-9f83-415d-a727-81ed2f562f61,REPRESENTANT REGIONAL,2020-11-11,2025-10-31,Cadre,21cd1f8a-4483-4ce8-aee8-d2225ee0fcc7,,CDI,MAITRISE EN GEOGRAPHIE,""
