8adb71de-1c95-44e3-a05d-812e4f463603,161c2c90-6f89-4992-a898-bab177ddf396,07,,,interieur,
59ca710c-b6fc-47ab-a41b-90ade620706a,fe413861-3435-455c-b3c3-2628ae4395dc,31,109,,interieur,
c5e5c9f5-483d-4829-b936-8f6d664f628d,a6f54e93-c7c9-44b5-91f5-64a33fc2b9b2,31,,,interieur,
f852ccf0-4370-4717-b743-2ee10de44ac2,f29aad17-9766-4d6e-82ba-8a655180e476,07,23,,interieur,
9ea7b65d-45aa-4a44-950b-82e2f6528934,948845a5-a57c-46c3-b615-457e9b73ddd9,31,108,498,interieur,
b9d7c808-2cb1-44a1-8dce-bd6063277d3f,483adfce-19ac-4218-9762-a96f507addad,31,109,,interieur,
bebdb3cf-9e8a-48aa-9595-311b9b6f3168,a31f4b16-4c3e-43a2-ab4a-898b2fe2df9a,31,109,507,interieur,
b23ed22d-d633-4df8-8e38-539f36b1c47f,0469409b-cbbf-43db-975c-c21813c7ba8a,23,81,369,interieur,
574db8f1-0cd0-4ca4-8ea1-ed0eadc79dae,c1e8d24f-02b9-4fd1-bad2-ef7ce9904e81,01,1,2,interieur,
84f335e4-8042-4ec3-bf2e-cadd12cb2d11,314f5fb6-eed3-4f6c-b363-c04cfdf39c93,07,23,,interieur,
1046af25-4697-4cf1-9ee0-f70ea78040ff,61d5623b-d692-413a-8e96-c14707524d49,01,1,2,interieur,
2f586881-d86d-4333-9d90-b1875107daf7,d1225aab-36bc-484e-899a-bb593477b516,07,24,97,interieur,
c92c35ed-35be-4bf9-a684-76f4e61d6684,af537879-2abd-4a4d-bbcb-19ab869f06fa,23,81,369,interieur,
93fed45e-7496-4b56-8f8f-4aeabaecd1a7,17823634-1acd-4d88-8fa5-a131a03f4d42,07,25,104,interieur,
05db5859-d192-499c-aa89-141ea30116cb,cf237432-82b8-43d6-b270-cbdfa62d409e,07,22,88,interieur,
3ba60873-5f37-4b8d-9f52-eb22a3086a7e,e343ec8b-4760-49fb-a634-8b8e1f07b29e,24,,,interieur,
97a70217-9e91-42a6-81f8-8c2021c61096,ae3bea0b-61b7-4d27-898f-f5afb157cc97,07,22,,interieur,
b6c112ce-8103-45c4-bf0c-cd62b45dd1e2,47d7ec5b-0cf2-4ffa-8bfb-94d2c320201c,07,24,97,interieur,
e4378ce7-81b9-4741-8164-6aad19c7e174,48e3e939-6440-441e-a2d9-d90703e88f3a,30,,,interieur,
e6fb9555-43e1-4a9f-b4ce-0ccae67ac00c,ce52a8ea-d67b-4c35-88ba-bd2324e42e3d,24,,,interieur,
b19de60f-14e6-4549-9dfc-4f0fd3feb4d6,70318d68-7a4f-4148-8234-370a2849bfcc,30,,,interieur,
6b96d2bb-e436-4d30-ae1c-7eab7428ba04,2af1eab1-4464-4c88-a1e0-c600b53fb91c,07,23,,interieur,
e452de9a-48ad-458c-bbb4-f965c5f328a9,af1f5c20-5065-4e25-b731-33acec292b66,07,23,,interieur,
85b5c9a1-2a40-42ee-a8e4-95d74b00f82d,95677243-be8a-4b95-acc1-c937bdf08a82,07,25,104,interieur,
b27618d3-65be-4a2f-a946-6b6f365d7ac7,d8543fa8-744b-49f9-80cf-d52d8c41792b,07,23,94,interieur,
77c8c5b4-e396-4b96-9406-4ec1f0fe34f2,18fcf33c-abe1-47e1-8259-c88b9c45ad38,07,22,88,interieur,
d925b835-2272-4a73-b75a-0a62e2c4bdc3,a10e1286-1e94-4313-bcf6-fa376d0857f6,31,109,,interieur,
58aa3f90-951d-4820-ba84-949258bb5f70,1d60f9fc-5834-45d3-b5fc-7f65135f8b33,31,,,interieur,
50e2acd6-ca8c-47c8-b362-aec0d715fc12,47a03fa0-a461-41ff-add4-dfeacf73bf60,07,24,,interieur,
6c3d1907-fc59-42a1-a535-cfb519379cbf,cacb1621-e505-4a14-8d56-05915b40a9d7,31,108,,interieur,
b438114b-6490-4ff0-9c1f-740722c70d57,839b9fbb-a7b0-4a1a-ad6e-804b7ee73008,31,,507,interieur,
8136cccb-951b-449f-a0f2-cccd8844b64f,a8f6a8a3-e458-47b7-8570-4742b921fd33,02,7,34,interieur,
5b448cca-cf2f-4441-a45e-eef987dd2a07,225374ee-5d1d-47bb-b956-71e49975d8ca,26,91,406,interieur,
ddf61f05-ed06-4168-ac4e-f530741e6d54,d963e5a4-beb9-46a3-bc11-92859e668a49,26,91,406,interieur,
ab277c43-2dfa-4ef8-938f-4e739c08fcf4,bb15827e-a319-404b-af8b-1212340922b9,31,109,,interieur,
4f6fd81c-bff9-484d-8747-209b9507e0f7,cad94308-f14b-419d-9437-a8c8ca315abe,26,91,406,interieur,
59677458-b6b8-4bc8-81f0-1b92498bd505,5ff4d355-355b-4b8f-b0f5-be883a29b9e1,26,91,406,interieur,
d8c986f6-5cfc-45ad-aa99-902bd3a90965,c2417530-47b9-4bee-bcc7-b56e19d07fa4,31,,,interieur,
da92bc74-dc90-4f53-9c74-3e0134e24778,183f65e3-bcf1-4e3c-bcc1-116743958e16,07,,,interieur,
8202c508-d19f-44c2-867c-c0b1ab129d16,1ef2366b-958c-456e-8e59-98aeb0327208,12,39,,interieur,
1086fd79-e29c-4ee9-8b0e-b2a027337941,c6acba46-7ed9-4562-9717-a1959823a547,24,86,,interieur,
6a0abdef-703b-4cb3-99d3-366b925b3937,68a82e9b-41c6-4651-b9d4-8d587d32ac0c,26,91,406,interieur,
086d9c3c-05f4-4bc9-9ba5-8aeb1075ddcf,88c3c543-6973-4f6a-ba7b-158c4d162a22,29,102,461,interieur,
8a300f82-deb6-46b4-a2c9-f5cc7c3e01d2,b930331e-e888-4611-9c30-a3605efd4e25,,,,siege,
37a6ef50-d4f2-402d-bdc4-87e745170ea0,21966a5e-4ba8-4f7d-bb84-77aa07f9149f,29,101,455,interieur,
ec0a95e7-93ad-4198-ba86-42c78dcdd1a6,e0b6aac2-4f90-4d23-a95c-b4c75ccc3bd4,,,,siege,
dfde343c-b7b1-4f46-b3ae-ac6a67288281,f4e4a8a1-53b8-4303-b3ee-3bfe27e37de0,30,,,interieur,
d389dd1e-fb53-4532-92e2-307a3babf701,82a9daea-ae11-4f23-bc52-3d11f882eb73,24,86,,interieur,
725fdb0e-83d2-46aa-ad2b-53725987d675,c4e10149-863b-483e-ae54-1ca33c01c72f,24,85,,interieur,
6f436930-08e3-40c6-95b2-ce0037c7abf0,e1de88ea-aad9-408b-81f0-6cddb0cb579e,24,83,,interieur,
d650fcc9-3f0e-4e7e-a376-04becda3b0da,6dfc1012-d044-42a2-aea7-997a0c24fc27,24,86,,interieur,
ea9f80db-5951-4770-817b-b02608d0d9b5,68d47897-9481-48e1-b8ad-69083da2f07e,30,,,interieur,
9f45d3f4-61a0-4921-9039-dc4c01906e6b,d2c93440-8c6d-4c69-a023-20a7ea972e75,,,,siege,
b2f4a5f5-ecdc-4908-8dc4-1708b92077bf,837a9e63-d241-4f11-828f-31d75d9797b1,30,,,interieur,
390054a1-1e14-49ea-a058-7bc32d1e0527,387b279c-9d35-4e9c-b273-67903ac8989e,30,,,interieur,
e48a6e9a-e1a3-4c75-9b17-94954af46b7b,c07ccc5a-5d43-4a6c-b660-1e24fa1688e5,30,103,,interieur,
6ec6c93a-3e97-4631-9b4f-01e383ad2c64,5ab99a93-61d8-4d89-bd57-34070ada9101,30,104,,interieur,
16765267-047c-44ae-82fb-22fe1cdae4a1,48dad8d6-a05a-4372-8e1e-313637e92130,30,105,,interieur,
73678576-4c08-4ccf-a85c-eac9efe48eb6,414633a0-7eb8-4dec-8622-41653ff333b5,30,106,488,interieur,
b33a7588-eedd-40b8-bfb0-b3bf2571fd9b,4c4b5521-c834-4a30-831d-90f5c4ab5963,30,107,,interieur,
d1020ad5-0f3d-4c35-86cf-b57d8ffa1662,d82aa5ba-a965-45ad-b349-41894807992c,30,,,interieur,
1d650743-2615-4360-b8e2-69ae7de3e1b3,82039954-fbf8-4cba-8118-2d262ce9cba0,31,108,498,interieur,
88e3e661-e9fe-42aa-825b-46ef6ccbec2b,9e8e199a-5164-4ce4-9891-b73fa513bc77,31,109,505,interieur,
8f8ca51a-5fdd-4109-a40e-5072bff0d303,7914caef-ceea-4d4e-8977-f2b1cc5dfd62,07,,,interieur,
16d0285d-196d-4120-806e-9cd5393301c8,cce14b5f-4a25-43fa-a806-1195b77de0bb,07,,,interieur,
c37f5e3b-537d-4f5d-9937-91766ebc7a6f,729959cd-e11d-4393-9219-5aed002e153c,02,7,,interieur,
9988184a-964f-48e3-b8c7-75f7cae16cfb,42bb7ff5-ac70-4f12-9dd3-3aec9a82dd68,26,91,406,interieur,
b4e92ea3-1c12-4791-ad3c-4ea0eb09d062,ee5e600a-013f-4581-afed-01450e728a2d,07,22,,interieur,
78eb3e45-ecfc-4e58-a0b0-75cd0dd8bf95,f874c680-25fe-45fd-bacc-6db28d6e645f,26,91,406,interieur,
16328dc7-8fd1-4088-bedb-c4bb31e5b406,ef2cbff0-2920-4623-8167-cec7e545de56,26,91,406,interieur,
4bd6cbcf-ffc3-4a71-b938-b518c60525ee,88cd951b-9951-4ea5-a4b3-5297213df648,,,,interieur,
a1bef441-e82f-4a7e-837c-477a89abc5ab,e3a10513-d0d5-4073-b8b3-6831f223c0b0,20,70,,interieur,
58603785-f07c-4429-96bb-eaca2013e8a8,f387b195-d07f-4c92-8567-73792b67ac41,26,91,,interieur,
dc948777-1e4d-4577-b173-3048cc69d858,4be1cf46-d064-4d15-a7b9-4e01ecca4ec4,18,61,,interieur,
b1295bdd-7456-408a-97b5-7ca857f73e99,4ed53628-5ba1-43ea-a42a-4e67d09f0369,28,96,,interieur,
c2bbec1f-c5c6-49ce-b369-17517082abb4,61d2383a-c721-4576-b239-cc44a7f0ba7f,22,70,,interieur,
7c420b47-ab30-4fc7-8bc7-8f3cfb4edadc,cd0055f7-6fda-44b5-8d23-546db0706324,25,88,,interieur,
e9a24e02-ec58-4ca6-b482-c8e40dc243b1,1b8cb25d-5f95-4888-bb08-64facd273d89,24,86,,interieur,
9ea63e65-79e3-415d-a63c-1c200e7f68e0,c5a5e553-9d8d-4624-89ed-1178857302c6,14,48,,interieur,
6253f267-84b1-4460-92ab-953eb48c7a6c,f23bbfe9-866a-455d-ba5f-47b05a8f881d,29,100,,interieur,
5956b7c2-08ac-46d0-8fb0-68e52e27ea93,326c19e2-03cc-4dce-a6d9-a933ed03be72,31,31,,interieur,
cee77fc5-9197-410b-9b3f-eb69e881ab3b,ecb26ffb-a2e9-4314-9709-ef8de0e22e45,12,39,,interieur,
10a2c6e4-f87d-4498-8992-e1dba01828ac,f6c021c9-193f-45bb-8b60-74889f0ba8a8,23,81,,interieur,
5e126ea5-241c-4a96-a139-83868d218a6d,fc14fc17-5d13-4e18-9164-92c8638d0169,22,76,,interieur,
3badd257-99c8-4659-bac4-5157dfcbf0d3,8fd79955-65f5-4443-9e2d-5aed3f582704,25,87,,interieur,
09a196ec-7a0c-4121-a499-553013b3005d,5778ec80-db09-4d93-9cd3-ba27cecc96cf,12,41,,interieur,
a43e6a8d-4209-4c1c-9be3-16174a82f5c0,f3ec6028-3669-4b4d-b730-82adace9dafb,28,98,,interieur,
8197f349-b4ae-44fc-8fb1-c28e793c380b,2988b7d3-488f-40d2-a922-a76433371459,24,86,,interieur,
69a1ac37-3618-42fe-85eb-6fc7219ebe4f,f7746510-ada5-4a1c-96be-735bb8503385,24,83,,interieur,
e23e3a37-f693-4382-84e0-b34dda95dfa3,972072de-b062-452d-8df1-4bdda5eda478,24,85,,interieur,
60506f24-a088-49aa-b20c-d52683caec2a,0a4e16c4-4a96-40f0-b7bf-25ca6454aa8d,23,82,,interieur,
3f19713d-6ff1-4248-8515-329c36a63b57,64cfed24-8abf-41c0-9ffb-67b4319a1c50,20,70,,interieur,
ae54c93a-5162-4b88-8849-73f822757d06,5a1f9c80-a77c-4495-8a51-40a8a8a7f681,30,103,,interieur,
f43614c4-def7-48a5-a857-4f7ccc859aa8,8997e980-5927-4bad-8b63-816a072400cc,23,81,,interieur,
8f82ad88-005a-4fa7-ac83-2e76031a58e0,e032f0f5-16df-4eab-8674-15d9aff6e3c4,30,104,,interieur,
8ca2a128-73f0-46df-a2fc-984917e7609f,0ad6da75-f693-4fa7-8561-5a6c44455aa6,23,80,,interieur,
208e0b5d-dee8-4323-9047-dcf409b1697a,c30c211a-8696-4c68-b883-7013aa4794ff,25,,,interieur,2025-06-18
94e04638-0103-4799-b21f-3a89ff9eed0e,03d43411-b93f-4583-8a2c-88ed27eb02ae,22,76,347,interieur,
3dd22203-f76a-4a0a-80a5-9ba2fd9232ae,a03429b8-dbb9-4350-8c01-b31dcaabef9b,22,76,347,interieur,
ffb96988-ecd5-4ba3-bfc1-1227a42e6f0b,56b968f9-1cb7-41c3-9e69-190658790d02,DA,,,interieur,2025-06-18
82a945bf-a2ae-4950-8e3c-ffa3737f8a8f,b902875c-c4fc-4e11-aecd-1ab2afe590fa,DA,,,interieur,2025-06-18
47b69730-c3ae-4c37-9f80-b4424ff1c977,22ba2004-b923-428f-a4a7-41863a91034e,DA,,,interieur,2025-06-18
5a6d409a-8f94-4cf8-8a16-d51862133a5c,5de478fc-c0a2-4520-be03-8c28c380c1fe,22,76,347,interieur,
1f27f3ef-46b3-4661-aa70-bd0c52403c35,b266e1da-f864-427b-9154-e9366fc73944,18,61,283,interieur,
cb44d8c8-f5a3-4712-8a30-bb1fc2e1355d,e07be9aa-8f72-4752-9e53-e9b7bab802bc,,,,siege,2025-06-18
95839633-26a3-4ddd-8c01-ce2c5704e42f,744c5d20-9f61-4758-8546-a494d1bc1683,07,,,interieur,
b438baec-aab9-4c9a-b800-8ab1be59d6a3,a347f507-afcf-4534-acad-1fa4c457246b,07,,,interieur,
d71ff85e-f027-4426-8445-43df9791c49a,fcdf3534-d1e5-41e1-87fd-a7a33fb6c967,18,,,interieur,
12df2c39-87d5-4da8-9441-b62685afc387,e900de5b-75fe-45e6-b95c-7264b12487b5,28,96,,interieur,
65fae938-00c5-4ea4-b665-d714c89f7be5,776d8b25-0d75-453c-a917-d22c50ccfaf0,30,105,,interieur,
ff90750d-a554-48d4-8b0d-ef7beeefd625,0f3c9d91-8ee4-4bdc-882c-0c0fd4fe4f49,22,76,,interieur,
def6a174-051b-4510-9dac-5fcb47e97331,da3629d2-6899-4e66-aaef-ee2415c1693a,20,72,,interieur,
ba87cc08-a3e5-456f-9562-75bffcbfd839,c2381988-07e7-41a8-900b-c57ea2461e24,25,89,,interieur,
f3e846f9-a90c-46c9-8383-2398d849de84,39a36f3f-895a-45c3-81c9-1a9f27617923,31,108,,interieur,
22c3d04e-c941-493a-a56e-14f008056967,189d1d7e-5a55-4e9f-8271-4b266e143103,30,106,,interieur,
6784be88-68e5-44eb-972b-0bb901de4a94,1fd3e165-57e7-432a-adf9-2c4b9d790b83,29,101,,interieur,
78bf5300-ee9e-4676-9651-059766f631e7,59ade540-3021-4f03-b2cf-dd5be9aac819,14,49,,interieur,
dc128ae4-f7c0-4a7e-93db-164787727928,c4ef65b2-9a5e-4686-8e3a-7a046316c871,26,91,406,interieur,
002b6acb-7649-4893-8fc0-227ed0c1f7fe,87115ef7-b108-40be-8b2b-45b202aff39c,26,90,,interieur,
cc376b98-43bd-42ab-b217-3ec5e56a983c,c01a2f27-ec17-41df-9659-2f6142812104,26,91,406,interieur,
e5e0b146-2a6a-4642-8915-9f56d1afe647,cee2130d-a780-4698-9c37-3a4bcf27f8d0,26,91,406,interieur,
120c5deb-fabe-44af-be7c-705e943ad607,ae666761-1bbd-4aa2-a9fd-8b3f5bbd7fa6,22,79,,interieur,
28f01423-8825-45fd-bd7a-3bf69872c64d,f3ea9754-829f-4387-b628-6efc92f725a2,26,91,406,interieur,
ae481175-fe1b-4744-a2f7-b17ef92f99cb,291cce9f-254b-47c0-befe-21a34c1a5f08,26,91,406,interieur,
fd761155-de20-4cdc-b17b-4eb2478a6f22,a69c3758-092b-440d-b0a2-477c1801e3ca,28,,,interieur,2025-06-18
5919a4fb-c1d4-41be-a556-fd4d3c5a1d16,2e47dd5b-c166-4148-803c-fa0439ee6920,22,76,347,interieur,
1d1f1394-8d26-4bd9-98dc-72fff4971478,5171fa06-ca3f-4c28-a128-fb7396881987,14,,,interieur,2025-06-18
292a03c5-117b-4c7e-bb3a-9fa14adb84b0,c61a5e42-5b90-45ef-a4fc-44c6200f4f7a,18,61,283,interieur,
64f86860-016a-4914-bde5-09747380f20a,9e69335f-aafa-4eb3-b751-6acb720defd7,18,61,283,interieur,
09beff07-ad99-4a28-94a4-d0d57f07cb97,0e923b08-f96e-4527-a31c-d8e2c3d1e8b9,28,98,447,interieur,
0f3c2120-1332-4e8f-bd31-4bf9000261f8,cee40efa-cc81-45ae-8ef6-3325443c3362,28,98,447,interieur,
db6b3900-1f04-4276-b2f2-173ca19b402b,eaa36611-d53c-4ab1-84cf-6c11f747a5a1,22,76,347,interieur,
1292efeb-7125-4a07-81ec-d32e09f75420,49237a74-3048-4652-8468-e5254d730288,22,76,347,interieur,
567d5514-6615-4250-a1a5-337099c02891,7079ead9-67b3-4cd7-a0bd-5cd5b00c0b45,28,98,447,interieur,
4ea45f39-670f-4b1a-968a-49521306d353,0e9ebbff-991c-48ea-b862-805f5adcde31,25,88,391,interieur,
d7975302-20e4-4dbb-b763-8ef26f3e07ee,db45b646-d32e-4eec-8ca7-0550a48847e4,25,88,392,interieur,
4f7cc74c-f6bb-4701-9ff8-caba6e1b0313,192f5ff7-f575-4fec-bf24-62f59e2a0fa2,25,88,392,interieur,
3bb0b125-f25b-4410-9cf4-7831a07cb546,f211abc0-53cd-46da-b4d3-1d600caae116,30,105,,interieur,
3baeb0dc-d5c0-4714-a542-06440884bb65,1ce1b1f0-3377-45fb-8a0b-98784f275d2e,30,106,,interieur,
7cfba0a8-ba30-451c-a811-3959eb0f88bf,104c79b9-11e7-400e-9122-327a26952d65,25,88,392,interieur,
e0ee4b55-3f53-4275-82d4-4a7b00571ed4,984006a7-2a5a-426c-adfc-e9756da8fd4f,30,,,interieur,
22e9492f-689b-4043-8185-cd4b6d805c8c,7a468670-d747-4d48-b638-27631359a93a,25,88,392,interieur,
c2835186-2353-4c24-a962-94858c5e290e,b162480f-5ccd-42ea-94aa-8f9558de3192,18,61,283,interieur,
c3011e81-77b1-4386-a336-1c8cac5400ab,2d828c91-d9ca-4df2-8c8d-a8f6a8f27885,30,105,,interieur,
9e5a5aef-c793-499f-8931-ffa9c59438f7,be1f181d-0fd6-4a37-a47f-851673e1cf83,30,104,,interieur,
91d854da-aa55-4335-8792-d61b51cea9fc,76c9702d-26f9-42d3-bd5d-bc67ab22558c,30,103,,interieur,
268c15c7-0dde-43de-9a11-2937b8af7acf,e3738252-9126-4ed9-bd86-1fcb2cffbc45,30,105,,interieur,
bc913085-440e-42ba-9543-f0f50b2d78d9,0a619042-668c-43ba-b125-42d6917ef940,30,105,,interieur,
db68fe34-eeba-4684-a605-f1828fbf5cbf,0993e761-47a4-428b-82dc-3de4c5a6165d,30,105,,interieur,
2218045b-adff-47d5-87b9-e505783a0914,45322377-841e-42df-be9a-e4c4293c6110,30,103,,interieur,
f33f0e8e-f052-4fd1-80f1-aaf8f5018733,2a08a3e6-2680-4c38-9d79-085a55f8aa6b,01,1,,interieur,2025-03-13
2a36cfc3-59ec-4bbb-bf05-74b2e35fdfcd,b167229e-01fe-4894-ab3c-dbcb0a7ddbdf,18,61,283,interieur,
248959e7-4fb0-455a-abf0-b2f448eae203,3a168ff0-dffe-4e0f-8f46-6453ca4b9d22,18,61,283,interieur,
eb30f108-b204-4170-ba05-5c8fbf910c9d,7bf8b908-f075-43c7-b1c7-70d1e798c1d7,30,105,,interieur,
9fb3a8f2-d30c-4dcf-a559-074f59a01aef,05442fd4-f291-4bd0-b3ed-0be7b5ec036f,30,106,,interieur,
7a5b6f61-bede-446d-bead-2fa20a3ac5a1,5c3944a0-4dda-4907-a13e-d02601d290c3,30,107,,interieur,
8fb93db7-5ce5-43ab-a4c7-94b8a36f8f7e,a47dc0ee-ed66-4143-88c5-2ddef9bea998,30,106,,interieur,
0ca499f4-571e-4a80-9a01-cf37c7a72009,9b4026cd-9ac2-4aac-9076-200dff5e8a72,30,103,,interieur,
d62e3079-49c3-49a9-b879-fa16d1a682f8,05890a4d-9e9f-450b-8c37-0a2254946744,30,107,,interieur,
7a3e928d-39de-41e4-b49d-1b53b144d8c5,81948f09-d7b7-4d63-87a8-b98cdbb0f104,30,105,,interieur,
a528ec72-1f46-40ea-8971-84fc0a45153a,88a6dd9f-4b2a-434d-9b77-7a565458ad59,26,91,406,interieur,
068d2422-0bfe-4ba1-b36a-3b6604f50439,323de984-d29c-46fa-bf4e-6b3e0a6aadec,26,91,406,interieur,
67b7920d-4ecd-4b9d-83b9-9f42475aebcd,6e43d32d-55fc-4fcc-8f76-254cb9dfae37,26,91,406,interieur,
f2e4a098-e809-49f7-a100-8ed8aed73c62,477fe3e1-e105-4451-ae19-5f1832e3525d,22,76,,interieur,
2c5e6df7-cf5b-4c9f-9d7b-6cad09a3ba4b,2c8d0a79-1710-4fe7-9136-4909fb25156d,01,3,,interieur,
9538cd7b-6774-42a7-9c11-c54b0e091e85,8ba6d3a4-de84-424f-b63b-1668948916a7,22,78,,interieur,
831f73be-4883-4dff-950f-daf0e5403f24,8486ee85-d619-4eb9-8673-b2ce51bdc3a7,12,42,189,interieur,
e70732f5-93cf-4c1d-b2e4-5c064f048b93,071a0200-2e3f-47f2-9f48-ef6551462e0a,12,42,,interieur,
5d9877ed-82da-4d25-8b6f-2e6c63e7f0a1,10b21436-ba42-443c-88e3-2f0a7193cca5,14,48,,interieur,
8f0b95cc-5fe6-4c42-be26-ecfaf810d381,6a303176-ac6d-489c-8b6e-a050e1625851,26,91,406,interieur,
7546cf5f-e728-42eb-bfef-da5ac2609472,f3d470d0-a189-47e7-946d-8c70c58b5262,26,91,406,interieur,
ced3f0a8-51c0-4359-b5e2-700460931d29,c3f9be01-cadb-4d29-98ac-54b70634b6df,07,24,,interieur,
591c39e3-34a4-406b-a3a8-aa5ece02be59,8a6ff005-67f1-4faf-bf20-cb1444ec95da,25,87,387,interieur,
f723c1fd-8818-4922-bc6a-f90bbb91e539,08f6db94-8099-4e54-9d8c-6ccda8d957e7,29,102,,interieur,
e90bd1cf-e290-4aea-a61b-3d3c4c9f44ac,a99b0802-9c31-41c9-94f3-575ca73c1f2b,26,91,406,interieur,
427e1409-4954-4261-a060-cc708257793c,0f043aab-6b2a-4bf6-bf9b-5436f416927c,26,91,406,interieur,
60412097-1b69-4655-b6b8-65de51c555fe,44bbdd1b-794b-4ecc-83e3-c0712992859d,26,91,406,interieur,
f5e6d05f-77f5-428e-8229-6ee3dbb42e5e,a4463078-0b28-4314-ae74-a4472290e7f9,25,88,,interieur,
c039189c-127c-41d2-bf7a-2b1709df45f0,9ec3a496-2ea6-4387-b964-8fa51c2e5c27,26,91,406,interieur,
dedc973f-f3ef-4235-8873-1a010736b2d1,47d294bc-7887-43ca-8059-de7c7b70b616,31,109,,interieur,
85ad97db-40fd-4a52-83f8-da1ceec50883,da0da45f-3bc7-4cd0-a07d-56d44b6351fc,26,91,406,interieur,
4f303f38-e7d4-44f4-9a0c-cadb5a5f799a,4bbb1735-2b47-44a7-943d-cec99dbf93cb,26,91,406,interieur,
0f90fef5-ab33-48b2-8452-e3ab6b96403a,b506ac72-98bd-4796-a412-ca2ae1556a83,26,91,406,interieur,
dfb03b9d-d3ee-4870-a60d-41fba3b3fe01,8bed8e2b-3047-4ca2-ae7c-4459f9dc10e4,26,92,,interieur,
349c3af4-d2ce-40d1-b2bf-56d98e209b7c,5025845d-19b9-423a-a5ec-c2d858a2bfbd,26,91,406,interieur,
c7e307a2-42ed-44be-b9ed-c02bbc894701,6a57fca9-5e35-40dc-82a3-6ee89ea61dba,07,22,88,interieur,
d913d73a-975f-4d02-b6d2-e88e65f0d1d0,718d984f-8801-42df-af8e-e1cb33f31359,18,62,,interieur,
f1e9cacf-df69-4e34-9084-1198961d9745,2c94a461-0f9c-4bfd-8b2e-b0ae5828f473,07,25,104,interieur,
a9af5771-b902-46d4-9f88-c504b8b5880d,1f516ad5-d20f-43aa-9971-67d5b96139de,26,91,406,interieur,
37d11e48-8e83-47a3-8fa7-37b95a739aac,f52ce83f-5fdd-4de2-ad4f-aca2731367c4,07,24,98,interieur,
0d52bebf-1678-4737-8730-76ccb4977f22,9f9d7731-1d69-4d70-80a0-ed7aeec40cb8,26,91,406,interieur,
cb631265-0259-4798-bc1e-a26caee63c91,a9a873fb-b2fb-47dc-a91f-951983baaba0,07,24,97,interieur,
4338d006-c20d-4925-a8a8-3eda07990bcc,5dcb3438-6bfb-41df-905f-617f4ed91023,30,105,,interieur,
64d12b0e-c662-4f2f-a9ab-92d9474f96da,ef70f3d0-41bb-4d42-9ae2-aa293ac688f4,26,91,406,interieur,
90a87805-8b8e-44a5-8d81-5e9596ed4b64,00e81e83-c41b-4e9f-b909-7533d33d65e4,31,108,498,interieur,
dc33352d-3193-4d36-ae37-ae3ee12e7145,55182631-a790-4698-b8a9-363e226c35ef,31,109,504,interieur,
b31944fc-ee65-4279-b74d-ef18a16a92f2,80181d89-354b-421a-aabe-f9e2e07a9676,31,108,497,interieur,
7752d11c-07b2-44b1-ab53-6959fed08ffb,09b99e98-2f69-485e-b06d-022be96ae3a0,07,22,90,interieur,
b416e0c2-0822-4a26-a942-c7927eae3897,03cfdfd4-9c57-4237-9bce-fc1bf20a8c27,18,63,,interieur,
560c7925-a00a-413b-b58e-9c56576655ed,17ffb592-feba-4eb6-bb96-e9748161df2f,26,91,406,interieur,
15c21918-5622-4fbf-9238-e7bbc434a6c8,3d0596c9-77cd-4697-aadf-71fbd402b0a5,01,1,2,interieur,
76e069d9-a6f0-48e2-a305-ffc87d24531a,8a0f95a6-c6fa-4b22-8296-5ea7c2fd07df,01,1,4,interieur,
454024d7-58db-4efe-a746-e2c1cf8ab83f,c0ca2c14-78ae-4faf-a7db-ac3ccd6fa48a,01,4,17,interieur,
d460cb03-6d37-44a6-a33c-b8ed8650e61b,feab7f86-ffb5-4818-b188-29fcd2eef04a,01,4,19,interieur,
28bbad0d-5291-4f6c-9ac9-8710223e5283,54a12ba7-8e15-4ffa-8f18-c68a5bad27d0,01,1,6,interieur,
d416f18e-a4ec-4f7f-8c1f-792cc45c88dc,7d4882fa-ae5a-4a4a-abde-f66c092bf225,01,1,7,interieur,
6eb0123c-d432-4897-bc89-4f89642f9a84,6fff0035-6363-40f1-84c6-4ed6dcae0d47,01,1,8,interieur,
9eca2914-70b1-402b-8f12-b4bac36f5965,206e35dc-471a-4117-9d4c-d013442de4ac,01,1,9,interieur,
7eb350b3-c005-4693-a43e-e901d4b3e650,ff230956-e131-4e03-bebe-35102cbf4e56,01,2,13,interieur,
644e44be-5ddf-4a17-ae67-d1254da15011,2dde746a-8f97-4870-bd84-34f418b22a5f,01,3,14,interieur,
c1098f81-7182-4ac9-acfe-8f38c0e83c65,ba1c62be-6eb8-4cb4-9778-59c43306d6b1,01,4,16,interieur,
13ca5c5c-7fbc-4220-ae9d-d8d0cb94f8db,0e1f63f3-03ae-457d-873a-afc69bc80a3d,02,5,20,interieur,
dde6a2d8-f105-4aad-b0b0-d672f06f4482,c1cd4eac-01f9-4b0b-99a0-ddc87ea38860,02,5,21,interieur,
9e868f61-3a05-424d-96c8-5d3031195ec4,941bb0ef-5d7a-4221-9239-74949670599c,02,5,22,interieur,
13ae01a1-1ea5-4ccb-bca8-b672e9a7ead0,0aa1a579-d33a-4600-970e-98b4eb855c2d,02,5,23,interieur,
878f437e-1a15-41cf-9ef4-979b3752f0bd,0aedb88f-77f5-4216-b44a-02fd4a6a4407,12,43,190,interieur,
41bfa024-ad0f-48c9-8294-5cef875d72b8,6fe4654b-e1ac-4362-9257-7afed70ce8ab,12,42,187,interieur,
3ef1f1f1-e41d-4dc9-a49d-4be520eb17f9,110f7378-2f2e-4fdf-90c9-359f729b5076,12,42,188,interieur,
3d72b25a-340e-4e63-873e-9bd2c3085ff0,0a7fbad0-4663-4b94-9584-68e68c79ec72,14,47,204,interieur,
a356ea22-6a36-46d7-81cf-deed172ea17f,cb925b89-8718-41f2-8094-8a1ad14334d1,14,47,203,interieur,
a4670283-f9c4-4f4a-a658-76020232bdb0,6038e906-39e6-45b1-b204-64b9819fc6df,12,43,192,interieur,
bd435558-9199-4a49-a45b-8b9e5bee0eec,fcf43c42-d14b-4f46-8263-e79a742b4149,12,43,191,interieur,
1af80f33-7443-434b-a817-57d650d82469,a4c03aed-460f-46c5-89bd-37018e01da05,02,5,24,interieur,
16a8dc00-edd1-4e31-9ad7-f9d5ab3ecf19,1e4a8e80-6df9-44d5-a140-b33feab8b2be,02,6,27,interieur,
995c5763-dc85-4fe7-a99b-5b9dac44208e,80aab699-aca8-4140-a089-558fa2032e59,22,76,347,interieur,
b97770ec-416c-471e-b3a0-f96fe2f81f0c,e4a5fc46-e851-481a-a7ac-e4575693a230,22,76,347,interieur,
87274505-de79-4436-a1fd-fe63b73aa9fe,212d97bb-a8d4-492d-8a8f-86d9c20af1e5,22,76,347,interieur,
6c1b9e37-8d2e-4f42-b9ef-10736d1c1b81,a82782e6-4bb5-4cae-802a-e573e9385514,22,76,347,interieur,
b9dfc019-fdff-4b9c-89e9-12cd090f9b12,81f577dc-7d4d-4d34-b573-f74e19670ded,DA,,,interieur,2025-06-18
18527c06-4d03-4fa1-9e68-b8edfdc2f4b9,985ad024-997f-4752-a724-e102a35f1ae6,DA,,,interieur,2025-06-18
30079dca-e405-46e6-81dc-c74d6aa3d1ab,f40dca15-db7b-4bf8-a6ad-e34b93715af8,DA,,,interieur,2025-06-18
0ffec707-11d6-4397-b4fb-6e6b1b0c4762,81c0e926-8aa6-4c4d-b17d-f9f570f803c0,18,61,283,interieur,
cc16c65c-95d7-4401-8e56-66900d49a35d,c86558d3-542b-4a8a-85b5-e813e527e88d,18,61,283,interieur,
d81afb40-8a4b-4229-9ffd-651cc7e01d60,0bf12ba3-c19b-4ce8-b894-fc0319288421,25,88,391,interieur,
3dbdf43a-9748-4813-8301-06e6e4d17705,fa1cce84-811a-4b11-a7e6-d37974a813cb,18,61,283,interieur,
ac687e69-3368-43c8-bf21-9aac1b706064,5b1d3d69-647d-4bb3-8b60-3cbfca0cb041,18,61,283,interieur,
76e2148c-87e2-452b-92f5-502ca070fe7a,f0bb15ca-ecdf-4c87-a315-a6a5922c2b0e,30,107,,interieur,
88a0b7b8-0702-4b3d-b482-4e25b976b03f,810eb402-1aff-4843-9282-4ddfe14e157c,25,88,392,interieur,
3e6a1f23-8ed5-4c4e-99b1-28b932b4a233,0a0b5d02-bddc-4313-80ba-b76b05761481,18,61,283,interieur,
3713638d-75ec-47d4-91ff-6d5164845528,7276db20-3da3-4457-bc2a-8b8f390528db,30,103,,interieur,
d6c7637c-d611-48a0-a8bb-8bd3242daada,aa469b55-fc96-41d2-a534-88a3827bf762,30,103,,interieur,
43e5d258-3ae6-4ee2-8435-321e106f32c3,d8fb8e6e-3214-40a3-af05-b946fa141bd3,30,106,,interieur,
e484ef73-6f67-4825-805f-d938a77b13bd,93f33f87-5190-4707-9c75-b596fd0b5a28,30,,,interieur,
198b514f-6ee7-4f44-a20f-144a339a0e2f,1aca186e-46f5-40f4-9b0c-24c1269a014b,30,107,,interieur,
305a0bd1-6145-421f-9fa2-3901fa9d5a3b,ce28fb34-3580-403f-ba54-6a9448158e83,30,105,,interieur,
2b3b438b-a915-429e-bf17-290fe36e1a85,c9fd5c21-dfc1-452c-9846-a8fa33c9ee15,30,105,,interieur,
35c80bbb-223a-41a1-b44a-7b79acfcd3b6,8bb1909c-b74f-4425-bb47-4e971fc49f30,30,103,,interieur,
cdf22676-011e-43cd-99db-e896c30db4e5,eaa08fc4-36a0-4223-9b38-9bdf421e5f24,26,91,406,interieur,
7916f4de-f8d7-4c2f-b53e-64a5e1cda92e,0be7f3fb-7907-410c-bcbd-13e9a3d4e86f,18,61,283,interieur,
3843b923-ff32-4c45-9115-a6413124166a,20cf0308-01ce-4c08-b611-71445e5119a0,30,103,,interieur,
3f1144e9-a519-4e9d-9269-35be0dff39d6,fd4294cc-c7ef-4954-bc65-7ed24cf3fd68,18,61,283,interieur,
7f5e5c2f-93fa-42f3-bc73-bfb1a173bb1b,94ab5824-83b2-47ea-b495-882073065430,18,61,283,interieur,
f4932fc1-bd23-4847-ba9a-855d94babea5,94fa30c1-5d2f-4378-8f7e-9ba6c5cb40d8,18,61,283,interieur,
3e5d1273-96e8-4d64-845c-a06869447635,f0f4d3c2-830b-4d92-9ffe-7741701b55e8,18,61,283,interieur,
e746dcb7-20ff-46bd-9d18-d72a489871f4,b79a84a9-42df-41b7-abff-9059a2c4114c,18,61,283,interieur,
ea3d08de-710c-42db-b209-6e49dcaa4469,d9d912cf-9eae-4b45-894d-e679b3a4ee35,18,61,283,interieur,
aa94a629-33d6-4d95-a7bd-b3fd3dc516e8,ed7b004d-95fb-48b9-9d54-fe7a4b873e9a,30,106,,interieur,
1659a230-be23-4aed-ab93-66b28681ec03,73b88df5-8b28-47af-a53b-94c0886a5c86,30,104,,interieur,
56fd8a04-37e5-4d4e-8466-2c665a4a587a,72a6da06-bbd7-4a15-8e8c-ef4a20f19192,30,103,,interieur,
09605f24-e969-4e6f-a706-a2b796dce482,fa3b886e-864d-43b4-b3c5-2bc18645d575,30,107,,interieur,
148543e8-040c-4668-8940-a30d06d45e4a,073beda6-5bc1-4028-a3a7-418e3f579f5d,30,105,,interieur,
3bdb40e8-4412-47a5-b727-b2d8aed35e60,eb8bb6be-5742-45f3-944a-9f2a3b07c435,30,103,,interieur,
395b85f6-75e9-4856-aa5c-4c7071100e7f,eab207ba-013d-4b6e-8764-5027db977c14,24,86,,interieur,
1e398f95-3d01-4ddf-bf1a-480b94010bba,0d78790e-76cc-4597-b182-8caafe91ce40,26,91,406,interieur,
990099eb-965a-472b-83c9-03211be654b6,8c0b6e70-b282-4b7f-94d4-9f17e4248fea,26,91,406,interieur,
6d1ca721-7aeb-4f72-89ba-e37bece67525,0d36980d-8e40-4135-91bf-f2800b72ed62,26,91,406,interieur,
1744f04d-e7c4-4a95-ab61-d809905fe2d9,721bcb25-2e90-486a-91af-53f427c96ac0,26,91,406,interieur,
22f0be6c-3072-418c-a385-5362b463fc67,1a1fdb19-039b-4c04-976d-f32448b18f6c,26,91,406,interieur,
c1680b99-d662-475f-8fff-d6d070298db4,b82b3b45-67cf-4850-bdac-ab9b265a7546,26,91,406,interieur,
c17d3318-e73e-475f-87dd-852fcab671ff,052af84d-0a52-4ddd-9f33-e0d0cfa3bd89,26,91,406,interieur,
4eba580c-d214-48c6-af0a-1284e4d002c5,6b71e9de-9623-4210-80c7-2257dfc68a2c,26,91,406,interieur,
1b194b46-e5de-4ea2-83d5-dec5b57039dc,a04cf48f-f4f9-4d70-a3b9-9a9e31b74251,26,91,406,interieur,
d689c599-4f53-444d-922f-21d37adbfac3,fd7d502d-9e8d-48a4-91d1-2bc0fe7c7483,26,91,406,interieur,
df0913ab-6fe5-4aca-845e-cf7a70d078c9,f8092ffe-36f6-4d28-a7e1-8c7ad48706c8,26,91,406,interieur,
124ae358-5a6c-48d1-b5d4-4c2f4e4b3451,6a23a4f6-8650-419c-aed2-7b9802c830c0,26,91,406,interieur,
be4a53d7-07fe-49bc-afed-dd68e69797a2,990fd612-756b-4af8-971b-a315ca081ceb,26,91,406,interieur,
16e53f50-256b-4db3-8163-f48327a8adad,1aad9bc2-9876-48e6-97d7-d527a07c5bcb,26,91,406,interieur,
d7f4d70d-c0f5-4084-89d8-0ff54fe0809e,0d13eacb-2a32-444d-9df4-6ec127255401,26,91,406,interieur,
9c1cf594-2ca8-4244-bb42-490cb6176847,70095df6-6b12-40eb-bad9-dd5853ea9a05,24,86,,interieur,
bf75d093-8e75-4317-b758-e2700c481193,1acf0375-855e-4ec3-bc0d-a5c8cbffc074,14,47,205,interieur,
c2e543e5-b3cc-4e18-b9bc-f3cd0f3f0da7,4b8affbe-e91b-48e9-811b-a29aacb95742,,,,siege,2025-06-18
ea27ecc2-989c-42b0-a79a-b14e5d8a37b2,33041a91-966f-435a-aacd-02ac338c9c30,02,6,26,interieur,
520c3e02-2d2a-46a4-b6ee-dcd91de6b5be,22a6a988-4183-43e8-9659-79e49391fb83,02,6,28,interieur,
17d8aaf0-ca84-484a-96af-e1d5907000f6,65ecbe1c-536a-44d5-8b5f-59275e09a679,02,6,29,interieur,
683d9549-2b58-4324-9352-71be60ee1dd0,f3a6756c-6a50-4acc-84cc-dfe8d2928472,02,7,31,interieur,
4b8decac-88b8-4eb4-91df-72338a140908,0d9d92ea-5b1d-42ae-8d96-ad39c5bfdcd0,02,7,32,interieur,
ba77484f-bd86-43fa-8190-17578e89cf2a,c6caf35e-575d-4c96-a9c6-916d4c9bfe8f,07,22,88,interieur,
73680866-329b-480c-83b6-a112a4dc699c,3af080a1-a461-4f32-8af6-97a432bcc7a4,07,22,89,interieur,
78884c8f-9fe4-4843-b267-c0a26a4f1c39,edd48945-a38a-453e-8889-67670622171b,07,22,90,interieur,
57ba95fd-3cdc-42b1-b5a3-710c3c41a6dd,9bcc88d8-8538-4734-a436-0a210b41cca3,07,22,91,interieur,
e5229b88-a40d-4111-adc1-49f415f2a69a,4375d236-034c-44b8-b773-f01d687b5e67,07,22,92,interieur,
fb1f0f03-1917-4764-afd2-2a43c11e639f,a6f8266a-d6b9-4fb3-98a1-99339245fa44,07,23,93,interieur,
93bcb353-4e03-4c09-a1ce-f279c0b912d5,541be744-55d3-4ae5-9ab8-a2ef80e37deb,07,23,94,interieur,
c2e4246d-fadf-449b-a68b-1e20db2637de,83ef2f53-a9d9-4010-875e-86d242910481,07,23,95,interieur,
31ec947a-9d1c-41ed-a1d0-e30ea0e4dfc9,1687f82c-782a-4a33-b556-5fc20305b3d3,07,23,96,interieur,
f51d2aa0-4015-441f-9b71-f6e0fce981dc,85edaed8-b22e-4812-8b4a-6954d9d2fad3,07,24,97,interieur,
c1678ca2-68c5-4897-a6b7-31df847783e5,16d55357-fa5c-482c-8790-37eeea385a34,07,24,98,interieur,
9bbc5804-8446-493b-aa7e-71a074745489,b252e0d6-6368-4b06-a995-9ac7a9ff3a22,07,25,99,interieur,
8c6c6de4-3e77-4eeb-aac4-bd05e8d83441,50ca5de9-9abf-442f-9881-c380f10a1830,07,25,100,interieur,
c22f9e94-7047-44c4-a81f-0671f56e703e,aa3edacc-4c7e-4bdb-ae6d-3f1d9b374399,07,25,101,interieur,
f8a59a94-da53-441d-8c69-a5702f8dcd01,a4732ea7-62c8-42ff-8936-579653922a80,29,102,461,interieur,
a9f68900-5b14-4c9d-86f2-d92999c6cf4b,9dae35f9-d6ec-4bfc-9000-aec794792c71,07,25,102,interieur,
6a42885d-a1fb-40fa-8578-7fd4d0b5f694,7a7ca2c1-c172-4f04-83fe-5ee933f26f67,29,102,461,interieur,
80717f40-2317-44f3-885f-ed3eee2b22ad,c3da6e4f-7c61-4d47-b3b9-2705f4b6caa8,07,25,103,interieur,
211cce50-fc96-4123-a605-d92afea143a1,c58bb605-f211-40ea-9039-f0c06c2d020b,07,25,104,interieur,
3e3a5211-3c25-4bdb-ac66-80f419c7122f,853fa7a3-0388-47f9-a1cc-b4bb9214e220,29,102,461,interieur,
eeff330b-6980-4cc8-93c1-6728bf6e9718,d16af779-7c9a-481e-9a3c-63c4c52670ee,29,102,461,interieur,
e063e6b3-4203-4326-9650-ec4be3954087,ad441161-6452-447d-8185-79b163564ea8,29,102,461,interieur,
10171718-d6a4-448b-b18c-0640e1b0c55b,de2ee0e4-a1a9-497d-910d-136615a325d8,29,102,461,interieur,
f11c4946-949c-4657-852d-c73eef373124,62479e17-b4e7-40ed-a9a5-cb90800f1707,29,102,461,interieur,
8e6d4a8d-89db-4659-b1ef-d2510a6988e6,d311b3a9-e8ab-4e80-8eaf-ab6e3f040038,29,102,461,interieur,
e252c0d1-ea0a-426a-8661-c7466df720cb,8a0191d5-7425-4044-a9f3-726228a8bbc0,29,102,461,interieur,
e60c6866-dee5-4094-9d14-858e6363ff36,e8e38243-1e21-406c-a2ed-0bbdc78f7e35,29,102,461,interieur,
64d4b179-029d-4db0-be97-2c19bd68e7bb,fb1e6838-1479-422b-9d30-2269d0dfac63,29,102,461,interieur,
838ceef5-d054-4a85-a982-599498cc5e76,149fbc78-54a4-4136-a78a-0174df22a7c5,29,102,461,interieur,
615a1309-502e-4659-8d78-ddbdf13e41fe,4aa78537-04f0-43f9-bdd3-968a3fe673cd,29,102,461,interieur,
ac025bf6-7fcc-4196-a901-5c15c56840bd,ff2d56f2-924b-4317-a529-aacc46ac0b20,29,102,461,interieur,
b010fa4e-9ae4-4a69-b989-fdc0d5bca91a,28c8e3d7-3080-403c-b178-b01c318b00c1,29,102,461,interieur,
920b88cb-17c7-41ef-a21c-80e0702f2c1d,d2c8d202-85f1-4918-b90f-be4c1d0d3e56,29,102,461,interieur,
bce1ec83-4475-40e9-87d9-85b891054337,00295bed-8ff5-4138-862d-2f87e1596645,29,102,461,interieur,
f054c08c-d39a-472f-ba55-8e2d8cd696da,68dd58ba-5389-4d26-8879-22c3fa5f5a54,29,102,461,interieur,
86d7ada1-468b-4af9-b0fd-7ffab7078faa,47cce727-26f5-4cdb-b99c-bede81c8a44e,29,102,461,interieur,
698c6c32-8aa5-4b0c-8c7a-7feddc1d86c7,2f75ba45-9d07-4d68-ad6a-acce93a16df0,29,102,461,interieur,
2b8c0ba5-4026-4c8a-8292-da9f1ee371e8,da2649b5-6d0e-4663-aa7f-dea870280d53,14,49,218,interieur,2025-04-16
5a5d0430-85cc-433d-9293-f3ac12c76338,536d56ce-261b-4c2f-b932-2e17ca794f0e,14,49,219,interieur,2025-04-16
08892310-b99b-40e0-807f-65e970be2cec,968786da-e4e4-44a6-9583-b3d0b783dc08,18,61,283,interieur,2025-04-16
e32869ec-703b-420e-84c6-7051fd716f2b,6febea44-4a9f-4a3e-9d56-e082aefeb15b,18,61,287,interieur,2025-04-16
8dfbf175-5b03-4272-a084-09c3c8d27f22,45a267c0-c61b-45b2-82ed-1d3e9595ffb4,14,,213,interieur,2025-04-16
0011418b-a5c7-479f-8975-8acbcff84f67,b2785a3b-69ae-4ac7-8986-f5897b86ee61,14,48,212,interieur,2025-04-16
e0edb9f4-fe63-4f20-b361-50cafe65c480,4ad41982-9dc3-4137-b538-cd1cf94ab023,14,47,211,interieur,2025-04-16
d610b8ce-1e00-4eb1-92f9-9e9f7b0cc461,11a66c81-63dd-4c0b-987e-3f5c71d3cda3,14,48,216,interieur,2025-04-16
f89bdbe9-849e-447e-aac1-d736854987bf,85b70791-9055-41e8-ba11-d018d22201b6,14,47,206,interieur,
72861010-4a0b-4173-8fdc-9bef37814519,4e6afbc5-7bc9-43a5-bb06-78c5ebcbe967,14,49,217,interieur,2025-04-16
c7118445-a016-4ddf-a763-81b56f29dbe9,75671ab6-4712-48dd-a6fd-8efc1a65b6ce,18,61,286,interieur,2025-04-16
7052df33-d5db-4d51-bfe1-027d3969a613,1f56ab56-7727-4f5c-bf15-2ef78d2a5b2d,14,48,215,interieur,2025-04-16
8d3130f3-eb6d-404b-8319-9bf506482737,60b1b1d8-e93e-4e75-a8d3-55b61c11b7d4,14,49,221,interieur,2025-04-16
2ffbdc9c-bf0b-4060-b7f1-70daabcff4a7,1c10500d-bb4e-4b1c-b7e9-1d5d734fbace,14,47,207,interieur,
9672282e-2480-4399-9118-19f12b95f04c,68f7ed64-6cd4-4c1e-96cf-c0f571e605a5,12,40,176,interieur,
610bda3c-2506-42dd-83f3-b33311cb5915,0c943a41-0fcc-4876-91fd-e107ece608da,14,47,208,interieur,
ac2ff924-9aa2-4e2e-8e49-5758a6f0015d,d14ece6d-5c12-4065-a522-4043f24e22ec,14,47,209,interieur,2025-04-16
b58c11d0-5ac8-41a6-a4c2-5bd06778dd77,d05de377-c8c3-42f1-92b8-b485ebbd72e4,14,48,214,interieur,2025-04-16
61c250c9-366f-45a8-9b8e-28db08cce7e2,03ce5915-3754-4a8b-82ae-6b70304984ca,14,49,220,interieur,2025-04-16
fc5f4797-c8cc-44cd-8107-7103566de2c0,82ff2342-0abf-41a8-ba1f-108f40ce26fb,14,47,210,interieur,2025-04-16
801ecc08-3790-4f34-87a0-e658a0bad731,82e5ba80-deee-48fe-b956-b7c57c66e403,20,70,313,interieur,2025-04-16
e5b9332a-49e5-4c84-885b-b0bd5b620f27,7c0ad0f4-aa5c-4ec8-b06b-b7980a555588,20,70,315,interieur,2025-04-16
af84221f-1e7e-4c40-acea-c618092f98ae,c45a1d3b-4e13-4702-90fe-9d0a87b7d3a7,22,16,352,interieur,2025-04-16
815f3e2c-6419-4e40-8396-3399a3bf77c6,618964e7-d9af-4fa7-b42e-0550c4b58740,22,79,361,interieur,2025-04-16
709e4a5f-3a6f-4280-b89d-ef75bc2beaf5,ce0a957a-aa1a-4226-a17b-69249f99bdea,23,82,371,interieur,2025-04-16
c8d69b47-453d-424e-a26e-6c1a06afa79f,8192c5bb-1e10-4e6f-b708-1465de9e3564,24,85,381,interieur,2025-04-16
82cb4214-bf38-4f38-902a-33a8f80d35b7,14e2b8dc-ba51-4754-934a-99ea32bc51e2,25,89,395,interieur,2025-04-16
ed2ee35f-d2a1-4ebe-a0fd-d602176885bb,26f35716-cc3f-4ad5-979b-984ee48f441b,26,90,396,interieur,2025-04-16
6cd650f6-cad0-46cd-9eb3-36ca7b5d9f92,9430ee2b-270b-4db4-bf8e-08fac4154d60,22,76,350,interieur,2025-04-16
b7279c62-7600-4de3-82af-82742bdc0782,18d5b586-9a91-4b4a-8932-e8d7bd9b350c,18,63,296,interieur,2025-04-16
a37e003f-2a2a-498a-9287-1e01cfbdd25a,2509a287-6c65-46d6-bee8-73bb4d6bfbde,24,86,382,interieur,2025-04-16
4d7ab2d9-8fa6-4caa-a792-86ecfe59d1f9,4a57a9c6-97d7-44da-ba30-fe318bfea3b5,24,86,384,interieur,2025-04-16
05c039f9-b28e-4f67-9f16-744cc3495f67,4c715a55-6053-41c6-88db-004704b308a6,23,80,364,interieur,2025-04-16
b2f8472a-2825-4c8d-b44c-27ae0ba320fb,281d595b-b39c-4376-87dd-37c9b8a1dad0,18,61,288,interieur,2025-04-16
ccbe8b73-c9ff-404c-851a-7e2391524a4d,7b3499e2-9311-42c9-8a7e-d006f2e2c614,26,91,399,interieur,2025-04-16
8b20db8e-b6c4-41ef-b5e1-bb0db27dac88,d589918d-36d3-4769-aeba-dee8a4e20209,23,82,373,interieur,2025-04-16
0932c460-5eca-4b5c-b2b3-0f5201d6f574,2445d678-14de-42ed-8150-b4d4c9f727f1,26,91,400,interieur,2025-04-16
6af4405a-df75-490d-bb71-0608d113d71b,0689cef7-73bd-4650-8dd9-12512d07fa6b,26,90,397,interieur,2025-04-16
c7d0af61-6190-4d21-86b4-ec28a9159345,fe89f386-03bd-4785-8814-368f7cb20299,25,87,389,interieur,2025-04-16
04fa21ba-e24a-4f58-8b44-5cc2671dafeb,658345bc-7382-42c5-80f9-2723b0dc4de5,25,87,386,interieur,2025-04-16
b2a7d430-38a3-40e5-94a7-6c52b176dd2e,37dbd478-121d-429b-a1c6-31b6143ae419,26,90,398,interieur,2025-04-16
3af91c24-e225-4fca-907b-60e5857d3bc1,16a41bee-3255-4ec7-a8c1-05be442b47a6,22,78,358,interieur,2025-04-16
87c9ca16-4718-4175-9af0-f6462161bc26,ecc59680-188f-4d80-83e7-040b3f41bed8,18,62,292,interieur,2025-04-16
2470ad6b-397d-4205-8cf7-388d1e1f9a86,b50a652a-080f-4e80-bcb1-231ddcab61fa,18,62,293,interieur,2025-04-16
230d88c5-25e7-40d8-a290-807114a8f1b7,280112f6-ff10-4eae-82cd-fd24c82208c4,20,70,316,interieur,2025-04-16
86d0eb88-f2fc-46cc-a542-432e541d7587,a87458ec-18fe-4138-8abd-defe8072b1e7,24,85,379,interieur,2025-04-16
d17b9580-2d96-410c-8669-0ff81a1beb23,f622e1aa-1ee4-435a-8c47-f5b2c6d49dab,20,72,324,interieur,2025-04-16
2cb908ab-207b-4fa6-8f37-0b7779e78311,86d12c51-df6c-4d70-be28-c041bbc75d81,24,85,380,interieur,2025-04-16
5f10dea0-0b2a-4482-bb50-fe3d4052db9f,d17a5588-bc8a-483c-b023-f30af7d647c0,20,72,323,interieur,2025-04-16
1696f9cd-9ff8-4181-8f58-568e548b8768,bfb6a76b-d0a6-4443-a931-307710666df4,23,82,372,interieur,2025-04-16
0bdf9785-8137-43b4-8d60-afa94d12667d,7e24e703-ff02-4cff-a0e7-3f78e847bee1,25,89,394,interieur,2025-04-16
9f006e66-af95-4c40-bdd7-c83587e55363,43fa4e0c-bc1f-4ed1-8f0f-49b1ae718718,26,91,402,interieur,2025-04-16
c21e9a15-a126-4902-800e-8bf1fc649863,1d485cfb-b2ae-4ebd-a14c-016a8151af98,23,82,374,interieur,2025-04-16
b9cd02f7-2a37-41f5-9761-df530636dd5d,69642219-4cbe-48d3-bd92-f6f275d38d9d,28,,,interieur,2025-04-16
3f278809-2b64-4edf-ad08-c025c6f208da,fd7317d2-efa2-46e5-bb25-b84d7ccf539a,23,80,365,interieur,2025-04-16
d1e171d9-c79f-4cab-b28a-4b5715bc3ee1,bc677012-ba63-4693-818b-1ce3db6bf71a,24,86,385,interieur,2025-04-16
a0d50103-1f6f-4ce4-9784-ac4ceab3d67b,64c12c8a-44eb-48b4-98f6-79c2e3774eab,20,72,325,interieur,2025-04-16
b172bef9-69ca-452f-8221-0cb197e97640,5bf88fbb-0877-4a79-88df-a5b1d7113864,20,70,318,interieur,2025-04-16
ae11cbb0-aa4c-4220-ab34-533438e7a991,9c9c37ec-3d81-4daf-b93e-8995503bf0b7,23,81,370,interieur,2025-04-16
e65da14d-5fa6-4ad3-b058-71368277c516,a2fb58ed-7cab-4104-87af-15224ebf183b,22,78,359,interieur,2025-04-16
349cba7f-1732-404e-9505-88a7ab7b00db,c541947c-05a8-48fd-a529-d78773673210,23,81,367,interieur,2025-04-16
1838dc37-3eac-406c-8068-f1fbd1881480,8a16a45a-c3ef-434f-a0a5-88eb195537c2,24,83,376,interieur,2025-04-16
619e9206-a407-4655-a24e-239ee280e1fc,5b5ecdd2-c85f-4582-923c-488aafddae33,23,80,366,interieur,2025-04-16
7ef9e0ef-f626-4c1e-8488-0f632f2a5ea1,7b11ce5d-8b1b-48be-b4da-ca09ea73dac5,23,81,369,interieur,2025-04-16
35ed0270-ab0f-4342-a9b9-a115d24072da,d50cfa44-1cfe-4c80-8eb2-262b7b948886,24,86,383,interieur,2025-04-16
6c5dff06-9604-483b-adf9-178e8e3a5927,16fc1bb6-8e06-4837-a049-3959f5ed21ce,23,81,368,interieur,2025-04-16
b9ca1ae5-7082-41d4-939b-34630d0153ea,236bf3ce-e16a-4c03-80b6-58c3966dab91,18,63,295,interieur,2025-04-16
a062fac4-8996-4553-9b27-d972ef80610f,088eb227-5cb2-4f7a-b02e-e7b3a97003e9,20,72,326,interieur,2025-04-16
7da0814f-2fd2-4832-b36e-5970f21a8a8b,98ccdb80-1829-4a3e-a920-6d5ecfd4c2d7,20,70,317,interieur,2025-04-16
b7d584f8-8906-4f83-8443-52def149f52b,b9ae177d-7d18-4c01-9575-d3bc0ad1f2a1,22,79,362,interieur,2025-04-16
40bb3288-1499-4f72-8596-751685e3ba5b,d1f9fb5b-623e-405f-b864-d41fc3bef33e,25,88,392,interieur,2025-04-16
3f02958d-43c5-4c6b-9e30-50cf644f9aa2,303682d9-c718-495d-83e7-1fa23b053103,20,72,327,interieur,2025-04-16
f9d43962-b623-41c4-b60c-110f119b8c12,681d0652-29eb-471f-97af-2d04a1c70b9a,26,91,401,interieur,2025-04-16
14af42fb-deb3-4b77-9f61-3d5114c7b695,6be29db6-1565-4c6f-a556-7e52dc4308d7,20,72,328,interieur,2025-04-16
d31a78f5-9bf8-469c-8950-023297a8bf1e,b93df54a-0254-46c9-885d-69783d9341bb,18,62,290,interieur,2025-04-16
fa636f2a-dc34-4646-868a-032d1978fd43,7579b2e9-b6ea-453e-9dac-122e15ad35e6,22,77,355,interieur,2025-04-16
6f0033c8-c694-4cd6-9f27-c73e53c79767,0e4bbf25-cdcf-4289-bbef-c4b819988390,24,83,375,interieur,2025-04-16
8b4d6f8f-bc46-4d5b-80a1-b45246548b0c,7454949e-fcc2-442e-94a7-bc7f084457be,25,88,390,interieur,2025-04-16
5bc37617-d140-4685-92e6-85ada82d3a63,54957ebe-49c8-44b4-973a-b48c5e740cbe,22,76,348,interieur,2025-04-16
d50ba048-4acb-4cd2-970c-bfa1ea3f001b,c36a3b74-2082-4f79-af9d-9ad8c0f067a5,28,97,442,interieur,2025-04-16
8fa2ab0b-4689-4aa0-b01c-aa4f45f11991,5bf614e4-1add-4523-b4b1-484f9197e1aa,30,103,466,interieur,2025-04-16
a5641913-19cb-4c14-8c25-1919c2b54b84,1161c3a0-d455-4e8d-8b7d-e88e32653c10,30,105,480,interieur,2025-04-16
7a5915b6-5e85-4485-8e3d-5852107476f8,45eef8d0-1085-4071-8758-51aa34936186,30,105,484,interieur,2025-04-16
b1b27e3b-4236-45c5-98ae-7524cd745387,9a69b8e0-f8ad-4d79-ab7c-a613973cb85c,28,96,438,interieur,2025-04-16
81c5c311-8a10-4d1b-8003-34c1d35ca4ee,b3f499c9-59e3-439a-95a1-86d86bd2e1e1,29,102,461,interieur,2025-04-16
313ebb1c-46bb-46a1-afb7-56c28c092676,0b94292c-ba9a-4c3d-9c65-6ae5535f5881,30,103,465,interieur,2025-04-16
a2d5a12b-1f0a-4f48-afae-e32ea8c12abc,0f8621de-70ba-4596-9c4f-63141829c70c,29,101,456,interieur,2025-04-16
a0200602-e951-444f-a350-407ec0542478,0f7e51b9-3ad3-42b2-9130-5ec4116f46e4,30,105,479,interieur,2025-04-16
b6bf5981-ee51-45c1-92e2-02627a0f97ae,c9665ce6-4f1c-4662-8b3b-790b5dab289f,30,103,469,interieur,2025-04-16
4e52255c-3e9c-434f-8296-b178058f886b,f01e362d-49a3-4530-9d1d-821fb1f2064c,29,102,459,interieur,2025-04-16
8944202d-e56a-419f-865c-006d52108e45,ed7c0e72-dee4-4c6f-8463-6bbaf8697ace,26,92,417,interieur,2025-04-16
e4f27607-0c09-4ed8-95ec-6c41441df967,9e2b148c-fbcb-4307-9294-1feaa44d0ee1,30,105,478,interieur,2025-04-16
e7e7a582-5d58-4855-a497-ccbedd46673a,d3cfb0c1-6cc3-40c5-93b2-f47b7a60f72b,30,103,464,interieur,2025-04-16
1cda97f6-2fcb-478a-aaaa-7dd029f14195,222be4b9-3cd3-4db2-b31a-fc905b0581b2,28,96,437,interieur,2025-04-16
772c9892-610c-4e48-a9ac-95184815a22e,632a8746-0664-4c27-bf02-4bdb7834fb4a,29,101,457,interieur,2025-04-16
11973330-569e-43a9-bab2-ea52442e6c1a,c7d2d926-331b-475b-953a-43dbaa06d033,30,104,473,interieur,2025-04-16
b4840bca-cb17-4cb9-b1ce-eba80885948e,775d47e5-5597-4f3b-b006-5f8f851cb560,29,102,460,interieur,2025-04-16
a939acc0-8b11-4bb2-8d47-b7a41fc99514,7dbe33d7-8318-467c-a431-5622e683b63c,26,91,414,interieur,2025-04-16
7adc1301-e663-42fb-98bf-6742fbbe116b,364234a4-6ffe-46e5-af30-7210957cc61b,26,91,407,interieur,2025-04-16
02ff2256-2040-4107-94ca-72be3dd8d2be,b0b5ec56-c748-46e8-8e03-4850e1c501cd,30,105,477,interieur,2025-04-16
90a94d48-587a-4a94-b9fd-bc209a7e6f3e,5191b2f1-d40d-40ac-85de-adc352992352,29,102,458,interieur,2025-04-16
8ee9affb-f227-4179-b711-68f62712f466,25a76316-5743-4f9a-9a3c-0741105352c6,22,76,347,interieur,2025-04-16
918af510-979c-41ed-ae45-51a555c29d8c,044d3601-2241-4b3c-bca8-7171f949b27d,30,104,472,interieur,2025-04-16
ac510ecc-6cf6-43d2-8212-4f15634b4441,ae7259bf-7d97-4884-b2b6-662eba5980ea,26,91,403,interieur,2025-04-16
2bac2791-4f32-4d8c-8ed5-ccff1d9ddbeb,ece9a9c5-385f-426b-b3a1-a58764828864,26,91,413,interieur,2025-04-16
b6f1d67d-93c2-4798-9f0b-4b0ad95439b5,c6d806bc-7876-4371-8a0e-78e5d1201647,26,92,415,interieur,2025-04-16
88a9c9f2-6be7-43c9-9a38-f1b46c125cc9,aa068eb7-4bd3-49b0-9326-526f85a5be07,30,105,487,interieur,2025-04-16
0d330516-7780-48b0-8cfd-9755599d9dec,533462a0-f9a7-4f94-9b86-fadb116b6a39,26,91,404,interieur,2025-04-16
e5268c9c-98b0-46d4-8a9b-3b0ec088f2d3,2e427306-a1db-4fd5-94ea-abcd3746f840,28,97,444,interieur,2025-04-16
a866cb4d-7446-41dc-8cb2-a6b150874a6d,93deffe4-8827-4862-84a1-a2669d8ae27c,30,105,483,interieur,2025-04-16
87fb88b4-d15e-4c7f-b4d9-8e872787ff98,5c73c100-cc28-4183-ac6d-722598422ba5,30,104,470,interieur,2025-04-16
6b65ddf6-a500-4998-b14a-80882ad91c5b,4e3e2d8e-0d66-4dd6-84d9-fae72708ab7e,28,96,439,interieur,2025-04-16
a48361dc-d897-4e35-9b0c-fe81fa595890,63be0afc-6c38-479d-8621-3f70983c951d,30,105,482,interieur,2025-04-16
1ba37468-fa3d-47e6-9fbb-13708f768909,68e9e4e6-db83-4a36-a6ab-0e3098a15d8f,26,91,410,interieur,2025-04-16
2c39d46f-eb92-49a4-8681-4531f5e480ad,c8e11e29-cb1b-4328-8693-14e455baf534,28,99,449,interieur,2025-04-16
964f79fb-c4b6-4c4f-bb59-3f3bd25f225e,2bc8f48f-ce43-4559-9f34-c1f246da0a6d,26,91,405,interieur,2025-04-16
9de64064-182c-4c29-8ce2-3ce13c4cd508,79667394-ebef-45e1-ac16-84c4cd963616,26,91,409,interieur,2025-04-16
8207e2c2-bb07-4e89-a5d0-e65ecd2db26a,eb63f5dd-dc40-4ffc-ab68-734be700ea17,30,104,476,interieur,2025-04-16
8c11644a-3c1c-474d-9945-ec62356dfca5,d52728aa-a673-471d-a053-a3d1598fd345,30,105,481,interieur,2025-04-16
dd66e50a-f0b9-4d9e-a1ab-42311d5d4710,21534167-a440-40bf-aaf2-fc0ba80fea4c,26,91,408,interieur,2025-04-16
8178bbcd-4ff8-459f-b202-cdfdfac78a80,e68fd315-c5d1-4afb-accd-fa448a6dfe9e,29,101,454,interieur,2025-04-16
d544ecdb-1199-4814-9881-2e692f98241d,eb610987-1617-409e-a025-7faf32e6894c,30,103,467,interieur,2025-04-16
6fe4ec16-ee45-49f5-a74d-f354303d4abe,74971734-3fb3-419e-aadb-73bbd7736e56,26,92,418,interieur,2025-04-16
9307bc0f-a665-42e8-9584-5c64f0eb41fc,56c8aca6-57de-4141-bdb7-46c40f85e62d,30,105,485,interieur,2025-04-16
dabb05b4-7f03-4c5f-87f5-ced0bc5834d1,5b1eb4f8-c718-44a2-8b72-dba3b4b76e4f,30,103,463,interieur,2025-04-16
e3bd35dd-d457-4198-afc7-4631bb863a0b,01488351-5f81-4d37-bcfd-8ce53594f095,30,104,471,interieur,2025-04-16
b924f2fb-02d7-4d4d-ae72-4164f8d9fe66,56d31eec-0288-4d7d-a102-7a785ab96958,28,96,441,interieur,2025-04-16
f5b2de4f-f508-48b5-b436-6d78903d90ad,114df4f0-7682-40ab-ac25-2af6c3902fc3,30,106,488,interieur,2025-04-16
3f686d29-f932-4f55-9581-30c55fe2189d,4b92b566-2e45-4b47-9057-498f95db5960,30,106,489,interieur,2025-04-16
61449175-12b0-49dc-a188-4cc1e8463f11,9fdedf00-1747-444e-ad00-bd5ed105e3de,26,91,412,interieur,2025-04-16
b8ee5d09-33c7-4718-bfc7-52883f5fdec9,cf98468d-324f-4bd6-a1ee-0436e97d8d38,29,102,462,interieur,2025-04-16
416639c2-780e-4f01-8600-c3e38e17eecb,0a2d5c9f-418e-49aa-9cc1-5933deddd79a,30,103,468,interieur,2025-04-16
9bd87d06-548d-47a6-954a-a4cf5aa699cc,80e8ddae-aedc-4f29-bfce-8620d1a0e64e,30,104,474,interieur,2025-04-16
958506a3-eebb-46d3-af62-3a6b32d45bcd,5783f4d6-d28f-4c61-9560-1ca57476b953,28,96,435,interieur,2025-04-16
38877455-79f2-4695-8c9c-9331c0a45f9a,0379bb8d-a7f6-414e-bad5-803d90687776,29,101,455,interieur,2025-04-16
2139d692-e3f2-4632-8b46-14f00c1d95fb,91a05ba6-30c1-4220-9eb1-0919c3eabe70,26,91,406,interieur,2025-04-16
0b027797-5a22-43b8-9d26-676d56188f90,0b17133d-9357-4dcd-8792-07808e860f73,30,104,475,interieur,2025-04-16
43219a99-8d60-4fa9-8cb0-b3381bdbd5bb,a3bc00f6-6349-4503-824e-89dce93446bd,26,91,411,interieur,2025-04-16
e2560d0f-88d0-4016-bfc2-bc7deb76ea13,d5920aa6-b440-40e3-a124-2eba9812044d,30,107,494,interieur,2025-04-16
d9af6071-04db-4dac-964c-b628a55549e2,17126f0c-59cb-4b2c-b5de-61c9fedba209,29,102,461,interieur,
440ca541-18fb-49a6-8644-6fe339ca2659,c8b28d5a-b4ed-4f7a-a947-928336f24cf4,29,102,461,interieur,
71e9364c-a1b5-43a2-b742-513e103d8b76,3c8f6089-a964-4105-9cec-7da8b4dc9e5b,29,102,461,interieur,
9fd8e4a2-02f0-4c38-bc1c-8bd24a4a25eb,3c5b23de-4170-4d90-8a05-d6970667c34b,29,102,461,interieur,
b5ab3ff6-7fbd-48da-9cf7-4b3bfe0a5ea3,5a8e140f-8546-419b-89fc-dd562a243cd9,29,102,461,interieur,
06e270ea-1eb3-42bf-843b-6b9cb51c409e,1c99be87-3ea5-42c3-a085-0e559d7c8c77,29,102,461,interieur,
0c54b12c-7ee7-4854-a357-bd08262e5486,764032bb-c074-41ac-aec8-2874e515d2aa,29,102,461,interieur,
f5cbc8f8-7a9b-4a6b-b345-2254428d1644,655d41ae-bd63-43c0-8a23-4dd1e23aa6b5,29,102,461,interieur,
e974efdd-ea83-4e99-a585-f864d37c14d7,6a2ef5c1-deda-489d-85ca-6a6ad03da16e,29,102,461,interieur,
60a5b7bf-8680-4ec6-8a2e-516a39962e7b,317a5342-e0a4-4a59-a0e2-a9ae7374a4ff,29,102,461,interieur,
21b79b5d-91dc-42ce-b9e6-e27ce0a68452,f2c3b99d-60b2-4f68-a72e-aca5143a5689,29,102,461,interieur,
6c7d839b-e8cc-4851-92b4-9ff2090182b8,8f8e769b-044c-4a49-b92b-656cb375be74,29,102,461,interieur,
9b3131ef-93c3-40af-bb68-c21f15f98855,46f8e18b-b1ad-4774-ae8d-aa4379c8366f,29,102,461,interieur,
1289e889-1dfd-4b51-9423-ed594ae1aad8,4f0989b8-eba0-423b-a712-d7eb41308c09,29,102,461,interieur,
4838e1b8-2d18-4523-b0c6-f481089730ca,a635b628-892f-4a18-b501-3cc841f5c9d5,29,102,461,interieur,
d960e2c2-733d-4623-bf43-7888b63cfeee,f06e6fcd-ea0f-491d-8159-22ebec126181,29,102,461,interieur,
2eb3dc6b-5b34-4241-9683-90dfa1368fb7,d3d2c7c2-849b-4b03-a1fd-6a9f165f2481,29,102,461,interieur,
1e2be35d-d750-48df-adcd-b2bfba623c7d,1153d37b-8257-452c-939e-25cc0415821b,29,102,461,interieur,
2387a3d3-db12-4a19-9e73-9cb7ee77a5cb,f34ceed8-7f05-46cb-a243-768634e1bf62,29,102,461,interieur,
17ff0fa1-63f9-49d7-9241-385505d202da,4b8affbe-e91b-48e9-811b-a29aacb95742,,,,siege,2025-06-17
17fb5673-0d4b-47fa-ae5e-914cee0d4ae0,00201b02-98cf-49e9-bc91-11cfa507d3c0,01,,,interieur,2025-06-18
aa30a466-8e7c-4130-b287-292454eb1d22,c3b62ecc-3c5b-4865-bebb-79789bdeeb7e,22,76,347,interieur,
d6536e49-23ad-4f51-8ba2-8ef3245f2483,c014b419-e4f5-4630-942a-c22e046bdff8,22,76,347,interieur,
5affa4a4-06be-4f87-8970-68c7d98f951c,5a8d98e6-7197-400e-9c1c-6a8e30e0ffd3,22,76,347,interieur,
4ff16d4a-cabd-4b44-8eb5-0dbcb4db344c,dd227fdb-f984-4835-9eea-600388686960,22,76,347,interieur,
84c856ed-5dad-4415-bf9e-45361d79116b,7bd52ad8-7c71-4d39-bde0-cf3a4af472c0,22,76,347,interieur,
20c3bae0-e2e6-4016-83f9-28439a1b4dbb,1787eb38-07bd-4c0e-868c-b9aa468dd56b,22,76,347,interieur,
2fa0bfd1-cf80-4a36-8b34-c00e06025ea6,fe0b22ea-9968-41d0-a528-c7a39ff392a9,DA,,,interieur,2025-06-18
a50bf910-9f49-45fc-ab1b-efef849d8743,477afcf8-3352-48c4-93f9-d14012d8aa99,DA,,,interieur,2025-06-18
35c930c3-8d26-4724-adbd-5cfd55ca80ca,d7c52bb2-7d16-473f-8920-cef7297ce802,22,78,357,interieur,
169fcdac-2781-4c0c-a94b-317d3243755a,de35e575-63f3-4825-9771-635ee58ed3fb,22,76,347,interieur,
58d22421-83c9-4ea2-b55a-3e99bc168a02,32a7bf96-9409-40ce-8b82-9f3ce1f3ab87,18,61,283,interieur,
fcf083ea-77b1-43f1-a07d-9c8410e1003f,16781e07-86b8-45a8-825a-4ba990d96bdb,25,88,391,interieur,
8a500b60-5b76-4dd8-8006-2bdb5af56f1a,0ee69a69-0c5e-461b-93cb-1eaa9ccd7edf,28,98,447,interieur,
2ab706f3-50bd-4e24-9b62-3f99429a7626,f287d1af-0d4e-4f3f-a6d1-bd1a2c208904,22,76,347,interieur,
c6fdc185-2011-401f-80e7-5ee4f2102d4b,e956916d-1b9a-49e8-9a8f-47456745cdac,30,105,,interieur,
b9100997-e770-41f2-b990-f6f5b0c6cf4a,0aae79b9-716b-43e5-a3b8-a1f12236bc80,25,88,392,interieur,
e7bc7441-47f7-4a2e-8fc1-321363147614,8ef8a448-cfa4-45e1-838e-df6c568cb6ff,25,88,392,interieur,
2172f3bd-690f-4a3d-b1f9-d0e45e83785e,d1e528de-06c2-4025-8853-2a50d120869a,25,88,392,interieur,
a7c87984-a193-4537-9f90-b3dc9b442664,073bcfc8-8e03-41be-859d-1ca5cea2fb4b,25,88,392,interieur,
ad0be648-ac80-4825-bb1d-a504ab5841f6,1cc4caef-ac60-485f-8a8d-8cb3c1d656c5,25,88,392,interieur,
2125634a-420d-431c-8bd9-8710c9fec9b9,5a3dbafb-5f20-46c8-8bc0-361379d22d2b,25,88,392,interieur,
4883df04-d07a-4524-b5f3-470dd11f65f0,a869af08-be1b-4591-985b-07e86d5f7070,31,108,496,interieur,2025-04-16
c29b8727-7331-4efb-bf64-392f7f65e3d0,2408b342-5a09-4829-9527-5a213d4e0e64,31,109,505,interieur,2025-04-16
9568f749-1132-428e-b391-1c537b782585,15706d3c-feae-4956-8e95-fe9f5131898e,31,108,498,interieur,2025-04-16
5b49ed2a-4d53-4703-93b5-0a4e9b06bae7,c49cb265-9676-4cf3-9f8e-75866d74c9a4,31,108,497,interieur,2025-04-16
c74a0577-3788-427f-931e-232b96b92e37,a98ac6c0-9ebc-4116-a6e0-7d7a72845fab,30,107,492,interieur,2025-04-16
f30d3535-0cfe-4c06-bbb5-9c9daee39797,d35c455b-1e89-48e7-a985-ef74d2cd56c9,30,107,491,interieur,2025-04-16
78073ef4-6486-4146-8387-1fdcf24384dc,638148b9-0d0a-49a5-89e5-7a7dc89f14bf,30,107,493,interieur,2025-04-16
d7268a6d-81e3-4176-818f-9057fca71d47,060a2b8a-0247-4666-8f04-d21fa29c853d,31,109,503,interieur,2025-04-16
36ed522d-628e-4802-8427-a06fee10a286,f0024670-1d6f-45fc-9b4c-468b018e00a8,30,107,495,interieur,2025-04-16
7e615ebb-cd5a-478a-b9d8-ddda8754c8a4,790dcf95-e4eb-4e5c-a940-6827ffd00d5e,31,109,506,interieur,2025-04-16
0dcae187-53c3-4255-a40b-6c408ccd19b9,f5c0a589-debd-4667-8aa6-726e981a7789,31,109,501,interieur,2025-04-16
0c962957-23e4-4440-a329-18f716d0c3c9,0d153909-c27c-44b8-845a-1c24022afcd0,31,109,502,interieur,2025-04-16
6f814c2a-3f09-46b7-b70a-3eddb54f8879,c9af8004-4005-47de-a743-4ca8c0079dc5,30,107,490,interieur,2025-04-16
3618cb2d-766f-45e3-81d7-87e7c1591f0a,989f9ee7-6632-4e8f-9770-b3f16f10b616,31,109,504,interieur,2025-04-16
b7099ca3-578d-4478-8849-0fd4b0aafdca,acfb9395-d506-4991-8995-1ed2583c452c,31,109,507,interieur,2025-04-16
f73de27f-7511-48da-ba1b-f3aaef265cf3,435c4930-67b1-4f8b-b7e1-2d32493e178c,31,108,499,interieur,2025-04-16
d8cd3e74-d01f-4222-8f66-add215d6f1c5,6883c9f9-92ee-4491-814d-63fd1d3fd0b8,31,109,500,interieur,2025-04-16
f80bae05-baff-43cc-9445-7d448e23d993,36d4d2ef-1bb1-49e6-97d7-896b7ec94fe2,,,,siege,2025-06-18
b60da5f3-9ab1-4d5d-a76e-b5441838f43d,b6cefab5-0a1f-4547-b1b8-51ec226f8251,26,91,406,interieur,
35d9bae9-968e-48f8-a5f2-ad2d297b944a,8bd43e41-3c5d-420f-a7ed-68ab6cb89a1e,26,91,406,interieur,
129cf6b8-7328-40df-b095-e771428f3f6d,bcc79c75-d6df-4328-bbc5-79d5367d031b,26,91,406,interieur,
67b175c1-4ee5-458e-9b9d-988769cca4e1,32f1559d-5662-46f5-a190-e384231bbd02,24,85,,interieur,
e26c71ae-0a89-40ec-bf15-b322858760ae,8953571f-19b8-4800-9415-7b76947b8fe2,26,91,406,interieur,
53f381ee-bfe4-451e-be19-3fe6bc984144,9b6028d4-7d82-4ee1-a3ed-f9da3b66a413,26,91,406,interieur,
406e126e-ae36-427c-8de0-1d49a19df1e0,d7c80521-e728-4748-ac63-d135dc020c3a,26,91,406,interieur,
3d545c60-db3a-403d-a9dd-447c649d742f,15b3dd26-e1d2-4eeb-9268-30c90c872e5e,26,91,406,interieur,
f35b639b-8814-4441-ac3e-2c53051bcfa5,7852d2f0-c3ab-4087-baa2-c7a597e15644,24,83,,interieur,
13441723-3855-4f85-9c3f-5eab95df8299,4e3f7a0f-9a49-4f9b-9cfe-6805fd7a0ef2,26,91,406,interieur,
951cfa21-2d00-4e52-9141-0b6ce9436523,308787ab-9b13-4ece-9441-a16193eec8a1,26,91,406,interieur,
f146066d-a55e-401e-914e-36c168890e1b,10f705b3-9041-47cd-a3b6-28ca02f7bde6,26,91,406,interieur,
2e68025c-18ff-4bf9-b300-f99f5558a40a,55572fa6-0f9e-4b13-a462-598fe5d7bf73,26,91,406,interieur,
df19f8ec-e80c-4622-82ee-daa9d0ad87ae,b3b50787-d1d0-46ac-b4d1-1ff7bdeeab07,26,91,406,interieur,
19af8158-bfb0-478f-9f1c-43ef796b0e11,5b4f0783-22a4-4400-8971-cb7edfbe2d7a,24,86,,interieur,
39a5fd8e-13e5-4108-bfc6-bb27006194a8,1fd44f1e-d9e5-4ce8-84c0-b58294eaac77,26,91,406,interieur,
a7cb68b4-ce6d-4052-ae63-f64cc0f2c41f,5a581827-d7cf-43dd-b9f3-0db594d6107b,26,91,406,interieur,
7784315e-97f7-44ba-a6c3-6f2a0f0da6fb,7f241a79-d472-48ca-86b1-de46e8165b23,24,83,,interieur,
8a842ed6-722a-4a79-b9ef-9330b12cfced,003f6306-034f-4eaa-ac63-3e1f20825a5c,26,91,406,interieur,
74d991b4-73e8-4eb3-baae-352538c6c300,d0bae02c-24fd-48cb-9f9a-259d66cb5a96,26,91,406,interieur,
dcdd3fe8-0f5d-4295-8afc-412fa0e0766e,60f82e59-3206-479a-9882-10c5a88c5a14,26,91,406,interieur,
41bbbb3f-b93b-4339-b5c5-1ceb4f582f08,ad22a5da-f637-4efc-a544-6754bf47d66a,26,91,406,interieur,
da31ddb2-857b-4155-8e71-29948d056899,7aeebfd2-b5dd-4b97-a15a-1abe3dabb4d4,26,91,406,interieur,
d27b9596-49c2-49b2-b290-9226a80603e5,a4c7fc4a-a1f7-475a-807e-47c9c57c7279,26,91,406,interieur,
eb7e9ecb-dc1b-4075-9165-5041449b69d8,221d45c4-1583-4b57-a608-224216b8f784,26,91,406,interieur,
9e04bf12-d56a-48b4-9276-0eb98ccc58c1,fc5d3cb2-3319-4ee3-93ff-8c3079046cd9,26,91,406,interieur,
e961ec20-2cc8-44e9-a40e-3ad78703c394,34428cbb-94ce-419c-af36-9a2f089a90e6,26,91,406,interieur,
b0680f71-3b0f-43b8-b32f-744d88ab0b2b,db31b298-db88-4050-8943-a71780188c0b,24,85,,interieur,
b074c8d6-bb99-4833-bcc9-53e6e05fdfa9,0cc2ba64-a805-4a6c-ab7c-6fb843a74b6d,26,91,406,interieur,
0b670f76-0a4c-4600-b89a-ca173771bfe5,20284a8f-03af-4d50-bffd-102d68407f08,26,91,406,interieur,
ac64bfaa-0a0a-4a8e-bcef-b7a2703001dd,2405f581-a811-4be9-a889-c481ceec9d84,26,91,406,interieur,
7885d243-221b-4722-8f12-e395cd61302e,dba2f388-efb0-402e-a9eb-f60f4c199e12,26,91,406,interieur,
d8ad76ea-0b9d-40e9-b049-3bb3f6ce18d2,a85f1855-0f2f-4f1d-b045-5388014790e2,24,83,,interieur,
87d75884-7e06-414e-8fee-979587eca6bb,88312533-cdb2-407d-b0a0-5699b1a1851c,26,91,406,interieur,
9f8e12e8-976b-4752-8318-b0f628495c91,903f4668-ee22-4607-886d-48b2c38cf213,26,91,406,interieur,
e913b2bd-843a-41ba-95b5-0efc9afb3789,2f2a4eda-9dad-41c7-a5ff-06ba13e16767,26,91,406,interieur,
76034319-08fe-4f16-adfb-ae2e716df130,b54a9383-d23b-4403-973a-207dbd277bc9,26,91,406,interieur,
9febf8ee-6e4f-4a22-bd2b-ccfe6150e673,de6264bd-281c-4907-a09d-65fd5f222168,26,91,406,interieur,
f00bc57d-813b-4532-a34d-dbbf3627b69a,719b9b19-fe90-40e6-9e02-46256b40646f,26,91,406,interieur,
8bea7a8d-4288-44b7-aa12-b8f2a5ada1b6,7793f5d9-c167-43cd-ad34-4f3c025be67f,26,91,406,interieur,
bbdeda1c-c619-4be2-924f-4414d07a7954,78267c66-de92-44d6-96bf-f12aa8f00a77,26,91,406,interieur,
d25fd51a-7e0a-4b63-be61-1fecdd68ddff,8eaaa708-7f06-40a2-90ea-8fb74ea4ae6c,26,91,406,interieur,
d412553c-8bfc-45b1-8903-14c8ac248897,5ed478c7-d195-473c-bc32-76b279289fb3,26,91,406,interieur,
69963659-0110-41d7-aa15-65f8c9932af4,a2532d3f-72a3-48bd-8abc-e25f6f3f7dd0,26,91,406,interieur,
4500779c-7514-4ddf-80a9-e87f191fbb7b,42313d9b-1afa-447d-8964-86583a25910b,24,85,,interieur,
fdcf3d99-0091-453b-b9a8-a005b62f349c,ec02d2ba-bdc8-459e-9f4f-2f16067b4f13,26,91,406,interieur,
8f76e2cf-b36d-40e3-92b2-412a892b3609,247f549f-6066-4d42-9b88-dd01bbee2225,26,91,406,interieur,
b424b1e0-dd8e-4216-9b0e-7241c9a8a210,f47ded98-a087-4078-a442-739976c6fc6b,26,91,406,interieur,
f10cde91-e706-480f-a198-988f03773b2f,c0ebc8ed-1d7c-4c81-8159-b2ecb11b58f9,26,91,406,interieur,
50d19c69-d45c-453a-9048-09e5bfedc9c6,14f5115c-ba98-449a-a2b2-172cf066534e,26,91,406,interieur,
851c25d7-d4e4-4b9d-9ac9-2cac97412935,1bb3f0ab-beda-4b9c-b84f-270b16d6fc7d,24,83,,interieur,
09d34eaf-3a12-4146-a4ab-5b41f7748ce1,71a93796-8341-4e47-8481-07384c1c11d0,24,85,,interieur,
0fff80b6-4612-4d3e-877e-4b56e290c15a,3245ed76-5c80-48d2-9d29-5a6e3ee17dd2,26,91,406,interieur,
ca01eb38-f8c5-401f-843a-2a0200789cad,7c11809f-cddd-4954-86f3-29a32c5bfa81,26,91,406,interieur,
00b4b77e-83ae-41fb-a739-570a7f825dc4,5761250e-b282-435d-a16e-24fc1a3c1a76,26,91,406,interieur,
720daea2-a4b8-42c6-a7f9-fa1fa90b2443,04341c4f-d55e-46a7-9b48-7f3ddb7885cb,26,91,406,interieur,
9572f8da-c8f0-41e6-ab36-cc52e35c71db,799c0095-848c-4b98-a1be-cc2b16924f61,26,91,406,interieur,
9b2d43ec-8473-4de8-bd80-e730dbe3a31b,032feaec-d932-4d65-bfdb-544ea452328e,26,91,406,interieur,
ed27efc8-dc06-4ad7-8815-091885b53932,ce1948de-58b5-4eca-a207-93115f2d95ee,26,91,406,interieur,
f3ddb1fc-768f-4070-919b-8233a668f8fc,bc66a705-98f0-4a42-bb96-2c6d7757287a,26,91,406,interieur,
77bbc4d7-c840-4bb2-af22-3fd3142b9d55,106c6844-45d2-4000-a191-f0c2959c1f56,26,91,406,interieur,
1f20b0c9-c080-46e4-8c0e-beeb46563adc,9b3f62cc-41b6-438a-a460-441a977cfb11,26,91,406,interieur,
aec71f25-3857-45d2-b454-6464ab4b2f18,5183be51-0fad-4014-8874-e8fac90b9c94,26,91,406,interieur,
20e1bd35-c75f-4946-9136-0d688dc8b513,404f47d4-03c0-4dcc-8a07-e72ede17f360,26,91,406,interieur,
11830d68-1334-41c5-9956-3081a1601d21,22f76a8a-73c3-4d8a-bbf3-8b3c535b53ab,29,102,461,interieur,
7cf8a471-0651-411f-9977-dac78a2d9665,468be528-2c4f-4b81-b8f0-1c5bd822e101,29,102,461,interieur,
e8c825a5-44bc-4ed5-8dd4-86f5ededcaaf,d5f0c761-0ae3-4b62-b04e-42c4eabfd7f1,29,102,461,interieur,
673ec850-c308-4812-8320-4218c5fb036b,0b878bf6-6834-40c3-82ac-024afd96a189,01,4,19,interieur,
4732f8a6-f59a-4214-94be-7161e595c100,06e59b38-e37f-4b72-82a3-542db4d802c0,01,1,9,interieur,
4b57e845-4fce-4fd7-8009-8ce71f8eedc9,2dc9654d-381b-49d2-b28f-86ae1411bb66,23,80,364,interieur,
31504898-a2c5-4791-9efd-074c5352ff61,e6346e91-5710-420a-89f8-c57b69ce5a14,23,82,373,interieur,
b6ff6b2b-4862-486a-b60e-1cd1dff701b1,9efe8f50-85dd-4081-8290-254f4cb45279,23,81,369,interieur,
0b6d6df7-25d6-4cec-bb45-c9bd958b299c,8b3c1422-11c5-483e-8f8b-f1a50fce4e70,01,4,19,interieur,
aca8b065-b39d-4c12-b105-4550576c3e49,1441818c-4914-4216-acc9-816710028fc9,01,1,7,interieur,
78f0ed43-0010-4f15-addd-4061819bc832,26d62286-839b-43ef-9926-a8f22a2745ea,24,86,,interieur,
db164af2-d11c-4b4c-b4c7-746fe1545999,699c6d25-81a0-4a73-99d6-8a0830e6d0b2,24,86,,interieur,
210f5cdd-3540-444f-9bba-992dfd1ae724,04603228-734e-4df0-a2e0-07aff0c70a74,24,83,,interieur,
1c0f49d0-88f4-47e1-a90c-fa197297e9e7,c65dd1d9-d51a-4e83-84d0-399e1b2d993e,24,86,385,interieur,
a82543e4-4623-4106-9607-c7077f40e17c,cce62fc5-7183-4a77-8c2f-28241bb60613,29,102,461,interieur,
04b438dc-9a2c-4ae1-af49-a50aaff4630f,46339298-7049-4bb8-8d2c-fcdce6957057,29,102,461,interieur,
415c2ba2-7c3c-44db-bff1-3e58eb5a53b0,a3b32a55-fcdf-440b-9578-9acc937e2b14,02,7,,interieur,
6ad24407-2981-4b6e-a1e9-ff5b86f90bda,bd025cb8-3779-44e8-b86b-02dbe32f5d06,07,23,,interieur,
8c5fa6ec-f4b7-4185-b0b9-bc4ab0e8690b,13d4d6f8-62f7-498d-a33a-b71d2b87d46a,12,40,,interieur,
d5e6c048-4d9f-424d-9714-f6f558f4f4c1,52f677cb-8b84-408c-b32a-6415db4e0f91,02,5,,interieur,
73bcfe00-b76d-48fb-a207-c4826970254a,8703d5ca-fb3c-40a2-a9e6-0b40abc469f1,02,6,,interieur,
88107ef0-0593-4774-88e9-68ed42767ac3,89cb27ca-e12b-40b0-a546-df3154836b46,01,1,,interieur,
574378e7-0244-4871-9379-dadbcd5635e9,3d0474c0-6a2f-4797-8a17-4fe339db9ea1,01,2,,interieur,
1ed573be-f3ba-4966-a52d-b0213f73fb8c,56b7060a-5fc7-462d-b727-bf3b22eab6e2,07,25,,interieur,
0237be47-aeae-46a7-b1f6-fe48a1482075,3c968e6a-11a1-4e1e-845e-0646d27268e6,28,96,434,interieur,
b5da858d-97a9-43ca-9c07-63183836b8cb,8be81d77-17f6-4f9b-867b-7c0d9ec858a7,29,102,461,interieur,
f4608b62-72d4-44fe-9eb3-0aaebe6c223d,471af5c5-18f6-4962-afc3-caacee59950e,29,102,461,interieur,
1709fd07-7fa9-4ece-b3af-b4b41d1db12b,20a4974b-8aa1-465a-a862-434b856d13a5,29,102,461,interieur,
32b91ff0-887a-41e0-87a6-b6ab384af53c,1f70c85e-10e7-4f30-86e8-3e4e8cb024ef,29,102,461,interieur,
a9b9e2eb-2078-4938-803c-4d06ce7b9a26,dca3676b-390d-459e-b8d0-4a470f5a4fbb,29,102,461,interieur,
766c6a4a-d8f5-498c-a3a3-2e228868d628,e4d33eae-ce4c-470d-99a7-7321e490ff4b,29,102,461,interieur,
ff9ce1b8-2290-4739-8bac-b3d766132aa6,8dded61a-4e57-402c-9b55-73000f89df51,26,91,406,interieur,
7577a4c1-e581-402f-ae3f-b514708d365c,0875749e-24b8-4f6a-9f90-7b85f3abb8d5,24,,,interieur,
8626bf62-8230-4e13-beb2-8f265e15228b,72b01c2d-4045-47a2-8a90-bad523ad8b7d,24,86,,interieur,
fb108a15-5c77-49d3-b619-9d07c3a91e13,017bf06a-7d9b-4e36-9e96-27cf0addee41,24,86,,interieur,
1a65c2a9-499e-4c12-a9af-0bf05e8b3383,8884f0b1-94fb-4e66-bd8d-4bfaf23db387,24,83,,interieur,
bc92a9e9-0ee0-465a-8e94-786599aaaf61,43729d69-5319-4273-8bf5-06699e09a44e,24,85,,interieur,
59142e3f-e537-40a5-a99e-f1f9c78e45db,19029350-a17a-4ac1-9183-5387f9a739b3,24,86,,interieur,
91e9d378-b0b7-4979-8a9d-cb528c3f796d,a7ef4cc3-4377-4b8a-a25a-1523d72ca0c2,24,86,,interieur,
c000b980-7311-4aa2-9dd4-94bff5e4af48,c3407ff6-7c48-42a4-8044-12bbb9cf3027,24,86,,interieur,
c87585f7-c5ff-437c-afe8-90490ad06c0d,61802015-e343-4269-8687-64bbb47cdbc9,30,105,481,interieur,
ab20fcfa-fdf5-498b-b919-38ee3a503e86,e988e1f9-6edb-4436-8de4-cfe0a378528f,24,86,,interieur,
460fde04-8c88-4dea-9fbb-cf36af8efe9b,dc836d99-10d0-4c0a-b9cd-ec2499d89d9a,24,86,385,interieur,
d2cc40f3-9fbc-4c9e-bac3-3c441bbc7a5e,9dfab328-c25a-4294-b577-1fb81790f2b1,31,109,502,interieur,
01e93798-9278-40a3-a85b-f190f10e2113,d223ee03-daf8-4ad4-8847-bc6f94bf870d,31,108,496,interieur,
209aef6b-ab15-4b9f-b579-8fd996733013,20ccfdd5-2d71-4ca7-9f37-c3a7482df550,31,108,497,interieur,
01d79ef1-6499-4c4d-8862-6176d5792344,bc9ea231-fe3c-48de-941a-33aa0460dd79,31,109,505,interieur,
02b2c2a9-fe46-4820-be73-fb066394590a,c4c3fb01-07c1-4ba6-a83e-1fe001bade69,31,108,498,interieur,
7e088c9a-e17a-4046-b6d2-f9b7872ca7a1,d66d5bf2-91ad-4af5-bee1-91cd9062b98c,31,109,500,interieur,
7a075efc-8372-4fbd-8157-cecaedfc885f,82c0a9b5-a2d7-483f-922d-8599289e4e63,26,91,406,interieur,
adbad713-a146-45ef-bbc1-5b145dc09a6e,87079d34-b226-4187-80a7-60e0716c62f8,26,91,406,interieur,
ae7fe7bd-9b76-40cd-b3db-422a849b6a37,9f9e33bf-4f60-4894-acb7-f907c33df9cd,26,91,406,interieur,
0472a1de-e03a-4446-a133-667a5d9a25e2,82a7260a-c35a-4364-8226-22e92a0733f9,26,91,406,interieur,
b5851919-b84c-4885-9948-94d607a57631,8472ef70-072e-4e1c-8367-8e6128280a8f,26,91,406,interieur,
8811b2ac-a439-4c1c-8716-93905974bd1f,6d51fafd-2e02-45b6-96a5-c002e5d083f4,26,91,406,interieur,
48f209b9-9857-446d-b398-f1c9a9618620,3ce97f98-bdc1-46a1-beb1-8dc91da20f10,26,91,406,interieur,
560fe065-ecac-4828-a97d-dcc370853c54,d99f7afb-e86b-4a55-b8a5-52926d75d3df,26,91,406,interieur,
12612c15-482b-4d61-bcdf-f02a3f5d735e,20ca635a-a94b-45f5-9fb2-a88ef07d1422,26,91,406,interieur,
c263554c-5bc4-49f2-8c5a-2240cf056dc1,a3c4bfc0-032c-429d-8bbf-35d7aee7d4ef,26,91,406,interieur,
172c8634-8a6b-45d6-ae4c-6c6cd9f2d82e,abb50a59-4d9d-484f-b358-36254800c95d,26,91,406,interieur,
52c096d9-6957-42a4-91c6-e21884995158,fef6a964-201f-4210-a484-aad48b44e13f,26,91,406,interieur,
e34f28a6-1432-4f1f-8184-cd810dbcaa29,4cd64097-7988-4899-a6e7-516e5c3d2430,26,91,406,interieur,
84822346-ea8d-41de-bfdf-9f5a82a3a18c,25a236e2-1d29-4105-9fd4-1c299475aab9,26,91,406,interieur,
fc3df4b5-2778-47f8-a124-0b41512d6c3a,04b4ab40-ccd9-4be4-9dcc-bea8727497bf,26,91,406,interieur,
ea20462f-44a7-4e55-93f6-73107e8b6f9d,a0a41075-efbd-4b72-a467-d6dbe81bd157,26,91,406,interieur,
1faf414f-dafa-44c5-bc23-17447d141d44,0c94520b-575f-4b64-9efc-8d4fd1202c75,26,91,406,interieur,
64e03171-8186-46ca-80f3-a1487c985208,31037e49-63d6-4c3a-8c2b-502e1a84601c,26,91,406,interieur,
8c48ea2a-f9f9-4599-880b-5599836c7e33,c2e17410-aa25-41ac-afe4-2f360d1d3f5f,26,91,406,interieur,
4babfdcd-b901-42eb-9bcd-fe93b70dd3e3,add1df6b-3003-44d8-a77b-93ec3aa3f50c,26,91,406,interieur,
5dc4c567-78ef-45fc-bc5f-f6952ed4ec34,15a34db6-17f1-43a0-9630-71ae1e8822d6,26,91,406,interieur,
3210c06c-deef-43d0-9cb5-433f88a37e2d,5981c150-8552-486d-9e84-f20f8d0fd83c,26,91,406,interieur,
42d47865-cf11-4289-a293-16648c8f4ffe,f2a0b3e5-b734-4fc8-93b7-4e5315578ae4,26,91,406,interieur,
8e806169-a9eb-44b0-9374-8ef97bcc81c0,a090fc18-1d3a-42c1-b20c-d91a0f35cb30,26,91,406,interieur,
2ac293ce-f6ea-4cb2-99de-bf138badf8c7,156a1638-6bc2-4107-bfcc-c07afe884f56,02,7,34,interieur,
f8eb1192-c631-412e-91b5-3763b5a10ab0,dd639334-b43a-4a2a-859d-eb81bf8c66ed,12,39,166,interieur,
5a352c66-2dd2-4858-8789-6514486d36dc,63ffff8b-d5ed-4257-ba72-8bb251cb79e0,12,39,166,interieur,
a4718ee9-a8b7-4a27-8096-e54d59c765c7,3c18d4ca-e52e-4eda-85f2-5196c0e65cac,01,4,,interieur,
98a411d3-0b18-445b-84c2-2c744f3377c1,8d6184f2-9387-4e22-a8bc-93dbe74e99e0,12,39,166,interieur,
3472f1ae-3409-4657-8038-3b0374a9e453,597745a1-0b6f-4f7c-8c1d-a2991b2dc7bd,12,39,166,interieur,
060be4f8-b8f4-4d5f-a809-9ae0542f76c5,524071a8-18ee-43c5-889f-beb168c04c51,02,7,34,interieur,
c99f9f9a-89b0-4d9d-9ac4-331d53f6dcda,7fe2888f-3821-4808-be63-1c7407ba6e41,02,7,,interieur,
528aeaa4-f29c-492d-bf67-a8215db72220,bdf060b6-1747-468c-8168-fc29618677ac,02,7,,interieur,
f4b3e6f4-8d28-4bd7-9b66-98e4f3da188d,fd32fe25-88be-42c3-ad94-7909c7a8c336,12,39,,interieur,
deebf4fe-25d3-4f12-9dfd-8b949c4edaf4,41bc55f2-b3ff-4fa3-b69b-8d5d7193cb89,02,7,,interieur,
3279f828-f62f-406e-9af3-69492dc97f08,3665af16-5fea-46b8-8124-0b8bea3759e8,12,39,,interieur,
2c4919ac-902d-4039-bc57-539ccd67397b,b7c714fe-ced5-4865-9e86-9ef5a5860e06,02,7,,interieur,
d1e58bda-c5b7-4379-b7b0-71d2b3c121a3,378491c4-06e3-4dbb-a007-492e51a73a3b,02,7,,interieur,
a3a9faf5-652a-457f-86a0-7dd2a3b56a6d,199a7cdd-4cf9-4ef2-b50c-628a334adf46,12,39,,interieur,
0d55a6ac-7963-4e30-81f3-f5452cd74ca2,8904f8ec-90ce-49e7-96b9-e8a98efb1e18,12,39,,interieur,
4d66e3e7-142e-4f13-a5b8-72887693aaf7,08b0a9aa-cea4-4a00-9183-e224aa56e737,30,106,,interieur,
b20800c5-8662-451f-8a9c-6e25f15e8395,d52e8a89-ad11-4c70-9065-f23751710e4f,24,86,,interieur,
ff64d07f-dbcf-4057-87a0-f2ce0776f7d9,fc017238-94e9-49ba-a6a5-9613ba6c1980,24,86,,interieur,
3810ff72-6463-4106-ba32-21f8d83f3d2b,64e67f71-0c52-4714-9f2c-69701f92b587,24,85,,interieur,
11a70459-abc7-45fd-86ed-7f966cc3e0b1,bf632ce0-6450-4da6-af4d-aaa51355695d,02,7,34,interieur,
6c73ac4d-bb07-4828-a982-6ffae6b59866,f78c7f05-1939-4fb2-bca6-a5f25d7a9285,12,39,166,interieur,
f0a2ae9b-aa07-4c3e-bd4f-d978f7f98b64,da02e0e3-fe8a-4287-a3cd-97b96517608f,02,7,,interieur,
7ef2bb04-9941-49c0-8cec-02777e1d179c,3bc88fc8-aa4e-4a39-9df8-45e85210a8f9,02,7,,interieur,
be9b779e-d056-4fad-9f48-17d0b1ebd521,64249e62-56ac-4956-8032-3706fbfe2cf7,12,39,,interieur,
93501bd3-20e0-409a-94f9-e9922b189ed1,0c78459c-0f3f-43b2-9e4e-7b7f4e631957,02,7,,interieur,
a78b049a-184f-4da3-a504-b5bc421d33e9,693908ae-c158-4690-bfba-87a79e972eeb,12,39,,interieur,
dc299b6b-3644-4b3f-b70a-c7b6b61a21a5,1afe7088-1aeb-40dd-afc7-a707a03ae669,12,39,,interieur,
9dc32b21-2162-4906-94be-36b80b01130b,9a97165b-d396-4790-a220-0754ad9acc2a,30,106,,interieur,
6842d22f-00cc-4c3d-8c38-3b4be6415839,6885db1b-59ec-40b6-839d-5c879b37eac0,30,105,,interieur,
4ce0674d-96c8-4ed7-bd5f-cf1d032154db,6e11198f-9edc-407b-902f-389fb0df5a49,30,103,466,interieur,
8996b780-9777-4ab8-bcc2-a34516d1edd1,5be4eb77-e127-45a9-88c2-f20f801e1d9c,12,39,,interieur,
71df5489-5e2b-4dde-b9fd-0fd3e78c2518,797b57f7-c186-46a9-8050-a25d4d072069,02,7,,interieur,
51571e81-17fb-4321-a0d2-eb1d9ae95934,a6fc5f01-9a38-41da-8b08-6dc99e0da7b2,12,39,,interieur,
b538f0c6-8abb-481c-a008-6fb5b3a3b3ed,a5c12612-4670-4a77-89c6-5b8c7db42a2f,30,103,466,interieur,
0a14cef6-0845-4744-8c76-b293502804e5,c128b803-b116-451e-9ef4-f83f3d268893,30,103,466,interieur,
f2ac8a09-ce51-4c51-812b-311e53ca0012,13789628-1649-4778-bc8b-ad73759730a1,02,7,,interieur,
489aecc0-dfd7-40e9-ada5-5438e760db6d,92a508da-4682-4a9b-8e6b-83fd0460b937,30,103,466,interieur,
7e72aa23-9f05-4157-ad2f-1aa1f5c551e8,8856cc77-9a03-4f9b-bcef-92ac03a7cbf3,30,103,466,interieur,
af0abf81-fd3c-4b2d-9ad4-c46b8645776c,c2d5553a-23bb-437e-8990-c49d67dc6332,30,103,466,interieur,
af618e48-3e49-400f-9308-05bbc63adead,1f897e9e-ce75-44c1-8381-cea4097b9d28,30,103,466,interieur,
0b27be06-b198-49f6-aea4-bb7c43b18f7c,bc88253c-3424-4ffb-90ea-1232700ec1be,12,39,,interieur,
a8978077-9b3c-4020-b78b-16d9b8f0a53d,731af433-5c7c-4007-99c0-550380b03c77,30,103,468,interieur,
2883c8b6-a53d-4794-8aed-50a2a1005aa6,37dfc94b-28f3-4df3-a56c-b1a52b05b0ca,30,107,,interieur,
f0d0a338-eee2-47d0-bedf-3bea2853dd57,bbfcbf61-449b-49bc-956b-01d78c5e3d83,24,83,,interieur,
1bf6202f-f8ce-4063-a770-6d24b0d4946d,f2b881c4-80af-49d3-ba44-783a05a0b782,30,103,,interieur,
c25069b3-437d-485b-954d-82acea73d683,a3aa441e-4007-4af5-b4e9-7390158f17f0,12,39,,interieur,
b8fdf98f-028e-48b2-a543-b543b6aa0479,1ced436f-a399-437d-bb07-543071709ad7,02,7,,interieur,
b18fddc0-4f78-42e8-b7b2-6e3b5e034e13,3fae7fdd-36a8-4357-a11d-489b26db044d,30,103,466,interieur,
f15264c4-ccbc-4e04-b763-f57a21a09388,45878333-1bb7-4ccb-afb0-83df9bc9e7b5,12,39,,interieur,
0cdad988-17c4-4765-b56d-7760dfb72765,ac280a38-2900-4262-8fd6-b7ca5e326ccf,12,39,,interieur,
63a84d26-181f-4887-9240-45fa854b8a8d,f995e012-983a-44db-a859-57d9f4063487,12,39,,interieur,
f4cfc829-e736-447e-80fa-38eaa754d8a9,c6798079-6fe3-42b0-a475-9be14df3ae60,30,105,,interieur,
852ed9af-fc03-4b38-a8ea-567cab490118,728f7918-093f-48b0-a71a-a202ec7ea03a,30,104,,interieur,
5afa2582-13e9-468c-82bf-1234389d1d2a,c79c2af8-39ab-4867-9cfd-afcc0a4450f9,30,106,,interieur,
32c5e954-6267-41f1-b8db-f97f7d74d0a0,c5a4b91f-e1e8-4159-a590-35dfe0995374,30,105,,interieur,
f5c0f1a7-f9f4-492f-9c21-c547f12a74b3,6e693657-d07c-4fa7-8584-3eecbb771608,30,107,,interieur,
8d14b611-05aa-4fec-95a5-360e2591aa4d,5a054c0f-90d0-4073-ad79-f6cd76708dfe,01,1,,interieur,
cd363ea5-2bdc-42ac-8405-8bb5853df4c5,83d79487-e4a6-4ae9-af6a-5e71ba38ead7,17,61,288,interieur,
d9694352-2e5a-4bac-b17f-a904dbecae62,04e7ea7a-4466-4167-ad16-f627926c4d62,07,23,,interieur,
faea8d39-73b4-4d59-a73f-9b024e792854,bc589e7c-e27d-43a1-990d-5b710dc14a3a,02,7,7,interieur,
c85e501a-9d9c-4cd6-8e7f-d5d4fc9d1b2e,03885745-d803-4090-8225-a218ccfe1204,02,7,7,interieur,
f645e771-33c3-48ef-9b2b-03dfaa44cf52,e3d9d447-9bb4-4ad7-843d-cba63658eaaf,12,41,182,interieur,
c8d661fb-9810-499f-aadc-1d56807d844a,de262676-c41d-49d8-86ff-7ad886384a13,26,92,416,interieur,
a710a3be-9f71-4ac6-8297-72a5960515e3,822d3d6c-f932-476c-9400-e33506804b1b,12,40,181,interieur,
4205c115-ed2a-46f2-aa35-62b4938e4203,a43016a1-92bb-4227-9500-e4f9ce877507,12,41,183,interieur,
a9be756f-8a41-49d9-9841-7840727dfda0,fc140e2e-3e87-4b7b-8136-e22c81072e0d,12,40,179,interieur,
ea62cbed-a893-42df-a6ad-1594c20501da,347a05d6-8c18-4fce-a573-48cd394b3d6a,12,40,180,interieur,
13938db8-368f-4316-a696-816e77d1f398,eba884a0-963f-4f4c-a766-405c2e7051b2,12,41,185,interieur,
12590cfe-d510-4ce4-8f03-f04fde452fc9,1cca65c7-644d-4d5e-8bd1-3d22221165d2,12,40,177,interieur,
93107ca7-68f9-4b08-9548-a00a3e8eb980,a6b574ef-d31f-4610-8567-326bac1f6bfa,12,40,178,interieur,
cc186a12-14b5-448c-a4e5-0eea102d101b,7b12a15d-238a-4758-a968-7996006e3fb8,12,42,186,interieur,
84886c0d-accb-4c75-ae36-a288d97d8c4a,1f90d3ee-a315-4f01-9987-bfbf0e361d2b,12,41,183,interieur,
c83c7b5e-31da-4eb6-9a4f-c1d2367e7bfd,48e938a3-94fa-4bdb-b7c8-1414a6ec83f2,26,91,,interieur,
ab2cf1e9-4208-47a9-aab2-360c35a370ba,ba6f8d42-cfbf-4017-96f4-076198313458,29,100,,interieur,
7dced360-aa94-4b7c-aa92-319ce34120a8,e1353fee-44f0-4c1a-9140-e4af51372b64,20,70,,interieur,
8ef96582-82f8-45e2-8750-bacab3961f8d,ff78a259-3c74-4401-b73f-e58d05f7fdb0,18,61,,interieur,
7682516f-0c52-41ac-8715-efc0c7c185b7,be67dd0b-7dcd-494a-b29f-3d061ef5f0b9,30,105,,interieur,
a7d993ed-0201-4452-b799-27b659efaf31,be7252b6-c46d-4e2e-86a2-b8d006f9cab4,02,7,,interieur,
b850c437-e078-41ee-b484-1fe931fc079d,2c5e106d-041c-4b33-8c7e-5c8cd733e0ce,07,23,,interieur,
3fccaaa1-7cd1-49e1-9c9e-f85b9a336f46,2a7bc44d-3c2a-462f-a547-5d8db7731509,31,109,,interieur,
619f8a76-53d6-4be2-8e8c-815a3157cd63,99b4adf6-3d70-4c9e-aa52-b09047a25e13,12,39,,interieur,
6fc9abed-1dae-4237-990e-405b0e4557ae,260fcb8b-68e4-4b4b-aa69-5b9faa6b0db4,14,48,,interieur,
63c34ae7-d802-4314-be7c-4a56eaef9f98,a9d2b7c9-9a15-454d-8a97-93cd817e0fb1,07,23,96,interieur,
c57990c8-264d-4c0f-9035-ee627528109d,3bbfeaca-cc82-47ce-8c39-b0d46d367585,07,25,99,interieur,
a6e62cd0-8dbb-4c47-9463-e5874a8370af,a7e48508-7b65-4733-8eba-be7f8028e1d6,07,25,102,interieur,
dc49f4b8-ee7a-4bcf-86fe-376362d198f6,56a35fb7-e283-43f6-859f-ef95fbbdab18,31,108,499,interieur,
3fce90a9-b657-4df8-b48e-2e3c51a9e31d,651e5692-bd77-4df4-84fe-04335bd5f5c0,31,109,505,interieur,
43ab2396-6858-472a-aa06-6192e79be86e,bc1097a9-25e8-468a-9049-601ec73f5681,31,109,,interieur,
aba5d36a-e6f7-4dff-9e61-ab7e9055390c,8d46e329-ad4d-4a74-aefc-d428308661f5,31,109,504,interieur,
258a30f3-993d-4986-9d23-511779c6d577,81027a4a-33fd-48a6-a126-a915e5159b0c,31,109,506,interieur,
c8075c20-0a39-4f26-a082-1927eeae0550,9dc40828-621b-4fe1-b1f6-5a0d0e48213f,31,109,502,interieur,
9939dc9e-28ad-4a04-ad89-61716ed5474b,b3452da6-0f0d-48bf-8d9d-d40a145c78a6,31,109,503,interieur,
628b5624-7fb6-446b-9448-5d38e1893e19,8116432b-0427-4875-b6f8-83dfcb02dd90,31,109,504,interieur,
df4ce6f3-2d96-49af-b767-2d88749bcf68,45578d76-7ef7-4e9a-8b6e-5141b5ce6605,31,108,,interieur,
c87fad72-7d71-477f-8a71-820c73db0e07,0fc14f81-9196-4c39-af94-fd35842e6d93,31,109,505,interieur,
7e6f6f51-76df-408f-a484-e93b1bf1047e,44393c85-3060-42a7-93ad-9b177e130e5b,30,106,488,interieur,
b1f09fb5-0767-4162-8418-ed09981390b7,8816bc9f-1159-48c5-a096-200d266f18b0,30,105,481,interieur,
5756ca33-d193-45a6-9c2c-1e7f371d54f1,022a217a-6c6e-48f2-8a3a-1ece50535247,30,105,481,interieur,
204d7e7f-a2b5-449b-b6ec-ca317a710d4d,671287ec-2705-435b-aaf4-6d4730ad1f54,30,105,481,interieur,
7437ccb7-ecf3-4360-91c8-681f9f4722ca,4767725a-9d72-40bc-8d1b-2fa04ec5167c,30,105,481,interieur,
2ac80499-a2b1-4321-848b-5dcc5ee10678,0396a34f-6245-4f57-8cc1-7da2352f362d,30,105,481,interieur,
2688a223-19fa-4fcb-ac3b-1c89ccb5e8a7,36361bde-8b22-45ba-9d41-123acba15e3c,30,105,481,interieur,
4abccb24-237d-4bd3-a0a0-2d9ade3742a6,f9623399-0469-4849-a742-0cc761c8d6ae,30,105,479,interieur,
f0268554-9d26-466a-915d-f3458ecda83b,6f5cfdb8-2203-45c7-845f-75e6949a3814,30,105,481,interieur,
d3baa3be-f887-4e83-b6c8-20d5955d36a3,e8df4005-5291-4af3-8926-6b3937f78a4d,30,105,481,interieur,
b4e91321-7250-4250-bdff-a435dfb5f65a,513830eb-8994-4401-87f4-cb62f211174b,30,105,481,interieur,
b5b8a98e-59a6-4298-9a8a-5086ead5fda7,1eb32866-b25c-4cb8-a316-a97ef4881e66,30,105,481,interieur,
7c8676d0-78f5-45e4-9686-828452e74db5,596d844e-825d-498e-b969-cfdd7baea18a,30,107,490,interieur,
b27e8009-83cb-4f48-bce6-9bce5f9f5a28,c48b5848-dbcc-4d78-ab95-c05af4c7e317,30,107,495,interieur,
18831aa3-2a45-49c6-8f8f-34eb0c1f8201,96dc5970-b9ca-43fb-bc94-fbcd20a9a795,30,107,494,interieur,
f365aa7e-ce5d-472f-98b3-85aca8b9d70d,be3ed29f-4ccd-4d6a-a1bf-8a437bbcef88,30,107,495,interieur,
68be9e2b-0989-45e5-af78-1d46bc796886,a9991f13-a4a1-4402-b4c3-db93cccccf26,30,107,495,interieur,
7e25ff88-ad3d-4b19-9b7c-37b98c621040,173af767-d52a-4858-b1e9-d66aa98d4c3f,31,108,498,interieur,
086a9b55-e4c0-4be8-8680-53cdf425809b,8e384a67-a20b-4852-8eee-85066bbe08d1,31,109,504,interieur,
014370bb-eda7-4a92-ae03-4671aee7e220,e2d5faf5-1d3e-462f-975c-265e8a08bd11,31,108,497,interieur,
903878b9-d663-4445-ae43-b4bba30cc88c,0f8cedac-93bc-4a87-abaf-08069a9ae586,07,22,91,interieur,
6abfa38f-e305-41ad-a22d-da6339e6ee66,b21c7d8a-84fb-4024-9118-8e9fff601eea,31,109,504,interieur,
442b0f22-6bf8-40f5-a0bb-e9d1212ff52a,32e1679f-842b-4467-984f-0743df5e178f,31,109,507,interieur,
47b557bf-f4fc-453c-aa57-7c01882747ab,a8d828e4-5a27-49e1-9141-71c766758655,07,25,101,interieur,
f6296655-e2a8-4e6a-a8c9-c82a188dc05d,e67724f5-6bdf-4e23-b45d-0c0e18fd38a5,31,109,506,interieur,
d77600da-e814-4829-84f7-84b1687e42c2,ded1656d-c309-4318-8f90-3b769bff1233,07,23,96,interieur,
8e776fd1-c188-4753-83c7-842deefed09c,6e4fb9a3-9eca-4c35-b758-fd2af4b9fa6b,07,24,97,interieur,
fa45d37b-2210-4965-8d46-804365bcef30,f4bc460b-3aae-4f0f-8cb9-654f31d00434,31,109,503,interieur,
f99b13b1-61c7-4613-aa32-5d661bf598e9,43e36aa5-6985-47c8-ab45-fe43633cb582,31,109,505,interieur,
c5ab103e-f4b1-401b-aa30-8f41ba204272,e3511c48-84da-4168-b1ad-82dcb22c49cc,07,22,88,interieur,
24e85240-af68-4cd4-bceb-cfdfbdfb5ea3,5b236cc1-85ef-4a19-b6ea-f0b26a0f9e64,31,109,501,interieur,
06353047-67df-4376-a676-bbd152658873,68370cf3-0843-442f-9ed7-75d5bc82decd,07,25,99,interieur,
979e13a5-f00f-40d4-bde2-4e6a63a7e80d,a26391fb-7fc1-4cb6-b4cd-c965bd3b96c2,24,86,383,interieur,
0e27855c-2d6f-4586-ac15-606d5d737f5f,365abed0-de72-4df4-8557-01ef4b7d378a,24,86,383,interieur,
f8f658b3-9abf-4fdc-a28e-141a789648e3,1cc4ea15-053d-43d7-a375-c7da9bd0a50a,24,86,383,interieur,
94ddcc22-4cd2-467c-b18c-0dbf0a1d5837,ede0eefe-8571-45b3-8b80-c3b4d05277cd,24,86,383,interieur,
f08e56ad-19af-4e4b-aef7-e8191b91e02a,d6f395a8-ac6c-4dc9-8daf-c6c45cb9dcff,24,86,384,interieur,
3cb2cc3a-5624-4398-8808-7f9906fd937f,fea76af8-cf61-41ad-8f93-2cfc3ed86dcb,30,103,,interieur,
7c8eb632-d6d3-4f1e-9fc9-23c64f7c30f4,5cfaa479-09c5-4dcf-8514-94cdbe1ae919,24,86,384,interieur,
49075825-3c6d-496d-a5cb-25dea244a5d7,297d3891-083c-4f8b-b0d0-0d28501fd1bd,24,86,384,interieur,
5445bdea-4d63-4a4f-b203-ebf5d1ce64a9,ad86f329-5b5d-46f3-9726-f4d9209779ba,24,86,382,interieur,
6ad2105a-662d-4449-b2f6-2a6de3b6c60b,64baa3ae-46b7-4b5e-a0d3-fdec9bf97f9c,24,85,380,interieur,
b81fccd3-e06d-45ba-8b20-2592e94ee535,bef1d12b-77d6-453d-9236-2176fe1cbfde,24,85,380,interieur,
292a5cd5-9dfb-4c1a-9f93-42f8f5e5857e,fd3a3ee7-ef0f-462f-9c94-f60c0fd7c74c,24,85,380,interieur,
5bb41ef0-1ccd-47a7-8420-dedc16a985aa,c062d411-05d2-4c47-8a26-9440a9d391c0,30,105,481,interieur,
427f53ba-768b-41da-91e2-95f5c9726f44,8c493fda-e30a-4c96-9963-826718865c73,31,109,502,interieur,
d3016f60-2fb6-478e-ab5b-8eb9feac125e,3e5c8a7f-8d45-4c89-99c1-951ed5d20c69,01,4,19,interieur,
284abccc-c85c-4d16-8cde-ff61e9008309,30e57f17-53a0-4175-9eec-0697c29be8d9,01,1,8,interieur,
8bda3f74-3638-44d8-916e-6e194945e206,18e0a1ca-916d-42be-b869-cebcbb156b62,23,81,369,interieur,
4b6af59b-6013-4e74-972c-1473b111c953,96b397b8-c328-4222-930f-31fe75c34539,23,80,366,interieur,
7bd71222-b65a-4a83-8908-4d1d8bf998dc,be99deab-86e8-403d-83b9-f14a86addd8a,01,1,2,interieur,
61559229-11af-472a-b5d8-621bf7674115,a7a76bcf-011b-4c8e-bcf6-7aa28e0d3100,24,86,384,interieur,
30d5a598-2786-4f50-b5f7-bd7023bd2eb9,245e85e9-9c21-433e-8dfa-dc65cd5f1e9e,24,86,385,interieur,
397ba2d7-1aa4-4f18-ac79-7c7e20890137,69194eea-c432-470e-b860-7fe885ee8fe7,24,85,380,interieur,
fc849d98-1648-4c9f-a39a-4cf6ad2fd690,09165cd5-a4d9-4c56-a7e1-f714b51d9ea4,24,83,375,interieur,
ad7b80a8-fe95-4bf3-8ddc-5c8160c03b0e,995fa534-3697-47ee-afa6-801b320f0d86,24,83,376,interieur,
f758166a-9fe5-4785-a790-acdc145e2d27,4577e48e-b670-4557-8f77-2521c1fc554d,24,83,376,interieur,
86f403e2-7be5-4b24-8f7f-1d5c39fe070b,f50aa21f-2e6f-4158-a28d-cd567b97b6f6,01,3,15,interieur,
0f3efa82-dca3-4819-9b25-533b02d06350,11d4af2c-f398-4e79-86a7-7f9079813200,01,2,13,interieur,
72acd798-7d2d-4dce-b127-5c3d8a6b3ef3,d7e0e932-95ad-4141-9687-ca47b01807bd,01,4,16,interieur,
9fbf500d-e992-4451-882b-f3e848302152,dc9610c0-1562-4816-8eae-c6f21baf0d86,23,81,369,interieur,
eceecb26-66b9-4851-9684-eb199f02c5fc,6bb9679a-90c5-4dc1-bcf9-37ec8712cfcd,23,81,368,interieur,
cc330122-cfe8-4e72-bb22-d4eb48c57fea,f8fa2b4c-7e74-4bbe-8637-04affd48bb8f,23,81,369,interieur,
ec44168d-3f73-4ebe-8046-e4bf7a361e91,fff3d18e-72a4-499a-af9c-6b07af672902,24,86,382,interieur,
7bbca42b-e036-4484-a20d-66f2a82cb781,76fbfbb2-c70f-4c9c-9a29-bc2213d94684,24,83,376,interieur,
c6d0d3d3-894c-4acc-a080-352d01b95818,8acdc7d3-8d96-4e0f-a664-3a2cc3b695de,23,81,367,interieur,
13ea430e-642e-4c05-955c-bdaf974f8451,4d1b7db7-4547-476c-b737-30ce50c21126,01,1,2,interieur,
23ab31d6-aeb2-400b-a2ab-86f8d20eb8e8,685bceec-28b4-401b-9105-a9e33873ea5f,23,81,369,interieur,
9edf6cba-7c9e-4500-9885-f1292a927175,5d1e0c14-1b7c-461e-9ffd-0aa11907226e,24,86,382,interieur,
670734de-d672-4f9c-a30d-96f0e06592d2,fdaa0aaa-bc2a-4668-a710-2a43c9e0bb10,24,85,380,interieur,
079d9f83-aea3-4432-b5c8-01321a715489,97d69387-def4-43d5-a909-09d64d43fd6a,24,83,375,interieur,
3e7aa59a-d285-46ad-85a3-df515c21846f,d4738101-ad0d-415a-a510-e6ac85d6d9fd,24,83,376,interieur,
fb0c60c1-41ff-4239-84ea-3aa6b4722549,feac3e95-3c6a-487c-8692-14953a4b7852,23,81,369,interieur,
cdbc943d-b40a-4ae0-a0b4-92308c260a24,955e58b3-6943-487c-a5a4-dd79798d4226,01,1,2,interieur,
33375a10-6b59-4bdc-bfc0-073bd4ffc0e7,2a2d204e-343f-4c9c-b499-d70dd5266b9f,01,2,13,interieur,
b32ecd31-6ec2-44be-b8e9-f21e05cea057,e60d97fb-6994-40f1-ac33-e0daea9d077f,23,81,369,interieur,
2ef20863-b637-496f-9d86-bd56276183a4,ded64688-a985-4a6a-8edc-8145dd1605d1,23,80,365,interieur,
ac6d8841-9bfb-40ba-807d-14a07b3225ae,8d5c56f1-436d-4888-9838-abdd185c4c2a,20,70,314,interieur,2025-04-16
c19cc6b1-bf1a-41e5-baa8-8b7efd474785,172f43e3-0dc0-4749-aa88-75c29426da8a,20,70,315,interieur,2025-08-04
c9c30882-579d-4294-a13b-b610abc88a2f,2d43ecea-f526-4392-8899-401e0861b7fb,20,70,312,interieur,2025-04-16
5522665e-3cc6-483a-8b43-32122c445824,7c68198e-3b4a-4657-8205-11a5ccc532d0,30,105,486,interieur,2025-04-16
bd039856-c6e7-4018-a1c5-ee2304a293ad,53197986-108a-4b07-93e5-a9af2ada871a,02,7,,interieur,2025-08-05
1dbc51fb-2b19-4743-8f62-35cf0e971145,d0a6eaa4-8a20-4e35-8f11-a6001bef0640,07,23,,interieur,
d9c237be-f0c4-460c-b70f-f927837af214,be273bd4-74af-4936-90a6-65282fa9bba8,31,,,interieur,
171dff34-6600-4a87-8058-8d948e3e2fc2,3492c7fd-b4a0-4e49-bd13-f1725356f9b4,07,,,interieur,
b65cd594-25d3-494b-b161-c16214931fcf,99681be5-350c-467c-9655-1247c2faad90,31,,,interieur,
bcb28a6b-6d7e-42b6-a771-fa558d2b2c56,5a491096-7c55-40c2-a390-246b69b2efbd,31,,,interieur,
deb74eba-fa06-4b46-9841-db2bec241ccf,1dd67535-056d-4acb-92d8-768106546b4e,31,,,interieur,
a08116d6-3370-4c78-a63e-7759e1deb4f8,21c15fbd-3fe7-454f-8bbf-98d30c6c2166,07,,,interieur,
f4cd4fec-b859-42ad-ad06-bcb37afcb453,4f60e37b-2441-4afd-9680-25b72d61fc77,07,,,interieur,
c401ef15-656d-4483-b743-8345f0253e4d,73c468cd-5ff2-46fd-96e0-b45c4a97cac0,31,108,499,interieur,
734a3db4-0b57-471a-9f1e-cb0d1d93700f,4d9da3d6-a16f-41ab-8ef1-0e0d04a76190,31,,,interieur,
9e94cf51-9095-460b-87fe-4a5e856d2da7,8197e770-e0e4-42c4-9509-a26907b306fa,31,,,interieur,
5a021253-c58a-4c5f-ae80-d77b9134e237,ffa202b3-552b-49de-a011-0e142b2287c6,31,,,interieur,
5e91c3ff-40e7-42f9-bef2-88d2af203b63,d9d24f75-56cd-4d0a-b5df-b5005adc55ab,07,24,,interieur,
827d5cfb-a230-4d61-9521-29964466326d,b9432e12-0eba-4a01-b04d-bdf1364e899e,31,109,,interieur,
aa79324a-ae7a-4af5-976b-308f46dc5699,83371271-858d-482e-99e1-a4b7ca924ff1,07,22,90,interieur,
4456d823-9c9d-4ff9-a24c-092f8935e9a0,acb182b2-1fd4-4522-bd4d-d08bc6c900ac,25,88,392,interieur,
d67b19fb-2c9f-4efd-9558-228135ee2617,0c87e657-b7a2-42b1-a097-ffdbe21420ef,18,61,283,interieur,
375aa9af-b67c-412a-aefc-e62b41d73e52,a8754191-0f2f-4b64-b1a8-895d2a1ec4d4,22,78,357,interieur,
a519723a-e4ca-41e0-bf56-bcad8e96246b,56e1a4ae-5608-46d1-b374-f5a8b62dab4f,25,87,387,interieur,
b3d5a10a-01ef-48c2-9bea-3a1d87c827ad,5242e786-6262-4a8d-9586-6279c82fe704,25,89,394,interieur,
b3830902-a690-4676-b186-9769010a0837,115a98a9-357e-4fed-86da-25214d3212d9,22,77,353,interieur,
b746b9e5-6c91-467f-9fd2-b62d3243b4c6,01f3cd11-9c85-4a90-996d-7d2eef27f554,22,79,362,interieur,
babbff99-8fee-4ad7-b0a3-efc291ecb45f,051ed57f-d44c-41a2-a996-3dc8ea6e4fe0,22,79,362,interieur,
1cde72d2-5661-4b11-8a08-5e164574bc82,2bc8154d-3c1f-4ae0-ad9c-14c3074fcedd,18,61,286,interieur,
7a6a00dd-18c5-43ae-92d0-11516ed40880,09748e73-71c4-4131-8e6a-8d3e19fe0fc2,25,87,387,interieur,
cb9599b4-03dc-420c-8d09-304b7cd71520,db790f67-2eb8-45d0-bdbf-ebbbc927e4af,25,89,394,interieur,
84941e55-ec2d-4a2b-b673-8da7a0eabf0e,96f40e18-5fb5-417a-bd05-4f8ef66a7cf5,18,62,290,interieur,
06a6a961-7aba-4384-8a1b-4a78aef08550,08b4bb49-275b-49cb-b944-9dbb930154c5,25,89,395,interieur,
8e4f7e7b-11cf-4e05-bae9-cd9fb8fa6200,d656c3da-723d-4cbc-8b91-9adb3ced0da1,28,99,450,interieur,
21a5cf80-2ecf-41d4-87c1-0ff5793ab80e,b6ee1955-9649-4d91-84ff-02ef326998b3,22,76,347,interieur,
c083431d-4619-4664-b978-4c8959aaa2bd,8e6ba83c-d034-4836-8095-e748627a047f,18,61,283,interieur,
488a1c76-9048-4a75-b001-467ed943a511,b735db60-7d69-4124-a821-c1083a0611e9,18,62,291,interieur,
1d6b4cb9-c3dd-4eaf-b241-97bd205febbe,ec641f3a-bdc2-4a3c-8817-284ebc4ad5d5,25,89,395,interieur,
a5f44a51-eb26-43e7-93c2-655c39d568c8,581d589e-eb39-4dd6-8845-3af47801b0f8,25,87,386,interieur,
937d29cd-fd3d-4879-bb7b-a0a68320d569,f8d28125-ec32-4bfd-a9ed-252a5515f377,25,88,392,interieur,
27033418-6ad2-4552-bbf2-f408545064ca,b22fddd6-5606-40f0-a405-4a405fcf005c,25,88,391,interieur,
5148425b-c8ad-4642-a015-39c91bc6c3e1,7e3f0ab0-200c-4d2c-b0fe-671d03d20013,18,63,295,interieur,
4c13b70b-c6ae-40e1-872f-40a5a331f3db,b945142d-d1dc-44d4-b91b-a81e788a3233,18,63,295,interieur,
a31e33e0-706b-417f-8383-f7181a3f71cd,2768097b-3c50-4dce-8ba6-06122cd9dbad,18,61,285,interieur,
6f3268c5-91ca-4aa4-a60a-d7cf6368f03a,94cb2423-3c1e-424e-b73e-68b72d82ab0e,18,61,287,interieur,
4ce1ca1d-2bb2-4d7a-93e1-60880d61bfd8,0f0c01da-1c8a-4dd8-a7d2-eaa75c9b44c2,18,62,294,interieur,
b7d01550-0116-4c32-8e60-4d9724c7c7d0,f1b48cfe-479a-47d0-9b63-d0e2fd7a7607,18,62,292,interieur,
ecbcefbf-b1bc-411f-97a8-488faf3c9100,b41984d4-ce1a-4501-acf8-a628cb0b1670,25,88,391,interieur,
5677db91-5862-4fed-b4eb-7ae3427be46c,1024f676-f1ad-4905-9bbc-1f9dd5cb0883,18,62,292,interieur,
f00ee808-4d83-4a65-a75e-ab321f523204,12001212-f7be-48fe-bd23-b48153de8367,24,85,380,interieur,
2ab1f448-db84-469f-b3be-68494db84c9f,947e4049-a74f-4494-85c6-d9f3f18a2a36,24,86,385,interieur,
0726ccdd-e7aa-4215-8029-7a94b30f6622,7c8c0985-2a1e-4cb7-af7a-b02f950008ef,30,107,,interieur,
bc99de6a-56cd-4219-9200-ccc355c8abb5,f762ea94-b1e6-4bd5-9518-7cd24d1df8d7,30,107,495,interieur,
5f8e87ea-f11c-4dc6-b021-bcb203657723,97ff305e-83c6-4e12-87cd-5957d3d0a39e,30,107,,interieur,
ededd339-3994-4557-a84a-e81a760ab71e,7a88a361-b1c1-486f-a6ec-b565adecc2e5,30,104,,interieur,
7dcdc28f-4f3a-4219-bd30-a6ade0d8cc98,f025ea1f-204b-466e-8697-2a34704da063,30,107,,interieur,
c4111370-2ff7-4caf-b8f8-ff39cac790a1,a1874fa9-4294-495c-ae8b-d76b6f0e6e40,30,107,,interieur,
6b76542b-9868-4622-ab86-94342940f3b9,32554ba8-9c8b-40ba-b8d9-e0644d59ac5d,30,105,,interieur,
c02eff3b-20f9-49a2-8fe6-cd9ba7f4f260,7d68bdb7-fa10-45c8-9af9-bd3b4508ce32,30,103,,interieur,
48bad8fb-9fd9-42b9-a23d-cabcb0a9b3a1,d8a27c01-528c-48e5-a05a-1d714fcb4075,30,104,470,interieur,
2b3afbed-7f1c-464b-b073-1a689076e6cb,e6f9baf9-ce98-4118-ad07-b6eda9c064b2,30,105,,interieur,
1faf755d-bbb4-4b76-a51a-8a58794e38aa,bde3fa39-769f-4069-87ff-3b3ed0516308,22,78,356,interieur,
8fdf7375-be75-4857-a168-73264bdc29fe,8a95365a-bf68-40f9-805b-0c90991c47f9,22,76,347,interieur,
8e6bdf43-98ca-4c14-a991-408cc6c88200,f597308c-e37f-4ae9-a984-26e74c430916,30,105,,interieur,
0f7ad035-6301-4e33-bc0a-551325d880ec,e9ea1a7a-751b-4c09-bac6-a4606c8f014b,30,106,,interieur,
9b42a088-6802-4ad4-b67c-293263d19540,fbc711dc-64d8-4862-b4a7-e55dcdcb2a49,30,105,,interieur,
1700b357-3558-4dfd-be7c-abb802a0fe42,adee77c2-b959-4b8c-a9b2-e19ab9d708d6,02,7,34,interieur,
c1eebddb-3055-4a71-b677-4d88e4d6998f,2b937bf0-f55a-4d83-9c8a-8dc59088d71c,12,42,188,interieur,
52773a49-257d-4e76-9d0b-bd4ee642d328,8dd071a6-f9e1-47de-8163-ab8a9bc36e59,,,,siege,2025-09-03
348ad281-6246-4233-bb46-84de425e3da0,6115e182-c233-4cce-85ab-acc58f3979fb,,,,siege,2025-09-03
8ed9bd1b-a3f6-4d42-90cc-04570fb5655e,f250497b-a6a5-4eb4-a5f0-88d6a7417fa2,18,61,283,interieur,
5b7f1213-4623-41e8-99a4-fc412eaa5494,49c391aa-8bfd-4b14-a7fb-97b4d59353ae,18,61,283,interieur,
492f1512-fdcb-4b99-9baf-9b5a5f786215,48b6de84-247d-45f2-991d-89bb200ea516,18,61,283,interieur,
6d91de5c-5afb-4dd1-96df-ef8ee87d74c4,d403458b-2ea0-4ff2-a3fd-1d6e90ea7be5,18,61,283,interieur,
632bdb3c-98ec-4370-955b-773d58acf035,299e4323-d335-4301-a8c9-f3a15202388f,18,61,283,interieur,
4056e160-1ae0-4b4e-8a28-7d0dd5e8aadc,ab940d19-b98f-4508-b799-1c4521b69df3,18,61,283,interieur,
25a45695-2f65-402c-8d16-938e01024bd0,f58d47f8-0cae-48f9-a355-1e929fb7b38a,18,61,283,interieur,
5c0786f5-34ce-4d06-b8d5-234618c2f97e,9dbb7277-c331-4f13-9c01-6e823dbe1205,18,61,283,interieur,
e7ebac54-1e8f-40fd-ad40-31dcb62b8406,3634559e-826c-4fb3-b519-6c32215941bc,18,61,283,interieur,
c43b1487-860c-457f-bf75-432b67e14548,b2079eeb-7c30-420d-87a0-4a953cfbd7e8,18,61,283,interieur,
8470314a-ae47-4a24-8b9f-49cc58d2fe84,58e01859-8550-47d2-930e-5dfdd4da68f3,22,76,347,interieur,
f4c61a39-76be-4421-8d8f-a84e1c1dbc77,3c2e2e29-3ded-4f4a-8038-75fb0c7c70eb,18,61,283,interieur,
d7b4ab7d-0384-4714-b464-82100613d540,448f221c-b3a6-4c81-a872-8d49c3aa96d5,23,80,364,interieur,
5ddf886b-2eb3-4388-959f-9897c5cb5a40,76c3bd13-e5f5-4ece-9d7d-f20925077399,23,81,367,interieur,
8e41dc4c-b567-41a9-8456-7c0220dcc86d,ee398b06-319a-4f7f-b8ee-0378bc640938,01,1,6,interieur,
c8d851c7-1c6a-4cab-8bcb-7504ddacff9a,6b9e2e21-55c0-4b73-8b4d-5d99dce05f3c,01,2,13,interieur,
41ef60ff-db98-4e7b-82ff-f8ab9217064a,25dd8e10-3d44-4ab7-a531-e9613e1ec7ad,01,4,19,interieur,
cdd69ea0-2860-4dff-9a57-bc4c1c3673a7,72431103-1bf9-4137-8e9d-67ec219a5bc3,01,1,7,interieur,
4c3f4653-1042-4f1b-9f6c-e56edbde5b54,e3121541-b191-43ee-a68c-82ecac4c6828,01,1,2,interieur,
e6ec13fa-ec7a-4257-adf0-1e8cf0ea780a,0c8add33-a7c2-4138-b819-987a9efa9fcc,01,1,2,interieur,
6b83ce64-3a81-479c-86d0-cefcf61964ac,225b27a0-03cc-4a10-bedf-2c1ecbef0877,01,1,2,interieur,
69e65bd6-7b68-4034-81a9-8c2452fb5e62,0261626b-b25e-4642-b542-8a3a0d4e6096,01,1,2,interieur,
a016c763-c80f-4484-bad9-92963a621359,1bd1e123-01f7-4049-8e5f-4b1f86211e9c,01,1,6,interieur,
8809af40-0cff-45c3-8d97-906041a9fbba,7582fdd0-d6ad-4e89-a91a-04d8cdc251e2,01,1,2,interieur,
ab1a1f42-3ace-4639-9236-e41becd1437e,f7cfa687-7264-45e9-8ed5-29e80cc6e479,01,4,19,interieur,
ba66c3c5-e5d2-415a-95f6-c3dc8528a23b,5cfe0f4a-e18b-494e-a35c-20bc0c4d684e,01,4,17,interieur,
1896094f-4cc8-4f02-b374-6187a3e8e848,b60fe657-f045-4530-bc0b-8775c8ec6891,01,2,13,interieur,
50f03fda-e0b0-4164-8e8c-89ca16387e77,e8eb983c-d772-4fd8-9028-3aaae5f3967f,01,1,4,interieur,
eb04629b-a997-4ee2-8ade-333393c87969,a6edbff0-a461-4384-a875-a846925e50f7,01,3,14,interieur,
ac267e3c-e468-4980-a642-ec9893e976c1,045aa123-bcdb-46fc-aed3-e04d0ac5a884,31,,,interieur,
22f5679a-528d-4151-9332-7f9c4c976531,ea9545d6-498b-4e1c-86aa-a89dd66b93d8,31,,,interieur,
4c2126fc-8075-4996-a2ac-c2f7c624c576,6ebd74ec-f4f8-41dc-bc01-302d2dce6ca7,31,,,interieur,
c006fdb5-a2a8-4042-afcf-c901ad1025d0,a10af48a-6146-4e30-86ff-e576f9669875,31,,,interieur,
458f0066-f1e6-4701-8d77-9ed0e310ffe4,72a15247-26f5-4a7a-abf7-9b4da76ffa16,31,,,interieur,
46560839-9a3d-4c7d-b301-df3ae2d47668,b2adb7d4-9295-41cd-84f9-eb7a331d7366,31,,,interieur,
910d261f-93ba-44c4-999d-1d865dfd6cf6,15e2818c-5b0d-4f72-83f3-7f3aca1ee578,01,3,14,interieur,
4ee988cc-150f-4dc5-b585-a8003dc0731b,1942e8cb-4d47-4aec-9302-fa4eb50ae21e,01,4,19,interieur,
d33bee7e-9cb2-4ff1-94c8-e6dd2dfdd255,867f1143-a108-4849-9a45-19a8b746838f,01,4,19,interieur,
1d6c66bf-8c86-41ec-ae87-3d781abd547f,f6312109-9cb3-4f00-b72a-b0aeb863f62f,01,1,2,interieur,
26515931-9b92-40f4-a26b-093a5112104c,8c9f7a40-8b59-4cc9-ae23-cfce36d8a175,23,80,364,interieur,
875ec5ad-7a20-4bc3-b8f6-48b1b8f50792,126c5dfc-e03b-447b-a50d-9e60a9d615d9,23,82,372,interieur,
66af0049-6687-406b-9c4b-e9ac0f818f05,b9ab58bd-b366-4c8e-b213-ce02289a49ee,23,82,373,interieur,
ddeeae13-1229-440f-9ed3-ec89cdd6c894,ff29e881-e19d-441c-b16d-583af16e52d7,23,81,368,interieur,
7304bd3b-98db-4f9a-8d9e-23cfbfcdd091,8ab2e3db-eb48-4412-9c13-5f7785ae95b0,23,81,370,interieur,
c62fdd68-c043-4746-8efe-094b280cc915,6fa87a7a-8836-4487-8146-c437dbc15eda,23,81,370,interieur,
10313720-9003-468e-ae95-64932ca11ee0,595d1540-2688-4a06-bd51-dd2f7462a40e,23,82,372,interieur,
461ab83a-d5ce-4460-af72-3784fd47417a,344e3c96-fc75-4dbd-a7f7-3014b57a386c,23,81,369,interieur,
7b6117e1-dcf1-4fd6-8f71-e8799b3fdc71,f806a88e-172b-4389-b5b0-1e9d276916b5,23,81,369,interieur,
ca5a043f-2a74-4eb0-be92-40c3d4239ee2,f77a5fa7-746d-4dd0-b476-5f883d96c26e,23,80,364,interieur,
d4cfc8e6-6ff9-4cfd-b6ae-6fa13d927b08,ee4a5c8e-97cf-4ee4-b8ba-53316e3c8ba2,23,81,369,interieur,
e7995ecf-c4df-469f-9d4a-e3176568e474,827026b4-12b8-4c3f-a961-dfaed96ea8b7,31,,,interieur,
8381154d-fc09-47a1-b1a0-52954dd2ac8b,2d83019d-4de9-4ac8-a5aa-fc76782e6850,31,,,interieur,
ce38fc3d-8b8a-4557-b162-9b14e73d8e34,1a65e981-dcc3-4ba1-8075-e8a7527736cf,31,,,interieur,
50713e46-de9a-4407-847e-d66f325c8e0b,ebef72a4-7054-4430-8ca6-1562c5f51d23,30,104,,interieur,
93d50a99-e1e6-4656-bac6-24d4cda08ecf,a7c0895d-a402-4a0e-b60c-397d517ab3fc,30,104,,interieur,
8c37719a-a7ee-4674-b3c0-e31355f0559a,3e661fa6-455b-46db-944b-149fda63f148,30,103,,interieur,
1ba5fd78-8e79-4b03-a114-2476ef6daa5d,d8f20394-f297-4e58-a7b8-fd906770ea3e,23,82,373,interieur,
0a52eea7-eab4-4bd6-9664-ba1db773964f,71e33e6d-72f3-4f05-92e5-97a62c5b802d,,,,siege,2025-10-22
a5877750-f9ed-4f97-a927-da4e1913396d,84216fcf-1df9-4c08-b1cf-15a9437b5120,09,33,,interieur,
9f7ebc1e-37b2-40d5-b9a2-0a67725cd789,1569823d-dffc-43ca-adec-f8345a5dc6b9,26,93,,interieur,
f6152f31-6c6b-4db0-a082-c2d0e66b3515,ea0e277d-6dc7-4b48-92e1-ffe9ac2c6be0,09,31,,interieur,
00977b24-0983-4419-880a-8f3c0492b15c,c1736524-0f80-4a26-9922-fd3f764d9ab2,15,52,,interieur,
783a13af-280f-4503-b89d-43a55b015b17,3036071d-6e6d-486b-a179-b6d71599145c,15,52,,interieur,
51a7b197-d40b-43b9-ac0c-9f371ebe92c4,08dc3e4b-4d15-4821-99cf-46a3fbd308e4,29,100,,interieur,
f2674c5a-e038-4cb1-ad01-e862242b2771,91bb719e-2ced-4cb2-988a-a71c247b3658,09,32,,interieur,
cab496a1-c36f-4a06-be4c-9501c02a8506,4436c97f-a287-4942-b8f6-4f222f35e2a7,24,86,385,interieur,
ad04eb61-b709-4553-b0a0-c59e7d00e638,8492f273-630a-43b6-854f-03b13c3f0ff2,24,86,385,interieur,
7b6f5314-7e5d-47cd-875a-1c6888fdc0f7,0658bb29-6987-431e-81d3-da582ba4f8af,24,83,375,interieur,
0fa94cb6-ffc0-4431-ab20-f8397b2ca4d9,3de465e3-cbda-47f0-acb9-a0a8adfc7fc6,24,86,383,interieur,
e46f5e41-6faf-4154-b711-930fc1abe46c,070fa8b8-194f-42d3-a3f1-3a8481a0d5a1,24,83,376,interieur,
132983d0-e9c8-49bf-b97b-c938de89e86f,b199f20d-514f-4f10-84dd-2ab69eb3c5ee,24,83,375,interieur,
3362cb0e-ce78-4a77-aa6d-69673dd9ccc8,5368954e-6fda-4223-aa58-f3e4e716933c,24,83,375,interieur,
9668a416-7891-47d6-abd8-bbfebf9a4f0d,692ddd54-4011-4905-bee5-ebbe5f1713e4,24,83,375,interieur,
b358b1cd-aa50-490e-bb1f-da3966aea6e9,d94fca26-52f6-47b7-8b7d-234391edef1d,24,83,376,interieur,
92663a56-5a98-4b49-9d2e-133d2ad75261,bb59460f-cdc0-497b-a972-c24dcaf15ca3,24,83,376,interieur,
df6c73af-8f34-4191-b2c3-eace9ef8607b,6b81de9f-76d6-457d-b551-f0938e7e9e6b,24,83,376,interieur,
9eb1b6fe-6fed-4295-9b23-7d30ecb56200,ecb25ca6-c03c-4c4d-8117-7f664d144f85,24,85,380,interieur,
c502e7c0-4026-42a6-9556-e9e3c35c4be4,3004a9ca-b894-46a0-9a22-c448c983d742,24,83,375,interieur,
c1e2f617-7c3c-46a5-99d2-b98d399f19fa,00d6dc49-9173-4f68-bde7-a58a6308c76f,24,86,383,interieur,
d7b161ca-47a1-4081-918c-32b390b4d408,2238aa9c-fbf2-44bd-9b51-1ae0ae6a9488,24,83,376,interieur,
87993f8e-f549-4c4a-b384-be0f17cdb360,542e673e-42e2-4a94-b5ac-0d29b322d400,24,83,375,interieur,
fe13350b-7e10-4e33-b092-8676c859cdb1,da1950b0-9426-48a1-8d04-d2f6b0b23eda,24,83,375,interieur,
e7e0035a-39e0-4e05-afd4-86c9603f4e9d,cea79b5b-850e-4ac2-895b-ee1f8af4e3da,24,83,376,interieur,
51fae877-8343-4b7b-92a5-b28a60200508,9427cff0-2554-4800-a357-d5daa17c1ee8,24,83,375,interieur,
1bf3bb69-bc96-4488-8d29-385453a130e3,5cc71ae2-a42d-4a81-8f8a-8999a110956d,24,86,383,interieur,
8cc7cd28-5faf-4c15-93c7-c291f0a03ab7,012787bd-1924-4f93-b810-d080f70fea8e,24,86,383,interieur,
c4bb2920-e531-4b8b-9dd8-3d628306a402,bbe69c6f-de2f-4cd3-913f-4aee75f5f670,24,83,376,interieur,
c7c8e567-b65b-4f0b-b201-c697cf2eac08,2264deae-c0d2-4063-ade1-89978086f2e1,24,85,380,interieur,
fbd6d5d2-3ec2-43e4-8d56-13ec28a393ad,5c99012c-32d9-4dae-ba2e-06bb5d654b05,24,85,380,interieur,
365a1c3b-adfa-4d4a-866d-4fb61543ff0e,d7766179-5bfa-4e8e-a7f7-0b4e6945610c,24,83,375,interieur,
cfa6cd90-51cf-483b-8986-11bb308f9201,8c06ef66-bf65-4473-9e39-d56830bb3254,24,86,385,interieur,
a1c46e66-03bb-4418-a12d-540ad5c9779a,00cf434b-783d-453a-bdce-eb65917e0d77,30,105,,interieur,
d14e6e1f-c566-4504-af4a-4118931f8e7c,de2f71b8-b444-484b-8b82-a35cd9a1d09e,30,104,,interieur,
97c50fc1-cfd4-49cb-8651-26dacda30384,ec24a6bd-e3af-4f5c-9385-e8d7b830c457,30,105,,interieur,
6f81c984-469e-428f-995c-6a4b1c084bf6,f1ebb1c0-d116-4e86-b221-7faf4ad43036,30,107,,interieur,
e651c750-f062-4133-8441-b9be757f65a2,222415bf-7084-44bf-9475-57ab33b2de34,30,107,,interieur,
3d763f06-b181-4dd1-adaa-ee3cf53d4153,1e29aeb4-cc5d-4d67-9ea9-b00b43ea9585,30,104,,interieur,
9e258c09-6d0d-4a85-a65c-0709fc18a46b,6f9f8276-2947-48f2-9d4e-6b5e86b80ff6,30,104,,interieur,
dbaf53ce-e260-4260-b15b-09b56e26b357,1611f83e-833d-4589-96bd-bd348cd11018,30,105,,interieur,
7e244919-bccb-4162-a1c8-022e605879c4,9dd5b61a-2764-46d2-9a1c-873c106ebdb6,31,,,interieur,
5113f57f-0514-4296-8e59-d05228e5a758,ba9dc830-907f-48ee-9f5c-d5bc9a4585c8,30,105,,interieur,
1996f72a-bdcc-4f88-ad4c-46cddd163b71,4e544068-480c-4276-9e58-e228a636a044,30,107,,interieur,
8a599f4e-0050-4b7d-9301-24ed02cc4497,04b3a1d9-d695-49ea-b065-c51866bd812b,30,104,,interieur,
ca0cc177-a42f-4da2-be75-dc888eabf305,dfdf3ba5-e4cb-4031-8b80-654bf2045cc1,30,104,,interieur,
f534ccb4-c09a-4ccc-a6db-c62c4af46d4f,41f41ebb-560a-48e9-82e3-9ef75dfed864,30,106,,interieur,
c7ea12de-d18a-488e-9d64-f2edc8c14762,bb6ba479-1267-4ed2-b1d0-1a50f28fb5fd,30,106,,interieur,
f1ac4fa6-1044-4e6a-84cb-fcd8174683b6,025ca200-c8f8-4f4c-a503-26bea74f1320,30,104,,interieur,
0297e499-6f33-4365-a148-2e70760b489f,9e883433-fa38-4d80-8ab6-3c6a427d743c,30,105,,interieur,
7edc8d00-2769-4f33-a2e8-4d91d65851ab,f552e66e-8e1c-473c-add9-11e4847b2c08,30,103,,interieur,
73ceb45e-0cb2-4758-88be-7fa669a58ff9,db132a49-4dbf-4cf1-a138-a91301dcc844,30,105,,interieur,
69b548a7-a58b-4d78-a516-7bcb98567cd4,0fee78b2-eda6-4144-828c-2a60a3e1eae8,30,103,,interieur,
96f95dca-6303-4ea7-8e43-1c45b903893f,104712a5-3117-4edd-8c69-301176b53137,30,104,470,interieur,
0c9843cd-6c26-481e-8eb3-68101dc32d26,0dc0099e-ec0c-4765-8dee-f8a547748d61,30,103,,interieur,
4d8a4e2c-e907-470d-ab1b-155fc2de46e4,6d874500-c6aa-4d3a-a5ae-1b9458715806,30,103,,interieur,
470f482f-5ca1-4ec6-b4b5-8186e75c006b,308d088e-9a98-4d3b-9aa6-072836c34ea2,30,103,,interieur,
04f469b1-a656-4b6d-b3f4-21ccf3007bf6,b9d8508f-1529-48b3-90d0-dde5fd1b3d44,30,105,,interieur,
848abd83-2aff-4c55-ae69-e3ca38d0bde4,5c68b77c-c6a8-47f7-8a80-e5a10c78767b,30,107,,interieur,
3324c9a6-4c04-4a1a-9e99-789b4c34f970,0b002b51-6dca-4b19-a7a1-9f118c4e31c2,30,105,,interieur,
8859e0dc-4ea6-4a29-8b2f-9a420539d06d,c5f40214-a2a5-41de-adb6-65506645bf0d,30,107,,interieur,
cb376089-9fed-4880-9d8f-aaafc4247b86,4172332b-1729-4018-9ed4-97548954e25c,30,103,,interieur,
82130867-69f8-41eb-a1c7-e8af34e78c1a,124c984f-9101-4fc3-9cc3-87197b1b89f2,30,103,,interieur,
e3326e1c-18e9-4cac-b329-9f9f23b6f137,ac20f7e3-ddff-4cc0-8a5a-c1e6fa2cfb1e,30,106,,interieur,
c8a101ed-12f9-411b-979b-67f814164166,c688d5dd-6623-4d02-ae4b-25f5c6911dfd,30,105,,interieur,
dae18f44-d17e-4982-8e99-6d8b79cd7b64,25feb9a1-525a-496e-9576-093b19687f8a,30,107,,interieur,
8b4e842c-6b8d-4449-ae47-285c2e6ddb47,6b46237f-c1e3-4c90-9189-2d162e000797,30,105,,interieur,
dc3ce0a1-e959-48fa-8763-95ac3f366e8e,391b649e-cd51-4720-9c9e-6f0b5ee60200,30,107,,interieur,
705926a3-74d8-4c2b-8390-b193ae221970,7ff580ab-8c87-4779-9871-496696e4e843,30,104,,interieur,
6795cfaa-e4fd-4ff0-aaab-92079fc3d48a,da8f39d2-79ee-4141-86f7-a39f170bef39,30,106,,interieur,
2600f49a-30b4-4768-9e5c-229a1a1e9d07,0b6eaf4b-d573-4406-9b43-a23c0833fe8a,30,106,,interieur,
8b47c2cd-9b05-4e2c-a99d-b127adb99fce,0c67923b-dd41-4de2-bed9-6e6b7ff21e8e,30,106,,interieur,
e2c67d22-58bb-485e-80c6-3dcd66f1a0f5,f0dd6424-ea03-41ca-a27b-f5a92ea50da7,30,105,,interieur,
0160e750-14f6-455e-8727-ef0ba00d2415,524c53b3-eca7-4ca6-8d1d-1a98e2fe090c,30,105,,interieur,
366924fc-452e-404c-88b3-e06b88a2cf7c,0841f570-0175-4668-ac69-f89e19066ea1,30,105,,interieur,
d2a3c4cc-a01c-423c-a1cf-e67329925c25,61e839f5-97a3-4e3b-9720-3ec2b9f0df5c,12,43,,interieur,
fd2e81d3-e7ab-4214-8c33-f5eba432f37d,01eaaf6b-6da3-4f6c-b6ab-301f55623910,02,7,,interieur,
09ea68d3-3c9b-4371-a8af-56465831f460,0bd3d21b-34df-45dd-8c03-d57eb8d18d19,12,42,,interieur,
fa5efacd-c0e9-4eb4-9dc2-50178c43c670,46886de3-dc5d-4a35-9957-e16d46e502bf,12,42,,interieur,
53f44398-a4a0-4f15-95df-3c18e0b66ac3,b1938cb9-a2ff-4e51-aa15-fe8d5ab83f8d,02,7,,interieur,
370373ad-63a0-4e5d-9a28-e571a50799c2,bb74b4cb-19ce-4d8c-b51d-9b7ef3a8beda,12,,,interieur,
69b8f025-41d5-4ee1-92fa-b8ad5b40c698,09c0e340-99ec-4fc2-8ad4-a8f568b53204,,,,siege,2025-11-24
e6f159aa-2ca6-4f3b-9cdf-84292abceafa,ee766648-0f37-4cc0-bdb0-5da9021e7a82,,,,siege,2025-11-24
2cf77f22-9934-42bb-b126-805a3c1ad6d6,a50d5fe8-7062-477f-93f0-cb419b7a2da8,,,,siege,2025-11-24
06bfc282-ab90-4a78-bce2-d185aa1b7ed1,e366d64b-2d87-4b00-8297-ab29df4b239a,,,,siege,2025-11-24
d6361fa8-b7b9-4102-839b-d0cfda6f299c,52014c3c-49e2-4da5-a24c-3119b5e855e7,,,,siege,2025-11-24
67c39c52-a6c8-4835-9314-58b3b862cfed,8c48203a-1d31-464f-94dd-07bd8b481766,,,,siege,2025-11-24
7d88b3cf-c59d-403f-aa17-97423d0e165d,12c0def1-5a3c-4de4-bba5-929516d020e7,,,,siege,2025-11-24
bc0036cd-f0f8-494d-b5b2-f42741729c74,1b5d16a6-ac7b-4cda-80f5-6578c650f53c,,,,siege,2025-11-24
031548c3-496d-4260-a55f-b3866788aa62,7568fb1e-5a73-4c3a-b62f-4826245c3b92,,,,siege,2025-11-24
31e870ad-e463-4b56-a98c-283453037074,f4798e40-09f8-47cb-b0b4-ec50aceda554,,,,siege,2025-11-24
64c7cca0-8f48-480b-96d8-e5cc91d6cee0,f635c150-fbfa-4c45-ba9d-d2dce58b6b47,,,,siege,2025-11-24
beeaebf5-07d7-4188-8b5d-4654dab2d15d,09615b61-abd6-4746-9f60-315172ad4fa5,30,107,,interieur,
d1274e18-d0b2-48fd-b6b9-02527a77bd6f,2f9f0ecc-dce9-45e2-8545-52e7362c2701,30,103,,interieur,
9471bd20-7933-4ab3-83ef-4149662e3e55,046fda1e-1ed4-4e0a-93fe-2d3527386492,30,105,,interieur,
1c777a95-3320-4425-8f7b-32769a83e592,e7749eef-6a3d-4700-95c1-1630b0a9920d,30,104,,interieur,
06ccf802-edb7-4b2a-810d-cb67abd7d658,c5be79e1-1623-4dd9-bab1-f3207c8fa446,30,106,,interieur,
ba3af7ef-2469-4506-ad7d-032c5982fae8,b2c7ee22-f300-4f5a-9ddc-346ecd114fd0,30,107,,interieur,
c0530bb8-8eb1-4096-b754-5d1828b687fa,b12cdcb1-4db0-4fcb-baef-588030d1e577,30,103,,interieur,
d963fe92-03a4-4091-a6d6-91f5f55732ac,3aae8454-dd97-49a7-beb5-e70e7e3ffdce,30,104,,interieur,
be2982f1-0b0a-4429-bcdf-a0defe1d6144,b2eeb33e-30dc-4662-9fa4-d4dc2aff575e,30,105,,interieur,
beeb5f11-40db-4e19-9784-a64c1f2c14ab,5fa29a84-9cd5-4adf-bd89-c36527932691,30,104,,interieur,
09f7869a-c866-44a9-9035-a9dc7a65fb78,e7eb8d23-1913-46ca-a5ca-1dacb018067d,30,103,,interieur,
651305dc-3ca8-47a9-beee-e7e2e222e953,a075232b-a560-4959-b013-de2595cc7ec4,30,104,,interieur,
1d1e7f63-7ede-4b20-8de2-a5596812a665,e039298a-8b9e-4a05-b06a-1643090a7eec,30,106,489,interieur,
3123563b-a7ea-47f1-8cd5-206473bae7f3,f637af06-a666-4830-8033-5e2ce984f324,30,103,,interieur,
7fa84e4a-991b-42ae-8c3c-9a5942a473b3,075bc9f5-73b7-4c09-bef9-a047c5853283,30,103,,interieur,
0749d3d7-e588-42cb-893d-cc68d1c37ac6,5652348e-2019-413c-9417-41c324dca753,30,105,,interieur,
f97abdc1-5f2b-4043-b868-5783a6c16051,58676ccc-d154-4259-b801-0aac19b71bfa,30,105,,interieur,
e4556123-bd7d-43e4-bcda-3eab0a37ee49,f515e280-f43a-4ade-b198-795957f4bdd6,30,105,,interieur,
589cdb1f-0ba6-4263-8696-d5992c85e89a,4b731b93-bc3d-4c6f-8b25-9e99a7d70643,30,105,,interieur,
9ce8d532-519e-4112-9b3c-f852461f49c1,bb219806-b280-42f0-a53a-90f779b773fd,30,105,,interieur,
26077510-fbf4-4679-9b48-c8c33b0411f8,f82f7cd2-3065-4847-b142-b1c5397a92b2,12,41,,interieur,
179d1e4a-9c15-4ef3-bbde-05408df032b8,8817e3ff-aea0-4133-8611-54393ded597b,02,7,,interieur,
8735d8df-e8fd-48e4-8ff3-111c5ba0dbd8,484be5d4-08fd-43e7-a9c8-bec1aac72138,12,42,,interieur,
dcc8bcaa-4ede-469e-96a7-d8e576fb64c0,370d5a39-1347-4c37-b5af-929b3838400e,,,,siege,2025-11-24
36343ee5-8712-4e19-bef7-be7663a60780,f3b49255-a087-493b-9139-080491e362c1,,,,siege,2025-11-24
6aa2ad51-7031-44dd-a1a8-04a2370101b0,758239ee-c453-4d57-a34f-7b6ce33afc92,,,,siege,2025-11-24
ce013112-6fcb-4082-9fa1-d9526508b535,4f2bc9b2-d40d-4eff-ae78-1ae12e5834ae,,,,siege,2025-11-24
4ae909a5-c785-4460-a0cd-454befc5e846,6a224104-3bf0-4f66-ae6e-62dd9a3e42a1,,,,siege,2025-11-24
09829911-e449-41b4-bcaa-d5dc74167747,6aadd868-ce98-4e40-9dfa-fe65220235a0,,,,siege,2025-11-24
314372c2-82dc-4060-83b9-c79c0eba8af0,56b0ac98-c827-4cc1-a9bb-db7235095df7,,,,siege,2025-11-24
d0e051eb-6d58-48f2-b4e0-0deaef2948fe,17b5dca4-6239-4991-ab73-9acf6f22b606,,,,siege,2025-11-24
87344d1a-d41d-41dd-97a1-60c294024bf5,e927dae6-6eb8-47a9-af25-134c0d4f3b16,,,,siege,2025-11-24
57732807-a430-4c03-b7b8-9f5841902348,cd1734b1-6768-4076-992b-12d7badd5412,,,,siege,2025-11-24
779b0513-3158-478a-9511-8a68a5939c68,1c5f3119-0cd8-4788-a6d2-4f7b5c997fb0,,,,siege,2025-11-24
7133bf11-3384-4038-b280-841704fece03,f1a42fa0-b0d4-45d8-bf41-9355e6a35dad,,,,siege,2025-11-24
e66fb11f-77bd-4c80-999c-8756726a9461,f5c8d972-41a9-4719-b273-4295cefdd622,,,,siege,2025-11-24
90224ea1-be89-4572-87ca-67bccc36834d,fc308878-8751-4177-9421-23bf835f452a,,,,siege,2025-11-24
3b1e7d90-bf18-410d-a083-eb841abb796f,3fd2dc50-f478-40b7-879c-be7fd28e98aa,,,,siege,2025-11-24
85b05767-7fad-4dc8-9b62-77a32146cbd1,a4175f9b-ab8d-4a2a-80ba-11301ac758bf,,,,siege,2025-11-24
85473ae5-31a6-4726-8b33-385bef925a4a,a87ecd24-1b36-4a7b-a1f4-d51451e02a7c,,,,siege,2025-11-24
ebf727c9-5261-4347-bf62-5c595b6db64b,6c528fa7-4781-45e5-b0a4-9d95975da936,,,,siege,2025-11-24
98ee642b-99a7-4edc-b022-3656f196c565,4017f4de-8d7c-4fcf-a4aa-79f608b91bed,,,,siege,2025-11-24
3eeb09ca-ecef-47a8-b98f-873c562d7c0f,86ada6e2-3966-49fe-ae3f-45bdc7e17df2,02,7,,interieur,
74e5ef9e-9406-43e0-b594-0e5edb92df56,dff65a31-a2c4-43f6-8bb5-7f4791b6443e,31,,,interieur,
d4aa1424-307d-41e0-9400-28ecec27b1ae,e1905433-b1d7-448a-839b-ebaa21dec9c1,31,,,interieur,
5fbf5f52-fcf6-4c92-9a22-3eb8d23ca004,5b79f714-ab4d-49eb-8a4c-ce81e27d763f,12,42,,interieur,
aa97c9cf-69f6-4342-8902-342c4d1779d1,ab470530-398f-4163-826f-cc8f716d7720,30,105,,interieur,
7ddac555-0e3a-46bb-b3c6-327a4e5e1f67,97c6f8f9-b270-42cb-924c-b56a24ee98ea,30,105,,interieur,
628f039b-adf3-4232-a5f1-be5935b19de6,fce54a98-fe25-46e2-bb57-c444be7421a7,30,104,,interieur,
4f159a33-758f-4270-91b3-ad2adc66e4e3,61131bd1-fbc0-44ba-a49f-d077289a6b3e,30,104,,interieur,
66938f98-dd2d-42a0-bb23-82cd237716c9,2894ac3d-e85a-45a4-a312-654c369786a8,30,104,,interieur,
b520f51c-1bb5-4dad-aa8e-fba6f4674a4e,f29d19ab-74d9-4d08-8a55-6fabd600693b,30,107,,interieur,
fe7d6edb-65e9-4881-b453-32cef78bc70f,b40843cc-bb9b-4362-a2e9-ae6e0b95a17b,30,107,,interieur,
59c203ee-7fa8-4fc4-a989-ebb302090e7b,a9bb773f-d21a-40f5-a346-6b2a5d2403f7,30,107,,interieur,
91ef84e6-8ee0-44ce-8a93-b56176edfab0,681b8c0c-9113-4c62-ac5f-91dd9062c7b4,30,107,,interieur,
e886abcb-ead8-473d-baef-3abfd43cc194,c07d1852-7105-4800-8d75-59379cf1c2e8,30,107,,interieur,
07c40f8d-68ea-4dbe-9d1c-e2564b8ce0b1,c7fed197-4646-4c85-9f5c-050bc2a3c2a9,30,107,,interieur,
0f2c50c7-ace8-4ed8-a84f-2158a0dfe397,49497670-94a2-4d7f-a442-6b011d552a5c,30,107,,interieur,
7b6da5e1-cb04-4c21-9f7b-4543cad84fef,5fa041a2-02eb-400a-863c-cbe4b55576df,30,107,,interieur,
1b3db6f5-9515-4806-9d9d-2cfc97c76382,68ec33f4-1b36-43fd-bc53-d1766b863747,30,107,,interieur,
3536a9ca-c823-4e6b-a50a-7a9d242c322f,a2467790-92ce-486c-8d71-09ebb9970d59,30,107,,interieur,
07024479-4832-41eb-b185-4e649f433ea7,97441f57-df63-432d-904c-ddb09b75e834,30,107,,interieur,
ebd26cd9-8664-41a4-bbdc-c5a0a656c339,97b96178-5195-41b1-940a-314aa362cbe5,30,107,,interieur,
261135b0-187d-4d9d-a1aa-b03d09736aa5,b95df957-af28-448d-a42f-703978919373,30,107,,interieur,
9562c069-33a9-421a-b210-1751714bed41,1e349abd-cb90-4ebf-8ce9-c4a065e6dec3,30,106,,interieur,
8fbbf7cd-93af-441f-b699-cf396fbd395c,0c39af52-22fd-4f74-99ef-c20c8272537d,30,103,,interieur,
b5612b7c-419e-4ea1-8569-ad6577974254,05f9bf83-e5ae-4908-9ff0-c01f630ecacc,30,104,,interieur,
9abfda17-c0cc-4ff5-a148-6c90c36b1dc8,dc61f189-4a05-4d79-a465-6c2bd4f97821,30,106,,interieur,
1a291ebf-6ee1-47b4-8618-02e63908de66,3801dc05-f49b-488a-bc0a-32cc941b713b,23,81,369,interieur,
e50623f7-5cf4-497c-986c-ee8a679d4e32,036eacdd-70dd-476c-bb98-0b6acc8e15a2,01,2,13,interieur,
b34f3324-3014-4a77-944d-91241c41e84a,712664e5-0d78-4c68-a527-b7a4f793318a,23,80,364,interieur,
0022d032-0155-4ed4-b6e9-b01bf9d4cd17,9451e414-27f1-460b-b601-34cd135eb6d3,23,81,369,interieur,
41e662c8-12db-437e-a5c4-6b6633510581,a9642b10-4dda-4898-bdec-e15ee964fd66,23,81,369,interieur,
4c9a3745-2128-47ed-824a-f267e7df00a8,129bd0f5-8501-4ded-afb6-65d0e97d4047,23,81,369,interieur,
e20abec1-f55c-437b-ad87-2edbaa7f64e3,534f3224-baff-43c5-b39f-92d7393aa963,23,82,373,interieur,
1156ded8-15ef-4350-962c-49552f5a2992,d0d286ab-6946-4eaf-b7b8-eb5b2be210ae,23,82,373,interieur,
b51475c8-1fd9-41ea-8d8f-e13babd4bab3,37740e54-e9c2-44c6-b617-b2e9d10a39df,23,81,369,interieur,
c3b0e3c1-fb13-4ee2-9e05-3563edb33ae9,ab93bab7-d434-4526-a237-446b80aeeffa,23,81,369,interieur,
7d09bd5b-30d5-4a27-b4d2-c47dcb2f0bc3,35049467-aaaf-4585-9da2-59202e0de9e2,01,1,,interieur,
83a66e91-d348-48c3-b79b-271adc03843d,3c1848a2-b0f1-4b9e-8c73-3e7ee7ccb9d2,01,4,19,interieur,
cf9b4b00-f002-42ac-bb44-88eb96dcc68e,98897519-5196-49c2-a89b-5d8912ca3bf7,01,1,2,interieur,
b6b555a6-b51a-4d5f-92ef-b5100f99423b,cd330507-f900-4759-8109-26d1569d373a,01,1,2,interieur,
7d891120-5a2d-4ddc-bb72-260edaae83ee,6a446225-82d0-4d1c-8569-0c99f047154c,01,1,2,interieur,
80ae4086-3385-4411-9f07-cc7edc36a3e5,2d03f353-a2ac-4512-a204-ddf0e73568de,23,,369,interieur,
837aa1ae-826a-4cce-a088-1594c4640b0e,c0a54dec-8033-4f42-b179-ef7cc1604e89,23,81,369,interieur,
4e6ce47b-0155-4643-8318-8e85ab98b6b7,048a0c81-9f50-48cb-954d-cff97ddf8d44,23,81,369,interieur,
3129c32e-9a43-4870-8a98-92966ee5b4bc,8b66424a-75cd-48e1-a748-0a51e3f151e1,23,81,369,interieur,
a30d2c01-5be4-490b-acc1-a46b7bc7354e,dfacb34e-cbc0-494d-9b07-3c976bd26d62,23,81,369,interieur,
61dee960-1c6d-47ad-82c6-d6cb210a02d0,07c4f679-bf27-4e9f-bb1e-6ca1c36ceb37,23,81,369,interieur,
2d2ed03d-64f8-4078-a404-0ba3c256696f,f504f241-b669-4072-88fa-ec17392c8431,01,1,2,interieur,
44b4802f-a1ed-41f5-856a-0f2d676f502a,3d98cfbd-c8b7-4c99-8a2f-a059b097beac,01,4,19,interieur,
482d692f-e137-484f-b6be-68dc38e0706a,f505b4a0-436b-4533-8309-d72a600dc4bf,01,1,2,interieur,
beaef675-b582-491d-b6ba-b8445306342a,2792477b-5e18-49f9-be63-5e87fbfa2e4f,01,4,19,interieur,
7ff5f5d5-e8df-47db-b97d-dc2ebaa1d600,cf35f4a7-69cd-4496-b851-59ddf75931b9,01,4,19,interieur,
03dba1b6-f3d4-4aea-870a-13940067b1c9,824a2017-5010-46d8-884c-efd643f8ad7d,01,4,19,interieur,
07389046-ff82-4bc1-9548-055a67bc327b,581aa525-4eab-452c-9315-2be5ec7b2232,23,81,369,interieur,
593daf6f-5f8c-49c8-b726-8157cf1461f8,725500c6-8220-4964-9605-0fd481fcc157,01,1,2,interieur,
b2720bd3-31d5-4d4d-af8c-6bdd3365e0bb,2572c536-24f8-4a61-a34c-c119f9c82054,01,1,2,interieur,
6d62010f-8068-40be-9503-9e6290280fcd,4d30e5d2-6feb-4f10-8d30-934835fc95c3,01,4,19,interieur,
9457b41b-15b9-4f69-a160-53604c448cb7,ef14958d-ec9d-4883-9f7c-c7bcd3bef67a,01,4,19,interieur,
36c878bf-551a-4d88-9305-75459d2b37de,58283583-1d7a-442e-96a2-174556d57303,01,4,19,interieur,
bfda0d16-33da-4953-8bce-963f4a0eac64,70538e99-811f-48a7-9425-18bbd528066d,01,4,19,interieur,
4fce0e4a-d2bd-468e-bedf-ed2f904e6d92,ee537811-8a82-42a5-a470-879433b73be2,01,4,19,interieur,
5c147873-b970-435b-90b2-c13b112968d2,5ce3c0c8-c208-449f-b620-18c13df654cf,01,1,2,interieur,
c3cf7883-14b4-4608-a318-ef00167ea542,76da73f7-1e91-46b5-9bcd-355657e154ce,01,1,2,interieur,
56edebd4-54ca-445b-a982-88d2c591001b,7d2429cc-49b2-42e3-907c-343bbe3be0c8,01,1,2,interieur,
fe4fd552-3790-4253-8d9a-4aec3668883d,b0e555e8-62f3-41b7-b3ce-87f2b6b6145f,01,4,19,interieur,
1905eb4b-cbf2-4793-9dbd-89c36229a74e,4042109f-3b4f-429d-bc12-499ac857bc21,01,2,13,interieur,
096de68d-4ec3-4929-beac-feecf61e93b1,22ddbb0b-00dd-41af-b911-1aa1d863b00f,01,1,2,interieur,
a8a314f5-0eb2-4d35-89f8-a53e452439f5,0224086b-362c-4ab8-b90b-cc3ebcd2ab58,01,1,2,interieur,
18430cc7-7a1d-4d79-98e4-04c5d5143b84,d458d550-b055-49b8-a645-4d0fc5a53f67,01,1,2,interieur,
88125afd-fad4-4a93-b962-5fbfbadca062,76431dbd-b1b1-4f56-b7e8-21e8a44cdcad,01,1,2,interieur,
